feature	metadata	value	coef	stderr	N	N.not.0	pval	qval
semibin_SRR5930502.51	response	R	-0.477729996962795	0.283970604997263	453	212	0.0932000196997372	0.692027809315213
semibin_SRR5930533.9	response	R	0.285702371829865	0.232556933188162	453	138	0.219891302138177	0.692027809315213
semibin_ERR6281504.148	response	R	0.610166654776468	0.258547291451108	453	142	0.0187039076447226	0.692027809315213
semibin_ERR6279672.24	response	R	-0.344566550951331	0.193553952934128	453	80	0.0757149050428882	0.692027809315213
maxbin_SRR16554665.003	response	R	0.283073617240584	0.223984160876166	453	120	0.206952080602359	0.692027809315213
metabat_ERR6279614.12_sub	response	R	0.555151936383827	0.258515374835525	453	127	0.0322926582073014	0.692027809315213
semibin_ERR6232382.49_sub	response	R	0.461975175116546	0.2047652040153	453	131	0.0245447558454868	0.692027809315213
semibin_ERR6279675.47	response	R	0.456483356773725	0.237769355346619	453	176	0.055512342108355	0.692027809315213
metabat_ERR6232687.8_sub	response	R	0.433408278231706	0.245322681957042	453	166	0.077963571704771	0.692027809315213
metabat_SRR25825493.27	response	R	0.452168872496114	0.241694691611179	453	168	0.0620225918651992	0.692027809315213
maxbin_ERR6281499.002	response	R	0.539074973469185	0.2150052649546	453	112	0.0125199362974494	0.692027809315213
semibin_SRR11413691.62	response	R	0.410782983226764	0.239019002088281	453	71	0.0863702147050394	0.692027809315213
semibin_SRR6000945.4	response	R	-0.255277455023713	0.209792465615515	453	152	0.224316131218032	0.692027809315213
metabat_SRR5930494.64	response	R	0.37630849195112	0.236335588337008	453	164	0.112032714789727	0.692027809315213
maxbin_SRR11413649.010	response	R	-0.415535614650874	0.198940868785761	453	88	0.0372913155440594	0.692027809315213
maxbin_SRR13068842.057_sub	response	R	-0.401195350423192	0.180707347539104	453	79	0.0269057638286883	0.692027809315213
metabat_SRR20881978.24	response	R	-0.343318576423559	0.242676405501085	453	147	0.157844352680177	0.692027809315213
semibin_SRR5930502.48	response	R	-0.355857113521356	0.229157030150554	453	165	0.121153641853305	0.692027809315213
semibin_SRR16554630.20	response	R	-0.321219771361347	0.219684636634749	453	186	0.144388131284269	0.692027809315213
metabat_SRR6000877.7	response	R	-0.308288579384384	0.216275722113636	453	185	0.154723230207749	0.692027809315213
semibin_SRR13022308.4	response	R	-0.215483810866152	0.17350946004472	453	98	0.214918344181358	0.692027809315213
semibin_ERR2162217.22	response	R	-0.32924291437999	0.201205018083069	453	95	0.102464339844494	0.692027809315213
metabat_SRR6000874.30	response	R	-0.337089863655197	0.149750513655325	453	60	0.0248662160131543	0.692027809315213
metabat_SRR16554713.13	response	R	-0.261231178809315	0.210895792893606	453	163	0.21611338343931	0.692027809315213
semibin_SRR16168913.44_sub	response	R	-0.242392095751575	0.18671347639333	453	91	0.194884942374281	0.692027809315213
semibin_SRR6000900.32	response	R	-0.707790030584268	0.236089443530407	453	211	0.00286830532722493	0.692027809315213
maxbin_SRR16554755.007_sub	response	R	-0.246510376907531	0.152797127802584	453	94	0.107379350565551	0.692027809315213
maxbin_SRR16554728.024	response	R	-0.418608270712332	0.184387125762698	453	74	0.0236637429408556	0.692027809315213
semibin_SRR25825514.3_sub	response	R	-0.291275477637434	0.182649195956559	453	130	0.111477451335085	0.692027809315213
maxbin_SRR16554759.001	response	R	-0.345841486035852	0.18064934608335	453	86	0.0561969972666647	0.692027809315213
metabat_ERR6279651.8	response	R	-0.239981382071361	0.148475953372055	453	52	0.106729337378393	0.692027809315213
semibin_SRR16168903.11	response	R	-0.235623804565237	0.144153734778996	453	78	0.102849820491081	0.692027809315213
semibin_SRR25825508.4_sub	response	R	-0.204665498590612	0.151715912135273	453	62	0.178012521448174	0.692027809315213
semibin_ERR6267712.45	response	R	0.325722918013232	0.19148381779904	453	128	0.0896251774669789	0.692027809315213
maxbin_SRR16554647.003	response	R	-0.164980648071163	0.117533994592925	453	50	0.16110177232908	0.692027809315213
maxbin_SRR25825521.012_sub	response	R	0.273151050899267	0.142041368776643	453	102	0.0551045184015551	0.692027809315213
metabat_SRR23364233.36	response	R	0.221097138115306	0.165749202846214	453	116	0.182902600403596	0.692027809315213
semibin_SRR25825499.11	response	R	0.221070050941294	0.138049345718884	453	145	0.109999688815753	0.692027809315213
maxbin_SRR5930508.026	response	R	0.209142088732827	0.161830277210234	453	110	0.196897420912661	0.692027809315213
semibin_ERR6279671.24	response	R	0.231776382643937	0.129631224759622	453	141	0.0744601065725177	0.692027809315213
metabat_ERR6279652.5	response	R	0.196829056012502	0.103872994652645	453	133	0.0587520488921022	0.692027809315213
semibin_ERR6243877.10	response	R	0.20618070943959	0.138380194589463	453	136	0.136941977538173	0.692027809315213
metabat_SRR16168941.17	response	R	0.1373721174231	0.112295139638381	453	130	0.221857516160227	0.692027809315213
semibin_SRR16168929.15_sub	response	R	0.236665524429834	0.131985079983674	453	137	0.0736307046040956	0.692027809315213
maxbin_SRR23364240.011	response	R	0.206429733403407	0.117086669283192	453	133	0.0785768815057897	0.692027809315213
metabat_ERR6235716.8_sub	response	R	0.194719260330509	0.10940813675002	453	134	0.0757975325830203	0.692027809315213
metabat_ERR6279615.15	response	R	0.189558334580389	0.115093057439271	453	132	0.100262330697542	0.692027809315213
metabat_SRR16554713.7	response	R	0.204169882452968	0.167601245801614	453	107	0.223789891065518	0.692027809315213
semibin_SRR13068836.17_sub	response	R	0.183572507542492	0.133449421364923	453	139	0.16963716244026	0.692027809315213
semibin_SRR20881980.15_sub	response	R	-0.242349546883338	0.170404425279181	453	143	0.155662721799004	0.692027809315213
semibin_ERR6279661.5	response	R	0.202246279709106	0.140511308365559	453	141	0.150750185987671	0.692027809315213
maxbin_SRR5930521.014	response	R	0.19116103683078	0.129442265387128	453	132	0.140433617027693	0.692027809315213
metabat_SRR13022372.10_sub	response	R	0.277470147617398	0.168451070088483	453	121	0.100217569255554	0.692027809315213
semibin_SRR20881981.34	response	R	0.203810868460545	0.138593729787817	453	139	0.142114371937408	0.692027809315213
semibin_ERR6279655.40	response	R	0.213020300196057	0.133411508364402	453	134	0.111037342793495	0.692027809315213
semibin_SRR11413688.2	response	R	0.149828898858932	0.118374342051252	453	130	0.206273933336786	0.692027809315213
semibin_ERR6273965.5	response	R	0.169535540883069	0.139128148508196	453	128	0.223656742712067	0.692027809315213
maxbin_SRR13068818.010	response	R	0.242722543464812	0.140357663517751	453	97	0.0844379722579724	0.692027809315213
metabat_SRR23364184.15	response	R	0.162296149128601	0.127429585352916	453	126	0.20346344358898	0.692027809315213
maxbin_ERR12405958.009_sub	response	R	0.195632616791589	0.143650454178531	453	65	0.173923545217746	0.692027809315213
semibin_SRR16168913.31	response	R	0.181759598231458	0.108893606526794	453	127	0.0957898566737517	0.692027809315213
semibin_ERR6232458.16	response	R	0.238394831826503	0.154720587285084	453	125	0.124069571299978	0.692027809315213
semibin_SRR5930519.26	response	R	0.173767900230771	0.13720433351581	453	126	0.205998957602629	0.692027809315213
semibin_SRR11413688.65_sub	response	R	0.248711257636124	0.164063381679156	453	49	0.130234106489423	0.692027809315213
semibin_SRR5930536.88	response	R	0.206127767275236	0.155227828332062	453	97	0.184881313996645	0.692027809315213
maxbin_ERR12406009.001	response	R	0.186264446482668	0.0974606151795187	453	52	0.0566185325480212	0.692027809315213
semibin_SRR13068830.5	response	R	0.158661743579528	0.129429190387899	453	127	0.220899349736499	0.692027809315213
semibin_SRR11413606.8	response	R	0.154782927384648	0.127237058679431	453	111	0.224441077729121	0.692027809315213
semibin_SRR13068817.76	response	R	0.174890300077824	0.135190746259843	453	53	0.196446996174736	0.692027809315213
metabat_SRR6000874.13_sub	response	R	-0.219974063288833	0.170491691849484	453	80	0.197635059872026	0.692027809315213
semibin_SRR23364193.36	response	R	0.203241862438776	0.149082850693287	453	115	0.173479185447113	0.692027809315213
metabat_SRR13068853.24	response	R	0.211810555216322	0.145128159209444	453	106	0.145137183202143	0.692027809315213
semibin_ERR6279669.74	response	R	0.420114727921138	0.179006689223833	453	114	0.0193635252195621	0.692027809315213
metabat_SRR13068851.17	response	R	0.176208278843653	0.132095132717548	453	48	0.182894248113132	0.692027809315213
metabat_ERR6279627.10	response	R	0.193808981321265	0.136350373371904	453	74	0.155892132782312	0.692027809315213
metabat_SRR16168896.4	response	R	-0.252129361560895	0.158404098753083	453	71	0.112156229925426	0.692027809315213
maxbin_SRR11413646.009	response	R	0.136719624150924	0.108538802474036	453	47	0.208451969557812	0.692027809315213
metabat_SRR13068832.4	response	R	0.181794400577971	0.12562971546822	453	98	0.148579198689785	0.692027809315213
semibin_SRR20881980.56	response	R	0.16096256895716	0.126337557951534	453	94	0.203301009759225	0.692027809315213
maxbin_ERR6282070.040_sub	response	R	0.224633126922645	0.134821836228623	453	68	0.0963794152387522	0.692027809315213
semibin_ERR6233693.7	response	R	0.195832725938919	0.13492391069831	453	91	0.147361447982902	0.692027809315213
semibin_SRR16168945.59_sub	response	R	0.166496994988068	0.131069726784224	453	90	0.204641136171411	0.692027809315213
metabat_SRR16554687.19	response	R	0.171635270169932	0.128031213162207	453	65	0.180734899056774	0.692027809315213
metabat_SRR5930527.86	response	R	0.154311071644168	0.125278394933641	453	55	0.218687804128355	0.692027809315213
metabat_ERR6275676.3	response	R	0.181308099114408	0.121026869504449	453	46	0.134811711003878	0.692027809315213
metabat_SRR13068838.21	response	R	-0.226486823860491	0.177925486344767	453	80	0.203698439865723	0.692027809315213
metabat_SRR16168975.22	response	R	0.131128526157806	0.0903651583158498	453	71	0.147456354942085	0.692027809315213
semibin_ERR6279673.25_sub	response	R	-0.190984605387528	0.113815271582897	453	67	0.0940374075116509	0.692027809315213
metabat_ERR12405926.24	response	R	-0.191613380369906	0.111368799924693	453	66	0.0860247602657793	0.692027809315213
metabat_SRR13068829.36	response	R	-0.157479571725467	0.118270379108704	453	54	0.183690077850598	0.692027809315213
semibin_SRR11413607.11	response	R	-0.198610655533205	0.115841919247393	453	59	0.0871266996111604	0.692027809315213
metabat_ERR12406012.5	response	R	0.12870575338645	0.0927715910352318	453	61	0.166028355601366	0.692027809315213
semibin_SRR23364199.26	response	R	-0.236680457371267	0.109519430422998	453	59	0.0312164069964789	0.692027809315213
semibin_SRR11413613.11	response	R	-0.196327451852083	0.104077241354411	453	55	0.0598901851280592	0.692027809315213
maxbin_SRR23364183.002	response	R	0.226761050541899	0.144306025556204	453	52	0.116795189840494	0.692027809315213
maxbin_ERR6232523.003	response	R	0.170610151887024	0.12575739315087	453	60	0.175568691855926	0.692027809315213
semibin_ERR6267712.18	response	R	0.343575543049441	0.169496638331056	453	140	0.0432516475529086	0.692027809315213
metabat_SRR5930498.82	response	R	-0.327283395444531	0.18841322540773	453	95	0.0830626796163593	0.692027809315213
semibin_SRR25825510.41_sub	response	R	0.179326223544188	0.129448943940975	453	140	0.166651807100999	0.692027809315213
semibin_ERR6279674.8	response	R	0.174493987281835	0.136107862138813	453	136	0.200499199113377	0.692027809315213
semibin_SRR6000903.13	response	R	0.208869824561862	0.122971760391192	453	123	0.0901073415260428	0.692027809315213
maxbin_SRR23364204.024	response	R	0.157993859886287	0.111491230767183	453	123	0.157152978193825	0.692027809315213
metabat_SRR5930506.9_sub	response	R	0.159711738414087	0.128775497879938	453	127	0.215541172195303	0.692027809315213
metabat_ERR6243878.23_sub	response	R	0.19328180684606	0.100694364259927	453	120	0.0555600990334491	0.692027809315213
maxbin_ERR6279679.012	response	R	0.193863400207529	0.113454673927772	453	117	0.0881968245253758	0.692027809315213
metabat_ERR6279677.48_sub	response	R	0.204264000413264	0.121640290931083	453	118	0.0938045761623811	0.692027809315213
metabat_ERR12405950.7	response	R	0.221341426329113	0.118896769814794	453	58	0.0633091843317125	0.692027809315213
metabat_SRR13068843.53_sub	response	R	0.316051241582142	0.170311774832001	453	119	0.0641509236752029	0.692027809315213
maxbin_ERR6280910.023_sub	response	R	0.126302025434489	0.103847265267862	453	106	0.224540938128872	0.692027809315213
metabat_SRR25825508.34_sub	response	R	0.158567307021506	0.111216086073438	453	106	0.154637520291337	0.692027809315213
semibin_SRR6000900.14	response	R	0.300648315423121	0.150484112584535	453	48	0.0463326103689658	0.692027809315213
maxbin_SRR16168974.016_sub	response	R	0.113891916557098	0.0713988653081304	453	65	0.111387637891823	0.692027809315213
metabat_SRR23364216.19_sub	response	R	-0.217669616148749	0.137517159311799	453	56	0.114159560913236	0.692027809315213
metabat_ERR6279619.19_sub	response	R	0.11524993414859	0.0844481008870784	453	78	0.173021552326888	0.692027809315213
semibin_SRR5930529.2	response	R	0.125272017783335	0.0755558243293755	453	60	0.0980191577845154	0.692027809315213
metabat_SRR5930498.86	response	R	0.162514238805417	0.0996701313486188	453	61	0.10369471812102	0.692027809315213
metabat_SRR16554786.23	response	R	0.188482721284421	0.120503122670622	453	69	0.118491561020433	0.692027809315213
semibin_SRR20881987.25	response	R	0.0985855017073464	0.07839889007756	453	49	0.209234942352339	0.692027809315213
semibin_SRR16168929.20_sub	response	R	0.15895341619917	0.0890218649830991	453	52	0.074849379540664	0.692027809315213
semibin_SRR5930534.11	response	R	0.142653526981609	0.0744617844973787	453	50	0.0560295475616261	0.692027809315213
semibin_SRR5930498.62_sub	response	R	0.0993705987715714	0.0808858787299574	453	51	0.219895833957411	0.692027809315213
metabat_SRR13068848.27	response	R	0.118889127158264	0.0972442058581921	453	57	0.22212690258424	0.692027809315213
semibin_SRR11413690.7	response	R	-0.190309831135743	0.158077899046206	453	69	0.229260879807407	0.692941663360114
semibin_SRR23364199.62	response	R	0.162063495114769	0.134933996705411	453	144	0.230366244468123	0.692941663360114
maxbin_ERR6279662.030	response	R	0.157502626530628	0.130607282911108	453	135	0.228485603454165	0.692941663360114
metabat_ERR12405990.2	response	R	-0.238361313948172	0.207924039804766	453	74	0.252243485897449	0.703740238402116
metabat_SRR16554786.10	response	R	-0.210629133306534	0.179394089368207	453	91	0.240970645555342	0.703740238402116
semibin_ERR6264281.7	response	R	0.149462761010995	0.129716412518554	453	141	0.24984507229487	0.703740238402116
semibin_ERR6233695.43_sub	response	R	-0.20329844786439	0.176101061752027	453	157	0.248934492995711	0.703740238402116
metabat_SRR11413686.6	response	R	0.142550162386507	0.123649327306169	453	48	0.249579333134663	0.703740238402116
semibin_SRR5930501.2	response	R	0.165635436891355	0.140855270385505	453	112	0.240249504439194	0.703740238402116
maxbin_ERR6275667.027	response	R	0.141663237733353	0.12106868099312	453	74	0.242581612590387	0.703740238402116
maxbin_SRR11413653.009	response	R	0.156829682423591	0.136927612382201	453	47	0.252672691979483	0.703740238402116
maxbin_SRR16168941.009_sub	response	R	0.11166766757551	0.0968957397950454	453	65	0.249751310065946	0.703740238402116
metabat_SRR5930526.60_sub	response	R	0.0851652356524109	0.0728335556385071	453	50	0.242901432126375	0.703740238402116
semibin_SRR23364196.21	response	R	0.18943629729349	0.16949998024803	453	55	0.264325395203099	0.709902489974037
semibin_SRR13068844.35	response	R	-0.175704278051185	0.157156378933403	453	153	0.264156597561286	0.709902489974037
metabat_SRR6000947.37_sub	response	R	0.148288439456612	0.13083902311516	453	134	0.257669630495621	0.709902489974037
maxbin_SRR25825517.033_sub	response	R	0.130483865266494	0.116718310059009	453	117	0.264195275304007	0.709902489974037
maxbin_SRR5930510.007_sub	response	R	-0.116377858864486	0.103936628780329	453	87	0.263443944812892	0.709902489974037
maxbin_ERR12405962.011_sub	response	R	0.233710439809914	0.221805233611445	453	113	0.292597136905819	0.710325914611111
metabat_ERR12405981.15	response	R	-0.165603600735347	0.155330109484619	453	91	0.286935183202241	0.710325914611111
metabat_SRR16554646.5	response	R	-0.216542593161475	0.198466584565502	453	94	0.275820992829225	0.710325914611111
semibin_SRR6000905.60_sub	response	R	-0.249942056158762	0.239913279482395	453	143	0.298064805939185	0.710325914611111
semibin_ERR2162223.6	response	R	-0.187991145999781	0.17693649644648	453	113	0.288590472341554	0.710325914611111
metabat_SRR16554771.26	response	R	-0.201206185663544	0.192052750505887	453	183	0.295358649548422	0.710325914611111
semibin_ERR12405947.71	response	R	0.185348927728884	0.172122190341654	453	125	0.282126184260484	0.710325914611111
semibin_SRR16554730.5	response	R	0.148589835916876	0.135179852815406	453	146	0.272273246222608	0.710325914611111
maxbin_SRR5930522.022	response	R	0.135827281998813	0.126134905518294	453	137	0.28213329839972	0.710325914611111
semibin_SRR25825516.1	response	R	0.139884239807175	0.133618728038399	453	130	0.295716884983487	0.710325914611111
semibin_SRR5930523.22	response	R	0.146331383835589	0.140582352943264	453	105	0.298488017309988	0.710325914611111
metabat_SRR11413647.31	response	R	0.138353793519959	0.130850911603704	453	91	0.290927878357304	0.710325914611111
semibin_SRR11413657.102	response	R	0.144996913658654	0.133476572137037	453	87	0.277928381134647	0.710325914611111
semibin_ERR12405916.16	response	R	0.148838675245235	0.140007859347374	453	81	0.28832058671208	0.710325914611111
semibin_SRR23364171.72	response	R	0.124944224042532	0.116303701279215	453	67	0.283270640867082	0.710325914611111
metabat_SRR16168986.5	response	R	0.139163181804497	0.125693920896069	453	117	0.26882218278232	0.710325914611111
semibin_SRR13068818.12_sub	response	R	0.0978466284138281	0.0901484040098037	453	74	0.278333367516655	0.710325914611111
semibin_SRR13068834.14_sub	response	R	0.0904092919450685	0.0822936722738744	453	50	0.272526788295729	0.710325914611111
metabat_SRR11413649.62	response	R	0.194447926951974	0.190280444749207	453	88	0.30737636130213	0.726877433016358
metabat_SRR16554711.16	response	R	-0.100545425350675	0.098848845165359	453	47	0.309621473843992	0.727610463533381
metabat_ERR6281658.13	response	R	-0.139725241120253	0.137987325555093	453	87	0.311799031433548	0.728176619993875
semibin_SRR20881985.46_sub	response	R	0.0979361344217163	0.0971136385551195	453	55	0.313774523558916	0.728266795420694
maxbin_ERR6257997.027	response	R	0.168680553496363	0.171194650921803	453	125	0.325002667663286	0.734430286529974
maxbin_ERR2162209.017_sub	response	R	0.141908450646815	0.144379454071453	453	145	0.326196430453472	0.734430286529974
semibin_SRR16168920.5_sub	response	R	0.133809865961403	0.135564050788891	453	145	0.324148240266321	0.734430286529974
semibin_SRR20881986.74	response	R	0.142872046385978	0.143488935199873	453	112	0.319933300157976	0.734430286529974
semibin_SRR5930523.43	response	R	0.0826328254694205	0.0835611493556767	453	47	0.323252414958697	0.734430286529974
maxbin_ERR6279614.017_sub	response	R	0.112248499365688	0.114810686645944	453	112	0.328761147441772	0.735798758560156
maxbin_SRR13022336.003_sub	response	R	-0.249541705738626	0.261593910301953	453	263	0.340632287834873	0.744638024569258
metabat_ERR6275666.49	response	R	0.165738466494087	0.172724885717424	453	57	0.337795781725952	0.744638024569258
semibin_ERR2162202.11	response	R	0.163160754703178	0.170814541265545	453	116	0.339992731393662	0.744638024569258
metabat_SRR20881987.29	response	R	0.126055965354391	0.130533256855143	453	92	0.334717477299855	0.744638024569258
semibin_SRR11413689.110	response	R	0.0941969393321561	0.0995898944620626	453	50	0.344732397817722	0.749244980228113
semibin_SRR23364195.41	response	R	-0.304762209399294	0.327810382349554	453	274	0.353033759123	0.752542806004362
maxbin_SRR25825509.002	response	R	0.211470597825655	0.228485311010546	453	124	0.355184915448168	0.752542806004362
semibin_SRR11413653.25	response	R	-0.228948401523879	0.244673854186478	453	113	0.34991371156038	0.752542806004362
metabat_SRR13022323.1	response	R	0.152326759562298	0.166330858231929	453	118	0.360259853938258	0.752542806004362
semibin_SRR13022464.9	response	R	0.112638953422669	0.120530869111911	453	60	0.350534066205669	0.752542806004362
maxbin_SRR16168920.025	response	R	-0.12792401473794	0.139555475970168	453	74	0.359817453786451	0.752542806004362
maxbin_SRR13068814.028	response	R	-0.130237082775422	0.14133142084582	453	63	0.357284403031672	0.752542806004362
metabat_SRR13068834.30	response	R	0.116857252910751	0.128747909806151	453	88	0.364555467561473	0.755110139301048
semibin_SRR13068829.205	response	R	0.168016543736683	0.185481510639241	453	56	0.36550543976806	0.755110139301048
semibin_SRR20881976.80	response	R	0.115743759302262	0.1286120549533	453	50	0.368631117739944	0.757406012405568
metabat_ERR12405956.16	response	R	-0.236374939414683	0.269294466928003	453	153	0.380545227838551	0.767182990362176
semibin_SRR23364183.27	response	R	0.109573778100431	0.125097526437733	453	84	0.381551114887572	0.767182990362176
maxbin_ERR6281505.022	response	R	0.094627856972175	0.107978281606373	453	129	0.381306132337324	0.767182990362176
metabat_SRR5930516.94	response	R	-0.0910935422030575	0.10384154335169	453	83	0.380830556234797	0.767182990362176
semibin_SRR13022325.6	response	R	-0.228842408559603	0.271254605609496	453	291	0.399317980317179	0.769100381802085
semibin_SRR11413653.97_sub	response	R	-0.214889880925761	0.251877418235441	453	215	0.394030394976138	0.769100381802085
semibin_SRR5930507.29	response	R	-0.15296994698514	0.179677066719907	453	110	0.395023886204592	0.769100381802085
semibin_SRR8387683.16	response	R	-0.208679584810902	0.249277852226447	453	152	0.40295950855056	0.769100381802085
maxbin_SRR11413655.009_sub	response	R	-0.127880277795524	0.149552480006203	453	86	0.392959950151652	0.769100381802085
maxbin_ERR2162223.012	response	R	-0.149580668797229	0.174753435576096	453	122	0.392480561517203	0.769100381802085
maxbin_SRR16168926.008	response	R	0.0978252992606619	0.113411355001511	453	109	0.388837441757493	0.769100381802085
metabat_SRR11413685.32	response	R	0.0963643419966021	0.114058510493963	453	69	0.398636588436873	0.769100381802085
semibin_SRR6000893.60_sub	response	R	0.0988555504901489	0.117625239782589	453	49	0.401113756592908	0.769100381802085
metabat_ERR6279625.36	response	R	0.0972064472448342	0.112878003775867	453	61	0.389607562870281	0.769100381802085
maxbin_SRR8387707.004_sub	response	R	0.118739249853501	0.142512966977017	453	120	0.40518636069757	0.769444806173164
semibin_SRR20881976.18_sub	response	R	0.0713023024033542	0.0869971103161105	453	53	0.412885020467172	0.780124460782194
semibin_ERR6232458.12	response	R	-0.0980242103235196	0.121359965358442	453	70	0.419681776061331	0.789001738995302
metabat_ERR12405975.5_sub	response	R	-0.252908154284064	0.314596808017295	453	302	0.42187324161501	0.789175815160417
metabat_SRR6000949.51_sub	response	R	0.103134732825462	0.129590446084589	453	92	0.426540407567578	0.793956402204996
semibin_SRR25825509.21	response	R	-0.149271954233136	0.207829186350982	453	97	0.472979711953159	0.79729037877234
maxbin_ERR12406000.010	response	R	0.140896757330287	0.178969832758576	453	84	0.431541299576276	0.79729037877234
semibin_SRR5930499.112	response	R	0.154059381517023	0.200464318257145	453	181	0.442588395265486	0.79729037877234
semibin_SRR5930534.80	response	R	0.115540579568334	0.161734710411233	453	62	0.475359811335156	0.79729037877234
semibin_SRR20881988.7	response	R	-0.122297404717141	0.156073591477849	453	52	0.433693294637329	0.79729037877234
semibin_SRR13022424.5	response	R	-0.0873092741997767	0.120271473447968	453	56	0.468255989316735	0.79729037877234
semibin_ERR6279646.10	response	R	0.108322669260098	0.148058669433015	453	159	0.464784637810577	0.79729037877234
metabat_SRR16168982.24	response	R	-0.142948192127647	0.1856090228994	453	122	0.441611473235907	0.79729037877234
semibin_SRR16168909.12	response	R	0.106732437335262	0.142193901658568	453	135	0.453282023507626	0.79729037877234
semibin_SRR16554672.14	response	R	0.0983720886529694	0.130754747360854	453	53	0.452238811103501	0.79729037877234
semibin_SRR5930528.37	response	R	0.106536069919428	0.136571095115451	453	122	0.4357590420912	0.79729037877234
metabat_SRR16554669.41_sub	response	R	0.104905671468045	0.147455568306882	453	116	0.477182594850207	0.79729037877234
semibin_SRR25825502.21	response	R	0.0983677771512904	0.138879202969243	453	82	0.479128171582399	0.79729037877234
semibin_SRR6000892.71	response	R	0.107528346547078	0.143951167594549	453	105	0.455470093864711	0.79729037877234
semibin_SRR5930533.32_sub	response	R	0.124202628990211	0.170419150992774	453	53	0.466498445234433	0.79729037877234
semibin_SRR16554766.13	response	R	0.122061532822142	0.165688111233253	453	104	0.461692388392048	0.79729037877234
semibin_ERR2162216.32	response	R	0.118759430437716	0.160603648944601	453	73	0.460015471184827	0.79729037877234
metabat_ERR6232458.6	response	R	0.108782010134604	0.152657156939552	453	60	0.476468959190924	0.79729037877234
metabat_SRR16168974.17	response	R	0.0734642871154292	0.101770657201294	453	54	0.470756344957745	0.79729037877234
metabat_SRR13068843.68	response	R	0.0712904311434032	0.100671420085631	453	86	0.479222408517417	0.79729037877234
maxbin_SRR16168918.042_sub	response	R	-0.0723063149410277	0.101887395025782	453	84	0.478280163855231	0.79729037877234
metabat_ERR6279661.17	response	R	0.108467634431734	0.142272641879998	453	64	0.446225106361906	0.79729037877234
semibin_SRR5930536.9	response	R	-0.095983580619273	0.1272508291946	453	65	0.451072577484637	0.79729037877234
semibin_ERR6279669.146	response	R	-0.0813985703463711	0.109356771368881	453	49	0.457059833582229	0.79729037877234
semibin_ERR6281448.54	response	R	0.0889176924375504	0.126203753002129	453	47	0.481450776466012	0.797469127538416
semibin_SRR16554655.39	response	R	0.168564706688331	0.247507912043583	453	198	0.496192215126452	0.798767148099355
metabat_SRR23364235.43	response	R	-0.106191304134047	0.155845765490673	453	57	0.495976269864462	0.798767148099355
metabat_SRR16554744.3	response	R	0.123065532831087	0.180584894127914	453	113	0.495916795141798	0.798767148099355
semibin_SRR16554766.35_sub	response	R	0.0977408800504988	0.141305686905571	453	158	0.48948657019906	0.798767148099355
semibin_ERR6230326.3	response	R	0.0966058455718377	0.141066994374279	453	155	0.493811554331699	0.798767148099355
metabat_SRR16554771.5	response	R	0.0883704985678796	0.129848051605722	453	89	0.49649761346235	0.798767148099355
metabat_SRR6000905.24	response	R	-0.0659252585620226	0.0970056699103459	453	50	0.497105086849067	0.798767148099355
semibin_SRR6000910.14	response	R	0.0989739031599187	0.147956490487008	453	161	0.503880052233242	0.802791947625843
semibin_SRR13068843.60_sub	response	R	-0.0667979074466975	0.0993875918200029	453	66	0.501870820332216	0.802791947625843
semibin_SRR11413686.80	response	R	0.142746530898195	0.21587258606666	453	85	0.508797051326625	0.803813828986601
maxbin_SRR5930497.004	response	R	0.0600024591611749	0.090693684672131	453	47	0.508571033340836	0.803813828986601
semibin_ERR12405970.61	response	R	-0.0922076454077093	0.140629171975796	453	59	0.512365341653398	0.805792012379686
maxbin_ERR6279673.036	response	R	0.0585972373942292	0.0897871857574299	453	90	0.514335327050864	0.805792012379686
semibin_SRR5930498.73	response	R	0.100686286598073	0.155790081661458	453	109	0.518418214615038	0.808818459316408
metabat_SRR5930523.5	response	R	-0.107968527246189	0.16897321516667	453	105	0.52316862704752	0.812857040371353
semibin_ERR6279683.8	response	R	-0.117008759192593	0.184408311943327	453	97	0.526072431664297	0.814005079447637
semibin_SRR16168903.5	response	R	-0.0979211684511022	0.156165121647391	453	87	0.530954441398676	0.817053234758586
semibin_ERR6281434.39	response	R	0.0798557197877511	0.127800455685012	453	48	0.532388410946419	0.817053234758586
semibin_SRR23364229.5	response	R	0.0551899274968589	0.08903494231407	453	58	0.535660629478411	0.818733319853182
metabat_ERR6271721.58	response	R	0.076821745026121	0.124602860831603	453	46	0.537855001627573	0.818759030817682
maxbin_SRR6000869.050	response	R	-0.0882478003383414	0.144726439367236	453	89	0.542331523697381	0.822244568186351
metabat_ERR6271719.4	response	R	0.104433195055334	0.177500470828345	453	82	0.55659134587983	0.825792597724119
metabat_ERR12405933.43	response	R	-0.138034590576051	0.23768785934286	453	239	0.56170786481869	0.825792597724119
metabat_SRR16554662.30_sub	response	R	0.112255761529639	0.195364918103806	453	184	0.565852796381233	0.825792597724119
metabat_ERR2162222.11_sub	response	R	-0.0795351103571771	0.139487551719916	453	87	0.568830539389752	0.825792597724119
semibin_SRR16554633.6	response	R	0.0754051208688445	0.131763991024827	453	60	0.567421431079874	0.825792597724119
maxbin_SRR23364240.009_sub	response	R	0.0556690588287972	0.0972256460356956	453	79	0.567219766599816	0.825792597724119
metabat_SRR11413687.86	response	R	0.0714129867431508	0.119152418967512	453	52	0.549247462497007	0.825792597724119
metabat_SRR5930527.85	response	R	-0.0749131094373234	0.127094789161351	453	52	0.555872031310623	0.825792597724119
metabat_ERR6275677.54	response	R	0.0834067982799857	0.140312151138433	453	61	0.552518888988172	0.825792597724119
metabat_SRR23364213.66	response	R	-0.0726827847572676	0.123199845321133	453	50	0.555513993710449	0.825792597724119
semibin_ERR6267712.36	response	R	0.0685436789106205	0.120062705210322	453	55	0.568353846104574	0.825792597724119
maxbin_ERR2162217.001	response	R	-0.183267006262265	0.332933066371153	453	155	0.58227510933139	0.826171475881519
maxbin_SRR5930518.019_sub	response	R	-0.100903715822652	0.182269910893105	453	81	0.580131407185413	0.826171475881519
semibin_SRR23364206.58	response	R	0.066561130326914	0.120532790952409	453	59	0.581069134679277	0.826171475881519
semibin_SRR8387707.23	response	R	-0.0792978943526811	0.140364199446798	453	84	0.572393635878177	0.826171475881519
semibin_SRR5930528.71	response	R	0.0695071532841165	0.124162702997138	453	47	0.575889782315356	0.826171475881519
semibin_SRR6000899.37	response	R	0.0491118422039177	0.0879052640153921	453	49	0.576652596650056	0.826171475881519
metabat_SRR13022417.2	response	R	-0.111043179699611	0.204758045842211	453	146	0.587870523176011	0.828810884607252
metabat_SRR11413686.5	response	R	0.0691529011103089	0.131013617447258	453	58	0.597877011039614	0.828810884607252
semibin_SRR11413689.18	response	R	0.0740535746160536	0.136889653516985	453	96	0.58879626149518	0.828810884607252
semibin_SRR5930498.118	response	R	-0.0664664662989159	0.126506977480254	453	54	0.599565320779714	0.828810884607252
semibin_ERR6279676.4	response	R	-0.0585272814388075	0.110673553373916	453	73	0.59718747869332	0.828810884607252
semibin_SRR5930529.29	response	R	0.0602461781922061	0.112234571670101	453	52	0.591680134511277	0.828810884607252
semibin_SRR5930533.29	response	R	0.0599782350025122	0.113663268737455	453	50	0.597979858654458	0.828810884607252
semibin_SRR11413691.42	response	R	-0.0757233498256696	0.148602579488952	453	64	0.610603074390388	0.833887824635343
metabat_SRR5930536.13	response	R	-0.095433902617193	0.191022511360491	453	132	0.617604910959774	0.833887824635343
semibin_SRR16554716.24	response	R	0.0969577858804579	0.194867962290354	453	128	0.619039554958625	0.833887824635343
semibin_SRR16554765.35	response	R	0.0742224625362861	0.149103204315063	453	56	0.618873304227011	0.833887824635343
maxbin_SRR16554790.013_sub	response	R	-0.0837585726254108	0.164142951873465	453	78	0.610106676793172	0.833887824635343
maxbin_SRR16554733.009	response	R	0.0666844786635068	0.130185119141612	453	82	0.608742782278113	0.833887824635343
metabat_SRR5930534.8_sub	response	R	-0.047509940562496	0.0960172064780861	453	67	0.620980294941213	0.833887824635343
semibin_ERR6279669.45	response	R	0.0616152853657033	0.122231359955283	453	89	0.61444751949342	0.833887824635343
maxbin_SRR5930498.027	response	R	0.0540756733194402	0.110621733622142	453	96	0.6251996303042	0.83656605336078
semibin_SRR16554739.16	response	R	-0.0860957132637801	0.179546319378222	453	105	0.631803233534211	0.839427617699163
semibin_SRR16554790.42	response	R	0.0633101866764312	0.131661304112609	453	56	0.630851727337609	0.839427617699163
maxbin_SRR16554775.001	response	R	-0.0820841574292436	0.184667496979205	453	123	0.656897915695437	0.855261062941458
metabat_ERR12405930.6	response	R	0.0611850552629205	0.13752437721947	453	68	0.656604247602449	0.855261062941458
maxbin_ERR6232518.013	response	R	0.0605268053122615	0.13616157427888	453	164	0.656880794803548	0.855261062941458
semibin_SRR5930510.9	response	R	0.0477715007414191	0.106514425816049	453	58	0.654010296543877	0.855261062941458
semibin_SRR5930517.113	response	R	-0.05542438212778	0.123308240687992	453	113	0.653304810587914	0.855261062941458
metabat_SRR16554652.48	response	R	-0.0504986888147665	0.113774960529535	453	104	0.657368210611919	0.855261062941458
maxbin_SRR5930501.002	response	R	0.0744992781664711	0.184991779653543	453	80	0.68734871005465	0.858622746462505
semibin_SRR16554765.8	response	R	-0.0815992493321874	0.192109715854637	453	90	0.671220527291195	0.858622746462505
maxbin_SRR11413620.019	response	R	-0.0812362204679004	0.195540033948333	453	133	0.678014390549148	0.858622746462505
semibin_SRR20881975.0	response	R	0.0953786531462549	0.218490152839099	453	58	0.662657355873615	0.858622746462505
metabat_ERR6275681.8	response	R	0.0784049226351921	0.190834111632175	453	185	0.681375857192939	0.858622746462505
semibin_SRR11413683.102	response	R	0.0627101525243486	0.145431411445398	453	50	0.666528343247778	0.858622746462505
maxbin_SRR16554787.017_sub	response	R	-0.064210864812464	0.15579946521858	453	68	0.680434358226558	0.858622746462505
metabat_SRR5930502.31	response	R	-0.0676636740051046	0.159658554796712	453	63	0.671913516147979	0.858622746462505
metabat_SRR16168984.8_sub	response	R	0.0371228958349754	0.0882655581271069	453	55	0.674263010925682	0.858622746462505
metabat_SRR6000940.3	response	R	-0.0455698848314961	0.113158839464857	453	49	0.687354911396846	0.858622746462505
metabat_SRR16554766.13	response	R	0.0460922475644371	0.113067928514425	453	54	0.683724080797171	0.858622746462505
metabat_ERR6279655.36	response	R	0.0474323120770071	0.111525453297007	453	56	0.670818002492598	0.858622746462505
metabat_SRR16554674.5	response	R	0.117853467445668	0.319427073265601	453	291	0.712337517761256	0.876622722414096
semibin_SRR16554738.0	response	R	0.0679628667049094	0.194372319418916	453	191	0.726763099832596	0.876622722414096
metabat_SRR16554746.22	response	R	0.0571889365524474	0.164739296968462	453	98	0.728642577662068	0.876622722414096
metabat_ERR12405939.30	response	R	-0.0698920437052193	0.190757054404248	453	162	0.714244514744301	0.876622722414096
maxbin_SRR16168913.015	response	R	0.050528647185476	0.141699995880091	453	95	0.721566839701641	0.876622722414096
maxbin_SRR5930504.027	response	R	0.0364435952456758	0.102741216949374	453	50	0.722971020723917	0.876622722414096
metabat_SRR16554654.18	response	R	-0.0569796590553262	0.150579348492172	453	105	0.705309885821096	0.876622722414096
semibin_SRR5930518.30	response	R	0.0466339322610763	0.123881532796238	453	58	0.706767829046962	0.876622722414096
semibin_ERR6280907.75	response	R	-0.0674985394258912	0.181773088965789	453	68	0.710563983919376	0.876622722414096
metabat_ERR6279625.46	response	R	-0.0763341738787431	0.211429026493533	453	109	0.718240080570936	0.876622722414096
metabat_ERR6279654.11	response	R	-0.044728821259223	0.130564018147978	453	47	0.732073230952198	0.876622722414096
semibin_SRR5930518.8	response	R	0.0418284335583031	0.122053660257175	453	62	0.731980576888598	0.876622722414096
metabat_SRR20881977.25_sub	response	R	0.0300065326871633	0.0844374290170403	453	49	0.722480175098359	0.876622722414096
maxbin_ERR6233693.010_sub	response	R	0.0292900467032512	0.0874249257683029	453	63	0.737758387046279	0.880625884220321
semibin_SRR23364174.31	response	R	0.0363259056509494	0.109905526464428	453	56	0.741161615383726	0.881888504380636
maxbin_SRR5930515.007	response	R	-0.0528224663747792	0.167279447442702	453	83	0.752320601540725	0.889536308739977
semibin_SRR16168985.16	response	R	-0.0381474149272666	0.120339946855198	453	96	0.751394014702389	0.889536308739977
metabat_SRR16554779.30	response	R	-0.08747628757401	0.284823511689936	453	259	0.758891195463541	0.89157023762141
metabat_SRR6000907.39	response	R	-0.0484420783280173	0.159270376246066	453	119	0.761154378394874	0.89157023762141
metabat_SRR25825507.13_sub	response	R	-0.0393653040470057	0.127401781379041	453	67	0.757475657590724	0.89157023762141
maxbin_ERR6281500.022	response	R	0.0353927410775423	0.120320156520668	453	63	0.768775497096301	0.897700580460277
semibin_ERR6279614.29	response	R	-0.0428042362374911	0.153881320322426	453	77	0.781014913107063	0.907197544976107
metabat_SRR23364240.2	response	R	0.0308231169684173	0.111184075205097	453	55	0.781734054713454	0.907197544976107
metabat_SRR16554665.10	response	R	-0.0414958331527052	0.153769291288071	453	110	0.787393515424015	0.908159392022791
metabat_SRR6000874.22_sub	response	R	0.0347289221192999	0.127771595469104	453	50	0.785896878836533	0.908159392022791
semibin_SRR16554707.35_sub	response	R	0.0572470776357343	0.216808154310541	453	158	0.791866488976901	0.910525381820535
semibin_SRR16554786.37	response	R	0.0464222393144244	0.181488532358487	453	83	0.798232706709196	0.915047249154444
semibin_ERR2162202.9	response	R	-0.0277787573343754	0.111362655709151	453	47	0.803130922649175	0.917863911599057
metabat_ERR6281505.14	response	R	-0.0460979697890113	0.193564474080349	453	177	0.811871122059819	0.925041036043915
metabat_SRR16554626.7	response	R	0.0395686044832988	0.171281601411076	453	85	0.817408439542133	0.928536475129432
metabat_SRR5930526.41	response	R	0.0229410164406443	0.100765548110724	453	49	0.820008154575758	0.928683934097846
maxbin_SRR13022355.014	response	R	0.0521430280173775	0.243909851981332	453	281	0.830816163475155	0.929722849603149
maxbin_SRR16554707.013	response	R	-0.0427186610020119	0.193117299347216	453	114	0.825032404806509	0.929722849603149
metabat_ERR12405918.3	response	R	-0.0287450514739406	0.132234202276631	453	79	0.828011004539192	0.929722849603149
metabat_SRR13068828.29	response	R	0.0358370921612038	0.167446342440973	453	73	0.830627417341465	0.929722849603149
maxbin_SRR11413655.005	response	R	-0.0434028099657259	0.220997104157209	453	256	0.844389693265337	0.940382501857067
semibin_SRR13068839.7	response	R	-0.0270029343150463	0.142620601827715	453	92	0.849916580174534	0.940382501857067
metabat_SRR16168976.38	response	R	0.0244679445851758	0.129606980866886	453	46	0.850345879338837	0.940382501857067
maxbin_SRR5930506.016_sub	response	R	0.0228583594150909	0.119872216608691	453	86	0.848855165829911	0.940382501857067
metabat_ERR6243880.3	response	R	0.0348109146388083	0.195548512489007	453	182	0.858790123278031	0.944166919159472
semibin_ERR6279621.6	response	R	0.0201336012494911	0.112420341133282	453	58	0.857946102804066	0.944166919159472
semibin_SRR5930511.52	response	R	0.0375441049020224	0.221786715317951	453	189	0.86565222780111	0.948936552924832
semibin_SRR16554706.23	response	R	-0.0432425091133942	0.274869884609702	453	283	0.875063482900817	0.953692375567267
metabat_SRR16554765.17	response	R	-0.0191693049008807	0.119886322387431	453	47	0.873035895137662	0.953692375567267
semibin_SRR11413608.137	response	R	-0.0291758395662458	0.198011465643166	453	173	0.882926477121697	0.95414455100805
metabat_SRR16554633.8	response	R	-0.0190315537334809	0.132237856149911	453	74	0.885628851866515	0.95414455100805
semibin_ERR6279665.27	response	R	-0.0167630423297434	0.11243162733645	453	60	0.881545192294225	0.95414455100805
semibin_ERR6231475.0	response	R	0.0136131628516294	0.0928252113075282	453	48	0.883471079440416	0.95414455100805
metabat_SRR6000907.1_sub	response	R	-0.0223816316778815	0.162920631897499	453	90	0.89079402149506	0.956967291663264
semibin_SRR6000905.32	response	R	-0.0125625855879079	0.0989377019264888	453	48	0.899017189211305	0.963049752545444
semibin_ERR12405939.29	response	R	-0.0305949631139005	0.263292564428666	453	271	0.907544948927387	0.966676772795177
semibin_SRR25825502.47_sub	response	R	0.0197699687787465	0.167402692960913	453	80	0.906042401750499	0.966676772795177
maxbin_SRR5930501.087_sub	response	R	-0.0195047121912522	0.176003641984313	453	137	0.91180868877418	0.968474765477661
metabat_ERR12405970.10	response	R	-0.0206047282977476	0.194091243252775	453	155	0.91550285990063	0.969659367106019
metabat_SRR13022352.3	response	R	-0.0245304666124578	0.259664368941914	453	267	0.924778086969961	0.970203084533485
semibin_ERR6264280.18	response	R	0.0184190133570769	0.194114499870664	453	179	0.924446645709484	0.970203084533485
semibin_SRR16554653.1	response	R	-0.0119420322486601	0.133794837776027	453	48	0.928917846893762	0.970203084533485
semibin_SRR16554627.102	response	R	0.00898857750270867	0.098628322833704	453	52	0.927425115296462	0.970203084533485
metabat_SRR23364191.23_sub	response	R	-0.00820379667960754	0.0909065947092744	453	47	0.928133345571226	0.970203084533485
semibin_SRR11413679.4	response	R	0.010760891030984	0.128262913209555	453	62	0.933175615395833	0.971950225453832
semibin_SRR16554671.9	response	R	0.0110827554772079	0.191259894595646	453	179	0.953817381218299	0.974552541679567
maxbin_ERR6279655.020	response	R	0.0114879226267262	0.181233816867235	453	177	0.949486317815243	0.974552541679567
maxbin_ERR6279658.017_sub	response	R	-0.0121212029209995	0.176831900527439	453	133	0.945381186735485	0.974552541679567
metabat_SRR13022401.12	response	R	-0.0075519474342666	0.126456875155238	453	76	0.952405514109761	0.974552541679567
maxbin_SRR5930495.007_sub	response	R	0.00645712099756961	0.0957096825332337	453	73	0.946241176684732	0.974552541679567
semibin_ERR6273965.44_sub	response	R	0.00924490726238541	0.126652649705739	453	47	0.941843232249124	0.974552541679567
metabat_ERR6281518.58_sub	response	R	0.00774520525894813	0.106859805335494	453	46	0.942252127673442	0.974552541679567
semibin_SRR5930504.118_sub	response	R	-0.00537098055388759	0.113801181532563	453	49	0.962377865501567	0.980634356175038
semibin_SRR20881983.19	response	R	-0.00414112353595652	0.113584138207265	453	47	0.970932822060731	0.986677678634689
semibin_SRR20881980.162	response	R	-0.00282148556837403	0.113363831514494	453	53	0.980154756605877	0.991041098035147
semibin_ERR6279672.17	response	R	-0.00252769421524637	0.103348171674888	453	49	0.980498107630517	0.991041098035147
semibin_SRR5930509.30	response	R	-0.00208772059809525	0.117796421863535	453	49	0.985867604579949	0.991139623855777
maxbin_SRR16168984.014_sub	response	R	-0.00183741280850018	0.0939816960390926	453	53	0.984410425285461	0.991139623855777
metabat_ERR12405985.2	response	R	0.00166465755768278	0.199005520927205	453	185	0.993329585204611	0.994863093003045
maxbin_SRR5930494.018	response	R	-0.000616776053251806	0.0957460824670316	453	50	0.994863093003045	0.994863093003045
