sampleid	dataset	format	type	num_seqs	sum_len	min_len	avg_len	max_len
SRR25825493	Tsakmaklis_2023	FASTQ	DNA	24,395,212	3,683,677,012	151	151	151
SRR25825494	Tsakmaklis_2023	FASTQ	DNA	33,314,561	5,030,498,711	151	151	151
SRR25825495	Tsakmaklis_2023	FASTQ	DNA	24,806,862	3,745,836,162	151	151	151
SRR25825496	Tsakmaklis_2023	FASTQ	DNA	24,909,075	3,761,270,325	151	151	151
SRR25825497	Tsakmaklis_2023	FASTQ	DNA	30,530,608	4,610,121,808	151	151	151
SRR25825498	Tsakmaklis_2023	FASTQ	DNA	23,791,924	3,592,580,524	151	151	151
SRR25825499	Tsakmaklis_2023	FASTQ	DNA	25,505,229	3,851,289,579	151	151	151
SRR25825500	Tsakmaklis_2023	FASTQ	DNA	28,087,928	4,241,277,128	151	151	151
SRR25825501	Tsakmaklis_2023	FASTQ	DNA	22,899,575	3,457,835,825	151	151	151
SRR25825502	Tsakmaklis_2023	FASTQ	DNA	29,718,535	4,487,498,785	151	151	151
SRR25825503	Tsakmaklis_2023	FASTQ	DNA	34,882,844	5,267,309,444	151	151	151
SRR25825504	Tsakmaklis_2023	FASTQ	DNA	35,821,047	5,408,978,097	151	151	151
SRR25825505	Tsakmaklis_2023	FASTQ	DNA	28,219,134	4,261,089,234	151	151	151
SRR25825506	Tsakmaklis_2023	FASTQ	DNA	24,934,871	3,765,165,521	151	151	151
SRR25825507	Tsakmaklis_2023	FASTQ	DNA	24,019,934	3,627,010,034	151	151	151
SRR25825508	Tsakmaklis_2023	FASTQ	DNA	22,537,138	3,403,107,838	151	151	151
SRR25825509	Tsakmaklis_2023	FASTQ	DNA	29,097,324	4,393,695,924	151	151	151
SRR25825510	Tsakmaklis_2023	FASTQ	DNA	32,277,915	4,873,965,165	151	151	151
SRR25825511	Tsakmaklis_2023	FASTQ	DNA	31,362,877	4,735,794,427	151	151	151
SRR25825512	Tsakmaklis_2023	FASTQ	DNA	21,552,352	3,254,405,152	151	151	151
SRR25825513	Tsakmaklis_2023	FASTQ	DNA	25,879,009	3,907,730,359	151	151	151
SRR25825514	Tsakmaklis_2023	FASTQ	DNA	21,181,690	3,198,435,190	151	151	151
SRR25825515	Tsakmaklis_2023	FASTQ	DNA	22,732,069	3,432,542,419	151	151	151
SRR25825516	Tsakmaklis_2023	FASTQ	DNA	30,145,279	4,551,937,129	151	151	151
SRR25825517	Tsakmaklis_2023	FASTQ	DNA	28,469,191	4,298,847,841	151	151	151
SRR25825518	Tsakmaklis_2023	FASTQ	DNA	24,831,096	3,749,495,496	151	151	151
SRR25825519	Tsakmaklis_2023	FASTQ	DNA	30,550,588	4,613,138,788	151	151	151
SRR25825520	Tsakmaklis_2023	FASTQ	DNA	30,379,755	4,587,343,005	151	151	151
SRR25825521	Tsakmaklis_2023	FASTQ	DNA	27,290,442	4,120,856,742	151	151	151
SRR16554624	Spencer_2021	FASTQ	DNA	17,024,652	1,687,982,403	36	99.1	101
SRR16554625	Spencer_2021	FASTQ	DNA	3,383,552	502,358,443	36	148.5	151
SRR16554626	Spencer_2021	FASTQ	DNA	7,547,911	1,123,518,727	36	148.9	151
SRR16554627	Spencer_2021	FASTQ	DNA	23,212,916	2,289,744,186	36	98.6	101
SRR16554628	Spencer_2021	FASTQ	DNA	23,441,560	2,319,991,935	36	99	101
SRR16554630	Spencer_2021	FASTQ	DNA	21,318,914	2,104,931,327	36	98.7	101
SRR16554631	Spencer_2021	FASTQ	DNA	4,737,823	702,955,275	36	148.4	151
SRR16554632	Spencer_2021	FASTQ	DNA	26,063,328	2,574,155,329	36	98.8	101
SRR16554633	Spencer_2021	FASTQ	DNA	22,728,785	2,254,777,128	36	99.2	101
SRR16554634	Spencer_2021	FASTQ	DNA	23,943,442	2,362,355,638	36	98.7	101
SRR16554635	Spencer_2021	FASTQ	DNA	6,919,483	1,027,327,395	36	148.5	151
SRR16554636	Spencer_2021	FASTQ	DNA	20,514,956	2,009,107,048	36	97.9	101
SRR16554637	Spencer_2021	FASTQ	DNA	7,759,211	1,156,789,413	36	149.1	151
SRR16554638	Spencer_2021	FASTQ	DNA	21,188,397	2,084,060,487	36	98.4	101
SRR16554639	Spencer_2021	FASTQ	DNA	17,204,387	1,680,112,991	36	97.7	101
SRR16554640	Spencer_2021	FASTQ	DNA	21,367,896	2,117,709,210	36	99.1	101
SRR16554641	Spencer_2021	FASTQ	DNA	25,461,049	2,525,337,275	36	99.2	101
SRR16554642	Spencer_2021	FASTQ	DNA	5,287,443	787,680,275	36	149	151
SRR16554643	Spencer_2021	FASTQ	DNA	5,650,908	839,680,327	36	148.6	151
SRR16554644	Spencer_2021	FASTQ	DNA	3,907,000	579,632,768	36	148.4	151
SRR16554645	Spencer_2021	FASTQ	DNA	5,339,394	793,618,463	36	148.6	151
SRR16554646	Spencer_2021	FASTQ	DNA	4,673,870	691,969,238	36	148.1	151
SRR16554647	Spencer_2021	FASTQ	DNA	24,080,709	2,384,569,843	36	99	101
SRR16554648	Spencer_2021	FASTQ	DNA	5,729,507	851,465,725	36	148.6	151
SRR16554649	Spencer_2021	FASTQ	DNA	7,163,754	1,063,689,467	36	148.5	151
SRR16554650	Spencer_2021	FASTQ	DNA	21,704,178	2,152,904,470	36	99.2	101
SRR16554651	Spencer_2021	FASTQ	DNA	23,048,985	2,269,273,922	36	98.5	101
SRR16554652	Spencer_2021	FASTQ	DNA	32,591,759	3,204,898,682	36	98.3	101
SRR16554653	Spencer_2021	FASTQ	DNA	4,441,959	652,973,850	36	147	151
SRR16554654	Spencer_2021	FASTQ	DNA	24,380,093	2,410,222,592	36	98.9	101
SRR16554655	Spencer_2021	FASTQ	DNA	22,687,372	2,250,940,083	36	99.2	101
SRR16554656	Spencer_2021	FASTQ	DNA	22,468,656	2,218,445,937	36	98.7	101
SRR16554657	Spencer_2021	FASTQ	DNA	24,495,798	2,427,110,334	36	99.1	101
SRR16554658	Spencer_2021	FASTQ	DNA	7,589,965	1,128,162,479	36	148.6	151
SRR16554659	Spencer_2021	FASTQ	DNA	19,972,135	1,979,380,397	36	99.1	101
SRR16554660	Spencer_2021	FASTQ	DNA	21,829,343	2,148,678,650	36	98.4	101
SRR16554662	Spencer_2021	FASTQ	DNA	4,551,414	675,086,565	36	148.3	151
SRR16554663	Spencer_2021	FASTQ	DNA	7,245,138	1,079,020,947	36	148.9	151
SRR16554664	Spencer_2021	FASTQ	DNA	26,750,719	2,641,667,435	36	98.8	101
SRR16554665	Spencer_2021	FASTQ	DNA	23,870,133	2,363,172,396	36	99	101
SRR16554666	Spencer_2021	FASTQ	DNA	24,424,825	2,415,970,395	36	98.9	101
SRR16554667	Spencer_2021	FASTQ	DNA	9,599,498	1,427,140,030	36	148.7	151
SRR16554668	Spencer_2021	FASTQ	DNA	8,318,974	1,238,667,525	36	148.9	151
SRR16554669	Spencer_2021	FASTQ	DNA	9,512,303	1,415,350,505	36	148.8	151
SRR16554670	Spencer_2021	FASTQ	DNA	6,529,910	971,966,548	36	148.8	151
SRR16554671	Spencer_2021	FASTQ	DNA	6,557,245	974,720,275	36	148.6	151
SRR16554672	Spencer_2021	FASTQ	DNA	5,831,815	865,880,393	36	148.5	151
SRR16554673	Spencer_2021	FASTQ	DNA	4,906,295	729,109,118	36	148.6	151
SRR16554674	Spencer_2021	FASTQ	DNA	6,027,815	894,936,567	36	148.5	151
SRR16554675	Spencer_2021	FASTQ	DNA	6,162,067	916,866,858	36	148.8	151
SRR16554678	Spencer_2021	FASTQ	DNA	3,687,334	546,662,910	36	148.3	151
SRR16554679	Spencer_2021	FASTQ	DNA	6,486,184	966,567,218	36	149	151
SRR16554680	Spencer_2021	FASTQ	DNA	4,496,743	667,157,939	36	148.4	151
SRR16554681	Spencer_2021	FASTQ	DNA	7,586,225	1,124,777,505	36	148.3	151
SRR16554684	Spencer_2021	FASTQ	DNA	7,534,252	1,121,668,760	36	148.9	151
SRR16554686	Spencer_2021	FASTQ	DNA	25,662,732	2,542,794,661	36	99.1	101
SRR16554687	Spencer_2021	FASTQ	DNA	5,632,396	837,346,019	36	148.7	151
SRR16554689	Spencer_2021	FASTQ	DNA	4,705,801	699,350,539	36	148.6	151
SRR16554691	Spencer_2021	FASTQ	DNA	4,882,253	724,905,353	36	148.5	151
SRR16554697	Spencer_2021	FASTQ	DNA	5,946,165	880,905,061	36	148.1	151
SRR16554698	Spencer_2021	FASTQ	DNA	2,906,881	430,278,619	36	148	151
SRR16554704	Spencer_2021	FASTQ	DNA	4,274,759	635,307,245	36	148.6	151
SRR16554705	Spencer_2021	FASTQ	DNA	5,094,639	755,956,456	36	148.4	151
SRR16554708	Spencer_2021	FASTQ	DNA	6,673,874	993,224,626	36	148.8	151
SRR16554713	Spencer_2021	FASTQ	DNA	9,894,542	1,470,111,111	36	148.6	151
SRR16554714	Spencer_2021	FASTQ	DNA	7,193,057	1,069,124,555	36	148.6	151
SRR16554715	Spencer_2021	FASTQ	DNA	7,089,441	1,052,009,372	36	148.4	151
SRR16554716	Spencer_2021	FASTQ	DNA	7,119,571	1,056,777,618	36	148.4	151
SRR16554717	Spencer_2021	FASTQ	DNA	9,090,424	1,349,191,645	36	148.4	151
SRR16554718	Spencer_2021	FASTQ	DNA	6,357,096	944,414,341	36	148.6	151
SRR16554719	Spencer_2021	FASTQ	DNA	4,865,018	722,754,754	36	148.6	151
SRR16554720	Spencer_2021	FASTQ	DNA	5,369,629	798,950,538	36	148.8	151
SRR16554721	Spencer_2021	FASTQ	DNA	6,433,382	955,148,549	36	148.5	151
SRR16554722	Spencer_2021	FASTQ	DNA	7,641,132	1,138,282,523	36	149	151
SRR16554723	Spencer_2021	FASTQ	DNA	6,220,397	922,161,933	36	148.2	151
SRR16554724	Spencer_2021	FASTQ	DNA	7,143,113	1,063,269,698	36	148.9	151
SRR16554725	Spencer_2021	FASTQ	DNA	5,231,863	778,475,178	36	148.8	151
SRR16554726	Spencer_2021	FASTQ	DNA	6,500,957	963,616,315	36	148.2	151
SRR16554727	Spencer_2021	FASTQ	DNA	4,062,903	600,986,085	36	147.9	151
SRR16554728	Spencer_2021	FASTQ	DNA	3,693,658	548,073,358	36	148.4	151
SRR16554729	Spencer_2021	FASTQ	DNA	5,397,342	803,208,516	36	148.8	151
SRR16554730	Spencer_2021	FASTQ	DNA	21,582,129	2,141,514,648	36	99.2	101
SRR16554731	Spencer_2021	FASTQ	DNA	4,436,878	659,320,909	36	148.6	151
SRR16554732	Spencer_2021	FASTQ	DNA	4,364,691	649,573,884	36	148.8	151
SRR16554734	Spencer_2021	FASTQ	DNA	7,418,551	1,103,743,836	36	148.8	151
SRR16554737	Spencer_2021	FASTQ	DNA	26,012,681	2,582,599,006	36	99.3	101
SRR16554738	Spencer_2021	FASTQ	DNA	19,887,254	1,971,663,766	36	99.1	101
SRR16554740	Spencer_2021	FASTQ	DNA	7,921,529	1,177,625,170	36	148.7	151
SRR16554743	Spencer_2021	FASTQ	DNA	12,337,473	1,830,637,360	36	148.4	151
SRR16554744	Spencer_2021	FASTQ	DNA	24,891,630	2,461,141,117	36	98.9	101
SRR16554747	Spencer_2021	FASTQ	DNA	7,312,811	1,090,234,211	36	149.1	151
SRR16554748	Spencer_2021	FASTQ	DNA	27,009,060	2,670,042,178	36	98.9	101
SRR16554749	Spencer_2021	FASTQ	DNA	8,546,947	1,271,830,369	36	148.8	151
SRR16554750	Spencer_2021	FASTQ	DNA	6,246,114	931,122,670	36	149.1	151
SRR16554751	Spencer_2021	FASTQ	DNA	5,612,974	832,906,857	36	148.4	151
SRR16554752	Spencer_2021	FASTQ	DNA	4,449,996	660,454,945	36	148.4	151
SRR16554753	Spencer_2021	FASTQ	DNA	4,793,999	711,411,020	36	148.4	151
SRR16554754	Spencer_2021	FASTQ	DNA	4,049,611	600,902,576	36	148.4	151
SRR16554755	Spencer_2021	FASTQ	DNA	7,585,309	1,127,303,963	36	148.6	151
SRR16554756	Spencer_2021	FASTQ	DNA	4,768,691	707,382,065	36	148.3	151
SRR16554757	Spencer_2021	FASTQ	DNA	7,179,153	1,062,121,245	36	147.9	151
SRR16554758	Spencer_2021	FASTQ	DNA	5,481,646	803,170,824	36	146.5	151
SRR16554759	Spencer_2021	FASTQ	DNA	7,088,422	1,055,518,517	36	148.9	151
SRR16554760	Spencer_2021	FASTQ	DNA	23,424,769	2,304,119,707	36	98.4	101
SRR16554761	Spencer_2021	FASTQ	DNA	7,080,742	1,051,858,333	36	148.6	151
SRR16554762	Spencer_2021	FASTQ	DNA	7,291,148	1,084,813,894	36	148.8	151
SRR16554763	Spencer_2021	FASTQ	DNA	6,923,501	1,029,979,994	36	148.8	151
SRR16554764	Spencer_2021	FASTQ	DNA	4,077,085	606,532,733	36	148.8	151
SRR16554765	Spencer_2021	FASTQ	DNA	6,824,839	1,013,545,901	36	148.5	151
SRR16554766	Spencer_2021	FASTQ	DNA	20,939,459	2,073,829,177	36	99	101
SRR16554767	Spencer_2021	FASTQ	DNA	20,021,650	1,988,319,016	36	99.3	101
SRR16554768	Spencer_2021	FASTQ	DNA	7,769,829	1,152,500,898	36	148.3	151
SRR16554769	Spencer_2021	FASTQ	DNA	20,208,015	2,000,925,923	36	99	101
SRR16554770	Spencer_2021	FASTQ	DNA	9,265,688	1,379,225,788	36	148.9	151
SRR16554771	Spencer_2021	FASTQ	DNA	26,219,878	2,600,755,007	36	99.2	101
SRR16554772	Spencer_2021	FASTQ	DNA	6,867,377	1,022,064,651	36	148.8	151
SRR16554773	Spencer_2021	FASTQ	DNA	24,749,708	2,443,254,880	36	98.7	101
SRR16554774	Spencer_2021	FASTQ	DNA	22,714,128	2,243,468,158	36	98.8	101
SRR16554775	Spencer_2021	FASTQ	DNA	5,280,617	784,067,907	36	148.5	151
SRR16554776	Spencer_2021	FASTQ	DNA	21,514,793	2,133,430,499	36	99.2	101
SRR16554777	Spencer_2021	FASTQ	DNA	19,515,065	1,925,591,564	36	98.7	101
SRR16554778	Spencer_2021	FASTQ	DNA	14,779,213	1,461,104,417	36	98.9	101
SRR16554779	Spencer_2021	FASTQ	DNA	22,880,073	2,260,970,063	36	98.8	101
SRR16554780	Spencer_2021	FASTQ	DNA	19,400,988	1,923,692,931	36	99.2	101
SRR16554781	Spencer_2021	FASTQ	DNA	21,569,071	2,143,300,785	36	99.4	101
SRR16554782	Spencer_2021	FASTQ	DNA	5,189,107	769,518,284	36	148.3	151
SRR16554783	Spencer_2021	FASTQ	DNA	3,655,372	524,380,402	36	143.5	151
SRR16554784	Spencer_2021	FASTQ	DNA	23,162,174	2,297,148,127	36	99.2	101
SRR16554785	Spencer_2021	FASTQ	DNA	23,323,242	2,307,823,118	36	98.9	101
SRR16554786	Spencer_2021	FASTQ	DNA	26,611,780	2,624,989,748	36	98.6	101
SRR16554787	Spencer_2021	FASTQ	DNA	19,631,875	1,948,283,317	36	99.2	101
SRR16554788	Spencer_2021	FASTQ	DNA	20,988,910	2,079,269,582	36	99.1	101
SRR16554789	Spencer_2021	FASTQ	DNA	23,502,129	2,324,800,523	36	98.9	101
SRR16554790	Spencer_2021	FASTQ	DNA	24,341,758	2,414,031,622	36	99.2	101
SRR11413606	Peng_2020	FASTQ	DNA	26,625,980	3,993,897,000	150	150	150
SRR11413607	Peng_2020	FASTQ	DNA	26,226,871	3,934,030,650	150	150	150
SRR11413608	Peng_2020	FASTQ	DNA	26,194,149	3,929,122,350	150	150	150
SRR11413609	Peng_2020	FASTQ	DNA	19,800,543	2,970,081,450	150	150	150
SRR11413610	Peng_2020	FASTQ	DNA	21,536,968	3,230,545,200	150	150	150
SRR11413611	Peng_2020	FASTQ	DNA	25,363,124	3,804,468,600	150	150	150
SRR11413612	Peng_2020	FASTQ	DNA	21,552,226	3,232,833,900	150	150	150
SRR11413613	Peng_2020	FASTQ	DNA	23,539,387	3,530,908,050	150	150	150
SRR11413614	Peng_2020	FASTQ	DNA	23,769,753	3,565,462,950	150	150	150
SRR11413615	Peng_2020	FASTQ	DNA	23,111,523	3,466,728,450	150	150	150
SRR11413617	Peng_2020	FASTQ	DNA	25,387,084	3,808,062,600	150	150	150
SRR11413618	Peng_2020	FASTQ	DNA	33,743,123	5,061,468,450	150	150	150
SRR11413619	Peng_2020	FASTQ	DNA	25,853,019	3,877,952,850	150	150	150
SRR11413620	Peng_2020	FASTQ	DNA	25,568,725	3,835,308,750	150	150	150
SRR11413645	Peng_2020	FASTQ	DNA	25,660,451	3,849,067,650	150	150	150
SRR11413646	Peng_2020	FASTQ	DNA	24,499,261	3,674,889,150	150	150	150
SRR11413647	Peng_2020	FASTQ	DNA	27,396,533	4,109,479,950	150	150	150
SRR11413648	Peng_2020	FASTQ	DNA	29,591,479	4,438,721,850	150	150	150
SRR11413649	Peng_2020	FASTQ	DNA	30,341,804	4,551,270,600	150	150	150
SRR11413650	Peng_2020	FASTQ	DNA	27,394,690	4,109,203,500	150	150	150
SRR11413652	Peng_2020	FASTQ	DNA	27,991,630	4,198,744,500	150	150	150
SRR11413653	Peng_2020	FASTQ	DNA	24,411,280	3,661,692,000	150	150	150
SRR11413654	Peng_2020	FASTQ	DNA	25,210,468	3,781,570,200	150	150	150
SRR11413655	Peng_2020	FASTQ	DNA	24,430,658	3,664,598,700	150	150	150
SRR11413656	Peng_2020	FASTQ	DNA	24,074,307	3,611,146,050	150	150	150
SRR11413657	Peng_2020	FASTQ	DNA	25,619,798	3,842,969,700	150	150	150
SRR11413678	Peng_2020	FASTQ	DNA	30,874,108	4,631,116,200	150	150	150
SRR11413679	Peng_2020	FASTQ	DNA	25,488,925	3,823,338,750	150	150	150
SRR11413680	Peng_2020	FASTQ	DNA	22,499,157	3,374,873,550	150	150	150
SRR11413681	Peng_2020	FASTQ	DNA	25,228,757	3,784,313,550	150	150	150
SRR11413683	Peng_2020	FASTQ	DNA	25,539,117	3,830,867,550	150	150	150
SRR11413684	Peng_2020	FASTQ	DNA	23,504,995	3,525,749,250	150	150	150
SRR11413685	Peng_2020	FASTQ	DNA	27,046,595	4,056,989,250	150	150	150
SRR11413686	Peng_2020	FASTQ	DNA	22,514,612	3,377,191,800	150	150	150
SRR11413687	Peng_2020	FASTQ	DNA	28,626,739	4,294,010,850	150	150	150
SRR11413688	Peng_2020	FASTQ	DNA	24,293,684	3,644,052,600	150	150	150
SRR11413689	Peng_2020	FASTQ	DNA	23,995,004	3,599,250,600	150	150	150
SRR11413690	Peng_2020	FASTQ	DNA	20,522,979	3,078,446,850	150	150	150
SRR11413691	Peng_2020	FASTQ	DNA	29,086,652	4,362,997,800	150	150	150
SRR11413692	Peng_2020	FASTQ	DNA	21,222,478	3,183,371,700	150	150	150
SRR16168896	McCulloch_2022	FASTQ	DNA	45,234,488	6,769,687,494	36	149.7	151
SRR16168900	McCulloch_2022	FASTQ	DNA	24,218,900	3,617,202,445	36	149.4	151
SRR16168902	McCulloch_2022	FASTQ	DNA	23,283,278	3,479,176,139	36	149.4	151
SRR16168903	McCulloch_2022	FASTQ	DNA	11,211,637	1,675,871,771	36	149.5	151
SRR16168909	McCulloch_2022	FASTQ	DNA	24,767,709	3,698,148,225	36	149.3	151
SRR16168913	McCulloch_2022	FASTQ	DNA	70,213,494	10,485,489,158	36	149.3	151
SRR16168918	McCulloch_2022	FASTQ	DNA	72,209,592	10,795,906,688	36	149.5	151
SRR16168920	McCulloch_2022	FASTQ	DNA	29,534,482	4,418,985,624	36	149.6	151
SRR16168925	McCulloch_2022	FASTQ	DNA	21,969,445	3,278,636,949	36	149.2	151
SRR16168926	McCulloch_2022	FASTQ	DNA	25,093,504	3,761,147,119	36	149.9	151
SRR16168929	McCulloch_2022	FASTQ	DNA	28,682,615	4,287,689,949	36	149.5	151
SRR16168930	McCulloch_2022	FASTQ	DNA	40,073,645	5,997,857,504	36	149.7	151
SRR16168938	McCulloch_2022	FASTQ	DNA	31,304,919	4,683,783,898	36	149.6	151
SRR16168940	McCulloch_2022	FASTQ	DNA	39,639,231	5,914,499,730	36	149.2	151
SRR16168941	McCulloch_2022	FASTQ	DNA	21,319,100	3,190,773,768	36	149.7	151
SRR16168942	McCulloch_2022	FASTQ	DNA	45,173,525	6,760,284,518	36	149.7	151
SRR16168943	McCulloch_2022	FASTQ	DNA	43,116,123	6,442,627,354	36	149.4	151
SRR16168945	McCulloch_2022	FASTQ	DNA	32,934,888	4,931,172,899	36	149.7	151
SRR16168952	McCulloch_2022	FASTQ	DNA	45,129,377	6,754,480,986	36	149.7	151
SRR16168969	McCulloch_2022	FASTQ	DNA	30,080,663	4,500,112,183	36	149.6	151
SRR16168974	McCulloch_2022	FASTQ	DNA	24,762,394	3,695,416,270	36	149.2	151
SRR16168975	McCulloch_2022	FASTQ	DNA	31,590,815	4,731,104,222	36	149.8	151
SRR16168976	McCulloch_2022	FASTQ	DNA	35,357,033	5,292,252,262	36	149.7	151
SRR16168982	McCulloch_2022	FASTQ	DNA	37,332,422	5,581,341,195	36	149.5	151
SRR16168984	McCulloch_2022	FASTQ	DNA	30,256,747	4,530,258,341	36	149.7	151
SRR16168985	McCulloch_2022	FASTQ	DNA	26,614,430	3,983,027,945	36	149.7	151
SRR16168986	McCulloch_2022	FASTQ	DNA	31,785,318	4,749,474,402	36	149.4	151
SRR20881974	Liu_2022	FASTQ	DNA	37,854,542	5,716,035,842	151	151	151
SRR20881975	Liu_2022	FASTQ	DNA	23,162,402	3,497,522,702	151	151	151
SRR20881976	Liu_2022	FASTQ	DNA	21,099,720	3,186,057,720	151	151	151
SRR20881977	Liu_2022	FASTQ	DNA	40,980,468	6,188,050,668	151	151	151
SRR20881978	Liu_2022	FASTQ	DNA	33,958,842	5,127,785,142	151	151	151
SRR20881979	Liu_2022	FASTQ	DNA	20,065,042	3,029,821,342	151	151	151
SRR20881980	Liu_2022	FASTQ	DNA	29,180,398	4,406,240,098	151	151	151
SRR20881981	Liu_2022	FASTQ	DNA	31,617,878	4,774,299,578	151	151	151
SRR20881983	Liu_2022	FASTQ	DNA	47,049,592	7,104,488,392	151	151	151
SRR20881984	Liu_2022	FASTQ	DNA	24,968,514	3,770,245,614	151	151	151
SRR20881985	Liu_2022	FASTQ	DNA	23,565,598	3,558,405,298	151	151	151
SRR20881986	Liu_2022	FASTQ	DNA	24,800,113	3,744,817,063	151	151	151
SRR20881987	Liu_2022	FASTQ	DNA	23,004,253	3,473,642,203	151	151	151
SRR20881988	Liu_2022	FASTQ	DNA	28,096,321	4,242,544,471	151	151	151
ERR6229432	Lee_2022	FASTQ	DNA	42,588,899	6,304,496,748	75	148	151
ERR6230245	Lee_2022	FASTQ	DNA	4,545,803	681,867,878	75	150	151
ERR6230278	Lee_2022	FASTQ	DNA	6,411,235	932,687,434	75	145.5	151
ERR6230326	Lee_2022	FASTQ	DNA	8,278,742	1,226,198,529	75	148.1	151
ERR6230340	Lee_2022	FASTQ	DNA	8,454,401	1,251,780,954	75	148.1	151
ERR6231475	Lee_2022	FASTQ	DNA	10,459,736	1,572,210,931	75	150.3	151
ERR6231548	Lee_2022	FASTQ	DNA	6,394,390	930,032,379	75	145.4	151
ERR6231616	Lee_2022	FASTQ	DNA	12,038,579	1,765,500,404	75	146.7	151
ERR6232382	Lee_2022	FASTQ	DNA	14,272,329	2,138,872,966	75	149.9	151
ERR6232425	Lee_2022	FASTQ	DNA	10,235,989	1,473,703,536	75	144	151
ERR6232458	Lee_2022	FASTQ	DNA	14,167,742	2,124,864,737	75	150	151
ERR6232518	Lee_2022	FASTQ	DNA	12,070,548	1,790,026,926	75	148.3	151
ERR6232521	Lee_2022	FASTQ	DNA	5,259,874	758,590,938	75	144.2	151
ERR6232522	Lee_2022	FASTQ	DNA	7,846,034	1,135,860,437	75	144.8	151
ERR6232523	Lee_2022	FASTQ	DNA	6,657,762	977,889,367	75	146.9	151
ERR6232524	Lee_2022	FASTQ	DNA	32,129,876	4,730,034,199	75	147.2	151
ERR6232525	Lee_2022	FASTQ	DNA	8,861,293	1,317,449,304	75	148.7	151
ERR6232526	Lee_2022	FASTQ	DNA	9,542,197	1,413,295,891	75	148.1	151
ERR6232527	Lee_2022	FASTQ	DNA	20,672,046	3,098,350,516	75	149.9	151
ERR6232528	Lee_2022	FASTQ	DNA	9,357,361	1,371,338,407	75	146.6	151
ERR6232529	Lee_2022	FASTQ	DNA	8,968,098	1,334,842,065	75	148.8	151
ERR6232686	Lee_2022	FASTQ	DNA	14,039,414	2,050,138,504	75	146	151
ERR6232687	Lee_2022	FASTQ	DNA	8,095,343	1,187,124,228	75	146.6	151
ERR6232688	Lee_2022	FASTQ	DNA	14,771,859	2,135,271,539	75	144.5	151
ERR6233692	Lee_2022	FASTQ	DNA	10,555,473	1,549,928,608	75	146.8	151
ERR6233693	Lee_2022	FASTQ	DNA	10,775,236	1,541,773,587	75	143.1	151
ERR6233694	Lee_2022	FASTQ	DNA	21,156,303	3,158,547,969	75	149.3	151
ERR6233695	Lee_2022	FASTQ	DNA	45,917,908	6,877,273,509	75	149.8	151
ERR6235716	Lee_2022	FASTQ	DNA	7,704,130	1,137,273,228	75	147.6	151
ERR6235717	Lee_2022	FASTQ	DNA	8,836,630	1,324,780,116	75	149.9	151
ERR6235718	Lee_2022	FASTQ	DNA	19,722,170	2,951,814,113	75	149.7	151
ERR6236131	Lee_2022	FASTQ	DNA	15,257,335	2,285,555,868	75	149.8	151
ERR6239138	Lee_2022	FASTQ	DNA	6,012,461	886,806,125	75	147.5	151
ERR6239139	Lee_2022	FASTQ	DNA	21,745,035	3,262,096,687	75	150	151
ERR6243877	Lee_2022	FASTQ	DNA	16,322,214	2,286,341,371	75	140.1	151
ERR6243878	Lee_2022	FASTQ	DNA	25,922,847	3,277,544,526	75	126.4	151
ERR6243879	Lee_2022	FASTQ	DNA	10,124,203	1,520,229,702	75	150.2	151
ERR6243880	Lee_2022	FASTQ	DNA	23,110,113	3,253,606,435	75	140.8	151
ERR6248618	Lee_2022	FASTQ	DNA	16,223,302	2,439,612,044	75	150.4	151
ERR6254869	Lee_2022	FASTQ	DNA	15,240,086	2,276,929,367	75	149.4	151
ERR6254870	Lee_2022	FASTQ	DNA	20,874,310	3,136,193,141	75	150.2	151
ERR6254871	Lee_2022	FASTQ	DNA	20,398,724	2,972,297,049	75	145.7	151
ERR6257997	Lee_2022	FASTQ	DNA	13,649,944	2,035,638,850	75	149.1	151
ERR6264280	Lee_2022	FASTQ	DNA	34,673,788	5,119,666,285	75	147.7	151
ERR6264281	Lee_2022	FASTQ	DNA	50,133,027	7,411,735,603	75	147.8	151
ERR6267711	Lee_2022	FASTQ	DNA	8,515,601	1,273,355,275	75	149.5	151
ERR6267712	Lee_2022	FASTQ	DNA	23,868,354	3,558,633,403	75	149.1	151
ERR6271719	Lee_2022	FASTQ	DNA	20,988,034	3,125,504,945	75	148.9	151
ERR6271720	Lee_2022	FASTQ	DNA	10,325,646	1,546,845,469	75	149.8	151
ERR6271721	Lee_2022	FASTQ	DNA	40,494,246	6,018,267,068	75	148.6	151
ERR6273965	Lee_2022	FASTQ	DNA	42,200,909	6,274,055,492	75	148.7	151
ERR6275652	Lee_2022	FASTQ	DNA	28,194,070	4,223,277,560	75	149.8	151
ERR6275659	Lee_2022	FASTQ	DNA	18,426,511	2,764,779,996	75	150	151
ERR6275661	Lee_2022	FASTQ	DNA	79,064,956	11,821,709,448	75	149.5	151
ERR6275663	Lee_2022	FASTQ	DNA	31,913,974	4,788,309,958	75	150	151
ERR6275664	Lee_2022	FASTQ	DNA	14,794,491	2,219,332,563	75	150	151
ERR6275665	Lee_2022	FASTQ	DNA	22,232,979	3,332,490,786	75	149.9	151
ERR6275666	Lee_2022	FASTQ	DNA	28,900,563	4,333,724,808	75	150	151
ERR6275667	Lee_2022	FASTQ	DNA	18,051,939	2,703,453,413	75	149.8	151
ERR6275668	Lee_2022	FASTQ	DNA	46,999,020	7,045,238,795	75	149.9	151
ERR6275669	Lee_2022	FASTQ	DNA	20,803,060	3,116,867,927	75	149.8	151
ERR6275670	Lee_2022	FASTQ	DNA	22,627,757	3,391,389,542	75	149.9	151
ERR6275671	Lee_2022	FASTQ	DNA	16,843,597	2,528,819,714	75	150.1	151
ERR6275672	Lee_2022	FASTQ	DNA	15,741,745	2,361,235,445	75	150	151
ERR6275673	Lee_2022	FASTQ	DNA	31,084,177	4,654,530,348	75	149.7	151
ERR6275674	Lee_2022	FASTQ	DNA	72,946,561	10,904,917,350	75	149.5	151
ERR6275675	Lee_2022	FASTQ	DNA	27,770,017	4,163,960,451	75	149.9	151
ERR6275676	Lee_2022	FASTQ	DNA	15,153,108	2,260,030,487	75	149.1	151
ERR6275677	Lee_2022	FASTQ	DNA	33,908,313	5,084,615,656	75	150	151
ERR6275678	Lee_2022	FASTQ	DNA	5,635,630	844,335,086	75	149.8	151
ERR6275679	Lee_2022	FASTQ	DNA	15,350,255	2,303,447,976	75	150.1	151
ERR6275680	Lee_2022	FASTQ	DNA	31,693,580	4,739,386,363	75	149.5	151
ERR6275681	Lee_2022	FASTQ	DNA	4,379,384	658,386,324	75	150.3	151
ERR6275682	Lee_2022	FASTQ	DNA	17,362,142	2,605,332,928	75	150.1	151
ERR6275683	Lee_2022	FASTQ	DNA	23,894,049	3,578,507,980	75	149.8	151
ERR6275684	Lee_2022	FASTQ	DNA	6,911,503	1,038,762,583	75	150.3	151
ERR6279614	Lee_2022	FASTQ	DNA	15,178,767	2,165,535,917	75	142.7	151
ERR6279615	Lee_2022	FASTQ	DNA	5,562,943	835,949,537	75	150.3	151
ERR6279616	Lee_2022	FASTQ	DNA	11,242,045	1,685,874,288	75	150	151
ERR6279618	Lee_2022	FASTQ	DNA	50,500,208	7,572,090,878	75	149.9	151
ERR6279619	Lee_2022	FASTQ	DNA	18,329,468	2,754,725,710	75	150.3	151
ERR6279620	Lee_2022	FASTQ	DNA	10,120,170	1,515,664,910	75	149.8	151
ERR6279621	Lee_2022	FASTQ	DNA	9,659,469	1,444,421,733	75	149.5	151
ERR6279622	Lee_2022	FASTQ	DNA	32,240,276	4,817,328,072	75	149.4	151
ERR6279623	Lee_2022	FASTQ	DNA	19,376,081	2,887,759,036	75	149	151
ERR6279624	Lee_2022	FASTQ	DNA	40,680,576	5,971,002,719	75	146.8	151
ERR6279625	Lee_2022	FASTQ	DNA	23,568,765	3,492,109,399	75	148.2	151
ERR6279626	Lee_2022	FASTQ	DNA	27,857,490	4,105,611,255	75	147.4	151
ERR6279627	Lee_2022	FASTQ	DNA	12,519,541	1,874,363,896	75	149.7	151
ERR6279628	Lee_2022	FASTQ	DNA	31,409,522	4,493,110,347	75	143	151
ERR6279629	Lee_2022	FASTQ	DNA	15,258,729	2,274,953,993	75	149.1	151
ERR6279644	Lee_2022	FASTQ	DNA	22,137,412	3,293,246,308	75	148.8	151
ERR6279645	Lee_2022	FASTQ	DNA	10,177,573	1,511,164,233	75	148.5	151
ERR6279646	Lee_2022	FASTQ	DNA	6,184,800	920,157,919	75	148.8	151
ERR6279647	Lee_2022	FASTQ	DNA	33,260,694	4,911,892,757	75	147.7	151
ERR6279648	Lee_2022	FASTQ	DNA	18,130,237	2,721,117,664	75	150.1	151
ERR6279649	Lee_2022	FASTQ	DNA	10,103,525	1,514,604,124	75	149.9	151
ERR6279650	Lee_2022	FASTQ	DNA	10,013,141	1,487,377,411	75	148.5	151
ERR6279651	Lee_2022	FASTQ	DNA	10,550,536	1,566,971,297	75	148.5	151
ERR6279652	Lee_2022	FASTQ	DNA	7,692,819	1,125,245,122	75	146.3	151
ERR6279653	Lee_2022	FASTQ	DNA	21,197,222	3,178,839,166	75	150	151
ERR6279654	Lee_2022	FASTQ	DNA	31,174,277	4,668,861,240	75	149.8	151
ERR6279655	Lee_2022	FASTQ	DNA	67,659,047	9,928,733,246	75	146.7	151
ERR6279656	Lee_2022	FASTQ	DNA	26,259,641	3,915,280,025	75	149.1	151
ERR6279657	Lee_2022	FASTQ	DNA	90,994,357	13,069,878,765	75	143.6	151
ERR6279658	Lee_2022	FASTQ	DNA	5,668,392	851,813,164	75	150.3	151
ERR6279659	Lee_2022	FASTQ	DNA	20,502,242	3,065,358,329	75	149.5	151
ERR6279660	Lee_2022	FASTQ	DNA	13,425,999	1,981,011,646	75	147.6	151
ERR6279661	Lee_2022	FASTQ	DNA	57,604,283	8,557,291,905	75	148.6	151
ERR6279662	Lee_2022	FASTQ	DNA	18,195,696	2,702,585,103	75	148.5	151
ERR6279663	Lee_2022	FASTQ	DNA	22,262,156	3,345,173,527	75	150.3	151
ERR6279664	Lee_2022	FASTQ	DNA	29,949,225	4,396,429,194	75	146.8	151
ERR6279665	Lee_2022	FASTQ	DNA	30,078,435	4,502,517,331	75	149.7	151
ERR6279666	Lee_2022	FASTQ	DNA	40,046,234	6,018,921,117	75	150.3	151
ERR6279667	Lee_2022	FASTQ	DNA	31,835,176	4,747,293,948	75	149.1	151
ERR6279668	Lee_2022	FASTQ	DNA	8,063,632	1,209,072,242	75	149.9	151
ERR6279669	Lee_2022	FASTQ	DNA	104,175,966	15,373,109,265	75	147.6	151
ERR6279670	Lee_2022	FASTQ	DNA	65,951,050	9,788,157,064	75	148.4	151
ERR6279671	Lee_2022	FASTQ	DNA	17,968,253	2,691,596,570	75	149.8	151
ERR6279672	Lee_2022	FASTQ	DNA	41,269,331	5,866,809,557	75	142.2	151
ERR6279673	Lee_2022	FASTQ	DNA	14,339,380	2,099,164,858	75	146.4	151
ERR6279674	Lee_2022	FASTQ	DNA	24,590,945	3,644,452,108	75	148.2	151
ERR6279675	Lee_2022	FASTQ	DNA	17,571,285	2,622,385,576	75	149.2	151
ERR6279676	Lee_2022	FASTQ	DNA	39,313,267	5,799,492,277	75	147.5	151
ERR6279677	Lee_2022	FASTQ	DNA	35,970,880	5,175,797,789	75	143.9	151
ERR6279678	Lee_2022	FASTQ	DNA	32,486,841	4,797,638,811	75	147.7	151
ERR6279679	Lee_2022	FASTQ	DNA	21,597,159	3,143,219,384	75	145.5	151
ERR6279680	Lee_2022	FASTQ	DNA	16,971,198	2,317,098,748	75	136.5	151
ERR6279681	Lee_2022	FASTQ	DNA	58,838,793	8,462,087,511	75	143.8	151
ERR6279682	Lee_2022	FASTQ	DNA	16,195,842	2,430,062,761	75	150	151
ERR6279683	Lee_2022	FASTQ	DNA	13,373,761	2,009,963,477	75	150.3	151
ERR6280899	Lee_2022	FASTQ	DNA	76,429,295	11,271,458,097	75	147.5	151
ERR6280907	Lee_2022	FASTQ	DNA	41,343,579	6,178,853,558	75	149.5	151
ERR6280910	Lee_2022	FASTQ	DNA	25,169,518	3,753,863,280	75	149.1	151
ERR6280948	Lee_2022	FASTQ	DNA	8,570,604	1,279,421,052	75	149.3	151
ERR6281000	Lee_2022	FASTQ	DNA	54,630,929	8,154,283,822	75	149.3	151
ERR6281340	Lee_2022	FASTQ	DNA	30,225,045	4,505,986,951	75	149.1	151
ERR6281341	Lee_2022	FASTQ	DNA	45,267,011	6,719,628,354	75	148.4	151
ERR6281342	Lee_2022	FASTQ	DNA	20,763,950	3,119,597,183	75	150.2	151
ERR6281343	Lee_2022	FASTQ	DNA	60,267,860	8,825,871,608	75	146.4	151
ERR6281344	Lee_2022	FASTQ	DNA	28,700,002	4,315,808,725	75	150.4	151
ERR6281431	Lee_2022	FASTQ	DNA	15,664,069	2,353,161,801	75	150.2	151
ERR6281432	Lee_2022	FASTQ	DNA	59,898,506	8,630,101,331	75	144.1	151
ERR6281433	Lee_2022	FASTQ	DNA	16,780,589	2,520,441,837	75	150.2	151
ERR6281434	Lee_2022	FASTQ	DNA	76,841,502	11,309,197,784	75	147.2	151
ERR6281448	Lee_2022	FASTQ	DNA	37,100,376	5,528,045,141	75	149	151
ERR6281499	Lee_2022	FASTQ	DNA	14,216,539	2,135,619,505	75	150.2	151
ERR6281500	Lee_2022	FASTQ	DNA	41,615,018	6,180,084,202	75	148.5	151
ERR6281504	Lee_2022	FASTQ	DNA	29,505,254	4,317,711,016	75	146.3	151
ERR6281505	Lee_2022	FASTQ	DNA	12,966,972	1,947,544,024	75	150.2	151
ERR6281518	Lee_2022	FASTQ	DNA	59,830,490	8,842,296,639	75	147.8	151
ERR6281586	Lee_2022	FASTQ	DNA	24,297,152	3,565,097,398	75	146.7	151
ERR6281658	Lee_2022	FASTQ	DNA	23,033,521	3,432,140,845	75	149	151
ERR6281677	Lee_2022	FASTQ	DNA	9,000,378	1,339,263,237	75	148.8	151
ERR6281751	Lee_2022	FASTQ	DNA	38,261,189	5,550,360,936	75	145.1	151
ERR6281939	Lee_2022	FASTQ	DNA	8,802,323	1,305,333,106	75	148.3	151
ERR6281941	Lee_2022	FASTQ	DNA	39,883,201	5,955,978,625	75	149.3	151
ERR6281942	Lee_2022	FASTQ	DNA	59,047,634	8,470,198,399	75	143.4	151
ERR6281944	Lee_2022	FASTQ	DNA	19,713,182	2,918,447,157	75	148	151
ERR6281997	Lee_2022	FASTQ	DNA	26,282,976	3,925,066,044	75	149.3	151
ERR6282070	Lee_2022	FASTQ	DNA	43,799,421	6,537,429,340	75	149.3	151
ERR6282137	Lee_2022	FASTQ	DNA	57,123,253	8,508,640,304	75	149	151
ERR6282298	Lee_2022	FASTQ	DNA	45,935,289	6,586,508,367	75	143.4	151
ERR6282383	Lee_2022	FASTQ	DNA	73,928,100	10,985,391,733	75	148.6	151
SRR8387659	Heshiki_2020	FASTQ	DNA	35,001,025	3,523,128,615	30	100.7	101
SRR8387676	Heshiki_2020	FASTQ	DNA	37,103,783	3,733,692,126	30	100.6	101
SRR8387677	Heshiki_2020	FASTQ	DNA	36,838,599	3,705,366,597	30	100.6	101
SRR8387679	Heshiki_2020	FASTQ	DNA	34,505,147	3,473,937,579	30	100.7	101
SRR8387681	Heshiki_2020	FASTQ	DNA	35,221,954	3,542,249,712	30	100.6	101
SRR8387683	Heshiki_2020	FASTQ	DNA	35,484,552	3,567,693,718	30	100.5	101
SRR8387691	Heshiki_2020	FASTQ	DNA	33,232,222	3,345,069,764	30	100.7	101
SRR8387697	Heshiki_2020	FASTQ	DNA	35,475,105	3,570,107,764	30	100.6	101
SRR8387707	Heshiki_2020	FASTQ	DNA	36,677,311	3,691,188,172	30	100.6	101
SRR8387710	Heshiki_2020	FASTQ	DNA	35,595,427	3,580,755,536	30	100.6	101
SRR8387712	Heshiki_2020	FASTQ	DNA	36,822,851	3,702,577,176	30	100.6	101
ERR12405909	Gunjur_2024	FASTQ	DNA	23,091,379	3,486,798,229	151	151	151
ERR12405910	Gunjur_2024	FASTQ	DNA	21,761,630	3,286,006,130	151	151	151
ERR12405911	Gunjur_2024	FASTQ	DNA	20,030,906	3,024,666,806	151	151	151
ERR12405912	Gunjur_2024	FASTQ	DNA	20,359,853	3,074,337,803	151	151	151
ERR12405913	Gunjur_2024	FASTQ	DNA	18,819,673	2,841,770,623	151	151	151
ERR12405914	Gunjur_2024	FASTQ	DNA	18,514,290	2,795,657,790	151	151	151
ERR12405915	Gunjur_2024	FASTQ	DNA	19,863,654	2,999,411,754	151	151	151
ERR12405916	Gunjur_2024	FASTQ	DNA	15,331,918	2,315,119,618	151	151	151
ERR12405917	Gunjur_2024	FASTQ	DNA	20,063,658	3,029,612,358	151	151	151
ERR12405918	Gunjur_2024	FASTQ	DNA	22,858,385	3,451,616,135	151	151	151
ERR12405919	Gunjur_2024	FASTQ	DNA	23,576,315	3,560,023,565	151	151	151
ERR12405920	Gunjur_2024	FASTQ	DNA	18,850,410	2,846,411,910	151	151	151
ERR12405921	Gunjur_2024	FASTQ	DNA	20,449,796	3,087,919,196	151	151	151
ERR12405922	Gunjur_2024	FASTQ	DNA	20,380,404	3,077,441,004	151	151	151
ERR12405923	Gunjur_2024	FASTQ	DNA	22,915,396	3,460,224,796	151	151	151
ERR12405924	Gunjur_2024	FASTQ	DNA	18,353,567	2,771,388,617	151	151	151
ERR12405925	Gunjur_2024	FASTQ	DNA	18,483,353	2,790,986,303	151	151	151
ERR12405926	Gunjur_2024	FASTQ	DNA	20,862,067	3,150,172,117	151	151	151
ERR12405927	Gunjur_2024	FASTQ	DNA	19,298,632	2,914,093,432	151	151	151
ERR12405928	Gunjur_2024	FASTQ	DNA	21,496,016	3,245,898,416	151	151	151
ERR12405929	Gunjur_2024	FASTQ	DNA	23,278,615	3,515,070,865	151	151	151
ERR12405930	Gunjur_2024	FASTQ	DNA	17,295,495	2,611,619,745	151	151	151
ERR12405931	Gunjur_2024	FASTQ	DNA	21,256,871	3,209,787,521	151	151	151
ERR12405932	Gunjur_2024	FASTQ	DNA	21,808,969	3,293,154,319	151	151	151
ERR12405933	Gunjur_2024	FASTQ	DNA	23,263,636	3,512,809,036	151	151	151
ERR12405934	Gunjur_2024	FASTQ	DNA	21,660,373	3,270,716,323	151	151	151
ERR12405935	Gunjur_2024	FASTQ	DNA	19,863,081	2,999,325,231	151	151	151
ERR12405936	Gunjur_2024	FASTQ	DNA	9,438,084	1,425,150,684	151	151	151
ERR12405937	Gunjur_2024	FASTQ	DNA	17,348,241	2,619,584,391	151	151	151
ERR12405938	Gunjur_2024	FASTQ	DNA	21,249,937	3,208,740,487	151	151	151
ERR12405939	Gunjur_2024	FASTQ	DNA	19,121,164	2,887,295,764	151	151	151
ERR12405940	Gunjur_2024	FASTQ	DNA	19,007,870	2,870,188,370	151	151	151
ERR12405941	Gunjur_2024	FASTQ	DNA	18,759,105	2,832,624,855	151	151	151
ERR12405942	Gunjur_2024	FASTQ	DNA	25,309,698	3,821,764,398	151	151	151
ERR12405943	Gunjur_2024	FASTQ	DNA	28,049,468	4,235,469,668	151	151	151
ERR12405944	Gunjur_2024	FASTQ	DNA	18,122,468	2,736,492,668	151	151	151
ERR12405945	Gunjur_2024	FASTQ	DNA	19,619,428	2,962,533,628	151	151	151
ERR12405946	Gunjur_2024	FASTQ	DNA	20,646,135	3,117,566,385	151	151	151
ERR12405947	Gunjur_2024	FASTQ	DNA	19,853,425	2,997,867,175	151	151	151
ERR12405948	Gunjur_2024	FASTQ	DNA	19,242,533	2,905,622,483	151	151	151
ERR12405949	Gunjur_2024	FASTQ	DNA	21,748,498	3,284,023,198	151	151	151
ERR12405950	Gunjur_2024	FASTQ	DNA	23,605,145	3,564,376,895	151	151	151
ERR12405952	Gunjur_2024	FASTQ	DNA	20,427,761	3,084,591,911	151	151	151
ERR12405953	Gunjur_2024	FASTQ	DNA	19,742,949	2,981,185,299	151	151	151
ERR12405954	Gunjur_2024	FASTQ	DNA	16,893,209	2,550,874,559	151	151	151
ERR12405955	Gunjur_2024	FASTQ	DNA	21,815,376	3,294,121,776	151	151	151
ERR12405956	Gunjur_2024	FASTQ	DNA	53,909,635	8,140,354,885	151	151	151
ERR12405957	Gunjur_2024	FASTQ	DNA	30,047,441	4,537,163,591	151	151	151
ERR12405958	Gunjur_2024	FASTQ	DNA	22,210,717	3,353,818,267	151	151	151
ERR12405959	Gunjur_2024	FASTQ	DNA	19,959,340	3,013,860,340	151	151	151
ERR12405960	Gunjur_2024	FASTQ	DNA	22,019,672	3,324,970,472	151	151	151
ERR12405961	Gunjur_2024	FASTQ	DNA	21,096,465	3,185,566,215	151	151	151
ERR12405962	Gunjur_2024	FASTQ	DNA	18,049,189	2,725,427,539	151	151	151
ERR12405963	Gunjur_2024	FASTQ	DNA	22,884,955	3,455,628,205	151	151	151
ERR12405964	Gunjur_2024	FASTQ	DNA	19,596,658	2,959,095,358	151	151	151
ERR12405965	Gunjur_2024	FASTQ	DNA	21,284,956	3,214,028,356	151	151	151
ERR12405966	Gunjur_2024	FASTQ	DNA	21,581,123	3,258,749,573	151	151	151
ERR12405967	Gunjur_2024	FASTQ	DNA	21,653,660	3,269,702,660	151	151	151
ERR12405968	Gunjur_2024	FASTQ	DNA	20,047,199	3,027,127,049	151	151	151
ERR12405969	Gunjur_2024	FASTQ	DNA	20,314,532	3,067,494,332	151	151	151
ERR12405970	Gunjur_2024	FASTQ	DNA	21,118,963	3,188,963,413	151	151	151
ERR12405971	Gunjur_2024	FASTQ	DNA	20,502,060	3,095,811,060	151	151	151
ERR12405972	Gunjur_2024	FASTQ	DNA	23,501,023	3,548,654,473	151	151	151
ERR12405973	Gunjur_2024	FASTQ	DNA	22,094,096	3,336,208,496	151	151	151
ERR12405974	Gunjur_2024	FASTQ	DNA	28,075,306	4,239,371,206	151	151	151
ERR12405975	Gunjur_2024	FASTQ	DNA	21,341,238	3,222,526,938	151	151	151
ERR12405976	Gunjur_2024	FASTQ	DNA	22,289,986	3,365,787,886	151	151	151
ERR12405977	Gunjur_2024	FASTQ	DNA	18,267,077	2,758,328,627	151	151	151
ERR12405978	Gunjur_2024	FASTQ	DNA	19,023,226	2,872,507,126	151	151	151
ERR12405979	Gunjur_2024	FASTQ	DNA	18,909,533	2,855,339,483	151	151	151
ERR12405980	Gunjur_2024	FASTQ	DNA	30,980,500	4,678,055,500	151	151	151
ERR12405981	Gunjur_2024	FASTQ	DNA	18,541,730	2,799,801,230	151	151	151
ERR12405982	Gunjur_2024	FASTQ	DNA	23,420,077	3,536,431,627	151	151	151
ERR12405983	Gunjur_2024	FASTQ	DNA	19,173,186	2,895,151,086	151	151	151
ERR12405984	Gunjur_2024	FASTQ	DNA	17,203,241	2,597,689,391	151	151	151
ERR12405985	Gunjur_2024	FASTQ	DNA	21,055,879	3,179,437,729	151	151	151
ERR12405986	Gunjur_2024	FASTQ	DNA	17,067,771	2,577,233,421	151	151	151
ERR12405987	Gunjur_2024	FASTQ	DNA	16,092,316	2,429,939,716	151	151	151
ERR12405988	Gunjur_2024	FASTQ	DNA	20,228,260	3,054,467,260	151	151	151
ERR12405989	Gunjur_2024	FASTQ	DNA	18,995,657	2,868,344,207	151	151	151
ERR12405990	Gunjur_2024	FASTQ	DNA	23,773,728	3,589,832,928	151	151	151
ERR12405991	Gunjur_2024	FASTQ	DNA	26,914,698	4,064,119,398	151	151	151
ERR12405992	Gunjur_2024	FASTQ	DNA	20,656,921	3,119,195,071	151	151	151
ERR12405993	Gunjur_2024	FASTQ	DNA	19,542,618	2,950,935,318	151	151	151
ERR12405994	Gunjur_2024	FASTQ	DNA	18,450,291	2,785,993,941	151	151	151
ERR12405995	Gunjur_2024	FASTQ	DNA	19,363,594	2,923,902,694	151	151	151
ERR12405996	Gunjur_2024	FASTQ	DNA	20,741,472	3,131,962,272	151	151	151
ERR12405997	Gunjur_2024	FASTQ	DNA	21,667,588	3,271,805,788	151	151	151
ERR12405998	Gunjur_2024	FASTQ	DNA	21,219,207	3,204,100,257	151	151	151
ERR12405999	Gunjur_2024	FASTQ	DNA	22,045,926	3,328,934,826	151	151	151
ERR12406000	Gunjur_2024	FASTQ	DNA	19,894,951	3,004,137,601	151	151	151
ERR12406001	Gunjur_2024	FASTQ	DNA	19,100,061	2,884,109,211	151	151	151
ERR12406002	Gunjur_2024	FASTQ	DNA	20,087,735	3,033,247,985	151	151	151
ERR12406003	Gunjur_2024	FASTQ	DNA	18,983,998	2,866,583,698	151	151	151
ERR12406004	Gunjur_2024	FASTQ	DNA	21,778,904	3,288,614,504	151	151	151
ERR12406005	Gunjur_2024	FASTQ	DNA	17,661,768	2,666,926,968	151	151	151
ERR12406006	Gunjur_2024	FASTQ	DNA	18,201,895	2,748,486,145	151	151	151
ERR12406007	Gunjur_2024	FASTQ	DNA	26,031,646	3,930,778,546	151	151	151
ERR12406008	Gunjur_2024	FASTQ	DNA	18,316,431	2,765,781,081	151	151	151
ERR12406009	Gunjur_2024	FASTQ	DNA	19,431,927	2,934,220,977	151	151	151
ERR12406010	Gunjur_2024	FASTQ	DNA	21,454,857	3,239,683,407	151	151	151
ERR12406011	Gunjur_2024	FASTQ	DNA	20,348,821	3,072,671,971	151	151	151
ERR12406012	Gunjur_2024	FASTQ	DNA	21,031,082	3,175,693,382	151	151	151
ERR12406013	Gunjur_2024	FASTQ	DNA	20,398,405	3,080,159,155	151	151	151
ERR12406014	Gunjur_2024	FASTQ	DNA	19,960,209	3,013,991,559	151	151	151
ERR12406015	Gunjur_2024	FASTQ	DNA	23,664,328	3,573,313,528	151	151	151
SRR6000869	Matson_2019	FASTQ	DNA	78,338,892	11,716,744,608	27	149.6	151
SRR6000870	Matson_2019	FASTQ	DNA	30,745,596	4,627,136,549	27	150.5	151
SRR6000871	Matson_2019	FASTQ	DNA	26,743,107	4,025,527,702	28	150.5	151
SRR6000873	Matson_2019	FASTQ	DNA	20,743,094	3,122,502,238	27	150.5	151
SRR6000874	Matson_2019	FASTQ	DNA	31,592,474	4,755,012,499	27	150.5	151
SRR6000877	Matson_2019	FASTQ	DNA	70,528,967	10,610,194,680	27	150.4	151
SRR6000878	Matson_2019	FASTQ	DNA	35,090,967	5,278,584,126	27	150.4	151
SRR6000890	Matson_2019	FASTQ	DNA	19,420,853	2,923,133,604	27	150.5	151
SRR6000891	Matson_2019	FASTQ	DNA	23,380,079	3,519,333,232	27	150.5	151
SRR6000892	Matson_2019	FASTQ	DNA	51,481,586	7,745,775,994	27	150.5	151
SRR6000893	Matson_2019	FASTQ	DNA	20,830,733	3,135,215,627	27	150.5	151
SRR6000894	Matson_2019	FASTQ	DNA	36,728,222	5,528,699,641	27	150.5	151
SRR6000895	Matson_2019	FASTQ	DNA	48,744,996	7,336,134,083	28	150.5	151
SRR6000896	Matson_2019	FASTQ	DNA	51,563,560	7,759,470,286	27	150.5	151
SRR6000899	Matson_2019	FASTQ	DNA	51,573,942	7,760,179,023	27	150.5	151
SRR6000900	Matson_2019	FASTQ	DNA	28,210,234	4,245,607,598	27	150.5	151
SRR6000901	Matson_2019	FASTQ	DNA	54,206,526	8,143,647,079	27	150.2	151
SRR6000902	Matson_2019	FASTQ	DNA	29,540,457	4,446,400,660	27	150.5	151
SRR6000903	Matson_2019	FASTQ	DNA	23,840,902	3,586,907,606	27	150.5	151
SRR6000905	Matson_2019	FASTQ	DNA	73,173,776	11,004,266,460	27	150.4	151
SRR6000906	Matson_2019	FASTQ	DNA	39,219,508	5,902,391,771	27	150.5	151
SRR6000907	Matson_2019	FASTQ	DNA	34,084,830	5,129,552,492	27	150.5	151
SRR6000908	Matson_2019	FASTQ	DNA	27,260,285	4,103,248,326	27	150.5	151
SRR6000909	Matson_2019	FASTQ	DNA	43,629,321	6,561,403,357	27	150.4	151
SRR6000910	Matson_2019	FASTQ	DNA	35,853,899	5,396,378,023	27	150.5	151
SRR6000911	Matson_2019	FASTQ	DNA	32,122,005	4,820,238,261	27	150.1	151
SRR6000912	Matson_2019	FASTQ	DNA	39,716,327	5,915,243,213	27	148.9	151
SRR6000920	Matson_2019	FASTQ	DNA	65,163,248	9,804,326,745	27	150.5	151
SRR6000921	Matson_2019	FASTQ	DNA	32,407,863	4,877,897,263	27	150.5	151
SRR6000931	Matson_2019	FASTQ	DNA	51,398,833	7,723,163,823	27	150.3	151
SRR6000932	Matson_2019	FASTQ	DNA	20,584,684	3,098,310,799	28	150.5	151
SRR6000940	Matson_2019	FASTQ	DNA	38,875,408	5,850,297,843	27	150.5	151
SRR6000942	Matson_2019	FASTQ	DNA	21,117,658	3,178,534,295	27	150.5	151
SRR6000944	Matson_2019	FASTQ	DNA	73,937,183	11,126,187,706	27	150.5	151
SRR6000945	Matson_2019	FASTQ	DNA	24,195,770	3,641,345,229	27	150.5	151
SRR6000946	Matson_2019	FASTQ	DNA	23,077,843	3,473,236,146	27	150.5	151
SRR6000947	Matson_2019	FASTQ	DNA	46,826,306	7,047,890,291	27	150.5	151
SRR6000949	Matson_2019	FASTQ	DNA	66,471,810	9,958,779,190	27	149.8	151
ERR2162200	Gopalakrishnan_2019	FASTQ	DNA	12,221,303	1,229,503,438	50	100.6	101
ERR2162201	Gopalakrishnan_2019	FASTQ	DNA	13,918,013	1,398,845,233	50	100.5	101
ERR2162202	Gopalakrishnan_2019	FASTQ	DNA	20,813,974	2,088,038,222	50	100.3	101
ERR2162203	Gopalakrishnan_2019	FASTQ	DNA	8,707,384	877,378,563	50	100.8	101
ERR2162204	Gopalakrishnan_2019	FASTQ	DNA	8,063,195	812,376,117	50	100.8	101
ERR2162205	Gopalakrishnan_2019	FASTQ	DNA	21,616,115	2,175,983,893	50	100.7	101
ERR2162206	Gopalakrishnan_2019	FASTQ	DNA	13,496,457	1,354,021,246	50	100.3	101
ERR2162207	Gopalakrishnan_2019	FASTQ	DNA	8,932,629	897,466,276	50	100.5	101
ERR2162208	Gopalakrishnan_2019	FASTQ	DNA	18,979,022	1,913,561,418	50	100.8	101
ERR2162209	Gopalakrishnan_2019	FASTQ	DNA	20,006,202	2,019,239,469	50	100.9	101
ERR2162210	Gopalakrishnan_2019	FASTQ	DNA	14,332,130	1,441,988,216	50	100.6	101
ERR2162211	Gopalakrishnan_2019	FASTQ	DNA	19,724,770	1,990,256,009	50	100.9	101
ERR2162212	Gopalakrishnan_2019	FASTQ	DNA	19,119,666	1,928,964,391	50	100.9	101
ERR2162213	Gopalakrishnan_2019	FASTQ	DNA	20,140,734	2,032,021,059	50	100.9	101
ERR2162214	Gopalakrishnan_2019	FASTQ	DNA	15,320,231	1,545,919,420	50	100.9	101
ERR2162215	Gopalakrishnan_2019	FASTQ	DNA	18,234,407	1,840,143,636	50	100.9	101
ERR2162216	Gopalakrishnan_2019	FASTQ	DNA	21,516,313	2,171,507,563	50	100.9	101
ERR2162217	Gopalakrishnan_2019	FASTQ	DNA	13,533,811	1,366,071,699	50	100.9	101
ERR2162218	Gopalakrishnan_2019	FASTQ	DNA	12,944,550	1,306,371,697	50	100.9	101
ERR2162219	Gopalakrishnan_2019	FASTQ	DNA	16,324,351	1,648,759,451	101	101	101
ERR2162220	Gopalakrishnan_2019	FASTQ	DNA	17,308,536	1,746,870,970	50	100.9	101
ERR2162221	Gopalakrishnan_2019	FASTQ	DNA	18,980,740	1,914,813,702	50	100.9	101
ERR2162222	Gopalakrishnan_2019	FASTQ	DNA	13,315,049	1,344,819,949	101	101	101
ERR2162223	Gopalakrishnan_2019	FASTQ	DNA	13,408,007	1,354,208,707	101	101	101
ERR2162224	Gopalakrishnan_2019	FASTQ	DNA	17,287,477	1,743,618,736	50	100.9	101
SRR5930493	Frankel_2017	FASTQ	DNA	36,067,122	3,551,378,182	35	98.5	100
SRR5930494	Frankel_2017	FASTQ	DNA	55,382,132	5,491,010,610	35	99.1	100
SRR5930495	Frankel_2017	FASTQ	DNA	48,725,996	4,843,984,492	35	99.4	100
SRR5930497	Frankel_2017	FASTQ	DNA	52,929,172	5,266,667,680	35	99.5	100
SRR5930498	Frankel_2017	FASTQ	DNA	54,317,314	5,374,600,571	35	98.9	100
SRR5930499	Frankel_2017	FASTQ	DNA	47,189,970	4,682,706,939	35	99.2	100
SRR5930501	Frankel_2017	FASTQ	DNA	35,766,732	3,516,787,814	35	98.3	100
SRR5930502	Frankel_2017	FASTQ	DNA	50,953,650	4,985,807,530	35	97.8	100
SRR5930503	Frankel_2017	FASTQ	DNA	54,487,477	5,465,393,419	100	100.3	101
SRR5930504	Frankel_2017	FASTQ	DNA	45,627,563	4,790,894,115	105	105	105
SRR5930505	Frankel_2017	FASTQ	DNA	50,164,221	5,267,243,205	105	105	105
SRR5930506	Frankel_2017	FASTQ	DNA	55,837,313	5,862,917,865	105	105	105
SRR5930507	Frankel_2017	FASTQ	DNA	48,525,757	5,095,204,485	105	105	105
SRR5930508	Frankel_2017	FASTQ	DNA	44,371,081	4,450,898,498	100	100.3	101
SRR5930509	Frankel_2017	FASTQ	DNA	43,249,262	4,338,196,597	100	100.3	101
SRR5930510	Frankel_2017	FASTQ	DNA	26,938,477	2,675,619,191	35	99.3	100
SRR5930511	Frankel_2017	FASTQ	DNA	34,863,415	3,469,395,509	35	99.5	100
SRR5930512	Frankel_2017	FASTQ	DNA	27,658,163	2,744,599,121	35	99.2	100
SRR5930513	Frankel_2017	FASTQ	DNA	19,851,797	1,896,248,988	35	95.5	100
SRR5930514	Frankel_2017	FASTQ	DNA	30,772,313	3,054,972,637	35	99.3	100
SRR5930515	Frankel_2017	FASTQ	DNA	26,293,603	2,609,133,364	35	99.2	100
SRR5930516	Frankel_2017	FASTQ	DNA	45,949,708	4,609,240,049	100	100.3	101
SRR5930517	Frankel_2017	FASTQ	DNA	32,005,065	3,181,305,905	35	99.4	100
SRR5930518	Frankel_2017	FASTQ	DNA	50,452,873	5,297,551,665	105	105	105
SRR5930519	Frankel_2017	FASTQ	DNA	48,086,433	5,049,075,465	105	105	105
SRR5930520	Frankel_2017	FASTQ	DNA	42,046,273	4,217,505,240	100	100.3	101
SRR5930521	Frankel_2017	FASTQ	DNA	34,035,103	3,222,354,998	35	94.7	100
SRR5930522	Frankel_2017	FASTQ	DNA	29,677,309	2,953,197,896	35	99.5	100
SRR5930523	Frankel_2017	FASTQ	DNA	31,201,086	3,102,612,778	35	99.4	100
SRR5930526	Frankel_2017	FASTQ	DNA	60,853,881	6,047,990,610	35	99.4	100
SRR5930527	Frankel_2017	FASTQ	DNA	50,551,417	5,020,879,410	35	99.3	100
SRR5930528	Frankel_2017	FASTQ	DNA	52,671,147	5,220,596,432	35	99.1	100
SRR5930529	Frankel_2017	FASTQ	DNA	49,495,019	4,964,771,234	100	100.3	101
SRR5930530	Frankel_2017	FASTQ	DNA	47,490,244	4,763,421,256	100	100.3	101
SRR5930531	Frankel_2017	FASTQ	DNA	43,255,420	4,338,545,711	100	100.3	101
SRR5930532	Frankel_2017	FASTQ	DNA	55,625,159	5,579,823,858	100	100.3	101
SRR5930533	Frankel_2017	FASTQ	DNA	36,137,026	3,595,923,140	35	99.5	100
SRR5930534	Frankel_2017	FASTQ	DNA	36,363,921	3,619,082,681	35	99.5	100
SRR5930536	Frankel_2017	FASTQ	DNA	53,034,485	5,319,841,680	100	100.3	101
