sampleid	dataset	raw	filtered	perc_filtered
ERR12405909	Gunjur_2024	23091379	10978701	52.4554120392723
ERR12405910	Gunjur_2024	21761630	10388996	52.2600283158936
ERR12405911	Gunjur_2024	20030906	10146713	49.3447126155951
ERR12405912	Gunjur_2024	20359853	10190026	49.9503950249543
ERR12405913	Gunjur_2024	18819673	8527687	54.6873795309833
ERR12405914	Gunjur_2024	18514290	8851320	52.1919555111214
ERR12405915	Gunjur_2024	19863654	10786567	45.6969649189419
ERR12405916	Gunjur_2024	15331918	7805132	49.0922662122247
ERR12405917	Gunjur_2024	20063658	9389567	53.2011211514869
ERR12405918	Gunjur_2024	22858385	12535587	45.1597870978199
ERR12405919	Gunjur_2024	23576315	11850124	49.7371663044034
ERR12405920	Gunjur_2024	18850410	9773129	48.1542894822977
ERR12405921	Gunjur_2024	20449796	9405669	54.0060497425011
ERR12405922	Gunjur_2024	20380404	9184343	54.9354222811285
ERR12405923	Gunjur_2024	22915396	10393998	54.641857378332
ERR12405924	Gunjur_2024	18353567	8400891	54.22747523683
ERR12405925	Gunjur_2024	18483353	9909276	46.3881039333069
ERR12405926	Gunjur_2024	20862067	10027579	51.9339143144349
ERR12405927	Gunjur_2024	19298632	9408670	51.2469588517984
ERR12405928	Gunjur_2024	21496016	11250201	47.6637856987081
ERR12405929	Gunjur_2024	23278615	11655128	49.93203848253
ERR12405930	Gunjur_2024	17295495	8314217	51.9284241358805
ERR12405931	Gunjur_2024	21256871	11319673	46.7481690978884
ERR12405932	Gunjur_2024	21808969	10921634	49.9213649210102
ERR12405933	Gunjur_2024	23263636	11814905	49.2129906090346
ERR12405934	Gunjur_2024	21660373	9965255	53.9931514568101
ERR12405935	Gunjur_2024	19863081	10197725	48.6599032647554
ERR12405936	Gunjur_2024	9438084	3964159	57.9982653258861
ERR12405937	Gunjur_2024	17348241	9118925	47.4360253584211
ERR12405938	Gunjur_2024	21249937	10533788	50.4290859779961
ERR12405939	Gunjur_2024	19121164	10522116	44.9713626220663
ERR12405940	Gunjur_2024	19007870	7852921	58.6859495566836
ERR12405941	Gunjur_2024	18759105	8555460	54.393026746212
ERR12405942	Gunjur_2024	25309698	13488688	46.705456540809
ERR12405943	Gunjur_2024	28049468	14278539	49.0951521790003
ERR12405944	Gunjur_2024	18122468	8815932	51.3535794352072
ERR12405945	Gunjur_2024	19619428	9020372	54.0232671411215
ERR12405946	Gunjur_2024	20646135	9178344	55.5444929523129
ERR12405947	Gunjur_2024	19853425	10131954	48.9662161566581
ERR12405948	Gunjur_2024	19242533	8268002	57.0326734011577
ERR12405949	Gunjur_2024	21748498	10532656	51.5706509939215
ERR12405950	Gunjur_2024	23605145	10452367	55.71996274541
ERR12405952	Gunjur_2024	20427761	9999958	51.0472146213185
ERR12405953	Gunjur_2024	19742949	9465042	52.0586210297155
ERR12405954	Gunjur_2024	16893209	7750873	54.118409356091
ERR12405955	Gunjur_2024	21815376	12153055	44.2913337821911
ERR12405956	Gunjur_2024	53909635	24844489	53.9145664777734
ERR12405957	Gunjur_2024	30047441	15069467	49.8477524259054
ERR12405958	Gunjur_2024	22210717	9937246	55.2592291369972
ERR12405959	Gunjur_2024	19959340	9847139	50.6640049220064
ERR12405960	Gunjur_2024	22019672	11266799	48.8330298471294
ERR12405961	Gunjur_2024	21096465	10352043	50.929963858874
ERR12405962	Gunjur_2024	18049189	9605073	46.7839081301659
ERR12405963	Gunjur_2024	22884955	11530078	49.6172135798388
ERR12405964	Gunjur_2024	19596658	8629108	55.9664306026058
ERR12405965	Gunjur_2024	21284956	11615610	45.4280760552195
ERR12405966	Gunjur_2024	21581123	10438722	51.6303113605349
ERR12405967	Gunjur_2024	21653660	11192166	48.3128210196336
ERR12405968	Gunjur_2024	20047199	9732391	51.4526144026405
ERR12405969	Gunjur_2024	20314532	9784870	51.8331507710835
ERR12405970	Gunjur_2024	21118963	10893917	48.4164208252081
ERR12405971	Gunjur_2024	20502060	9981538	51.3144630344463
ERR12405972	Gunjur_2024	23501023	10977980	53.2872249859081
ERR12405973	Gunjur_2024	22094096	10576759	52.128573171765
ERR12405974	Gunjur_2024	28075306	15392992	45.1724871671924
ERR12405975	Gunjur_2024	21341238	10840802	49.2025626629533
ERR12405976	Gunjur_2024	22289986	11836767	46.8964807784087
ERR12405977	Gunjur_2024	18267077	8969423	50.8984223365347
ERR12405978	Gunjur_2024	19023226	8662640	54.4628234979703
ERR12405979	Gunjur_2024	18909533	9999370	47.1199526714911
ERR12405980	Gunjur_2024	30980500	12798060	58.6899501299204
ERR12405981	Gunjur_2024	18541730	8904761	51.9744867388318
ERR12405982	Gunjur_2024	23420077	11477543	50.9927187686018
ERR12405983	Gunjur_2024	19173186	9219278	51.9157744570986
ERR12405984	Gunjur_2024	17203241	9812362	42.962131379779
ERR12405985	Gunjur_2024	21055879	10378290	50.7107254938158
ERR12405986	Gunjur_2024	17067771	7846794	54.0256662688994
ERR12405987	Gunjur_2024	16092316	7231512	55.0623291265222
ERR12405988	Gunjur_2024	20228260	9458901	53.2391762811038
ERR12405989	Gunjur_2024	18995657	8820302	53.5667442300101
ERR12405990	Gunjur_2024	23773728	10950118	53.9402570770558
ERR12405991	Gunjur_2024	26914698	12934213	51.9436814784249
ERR12405992	Gunjur_2024	20656921	10597477	48.6976931363585
ERR12405993	Gunjur_2024	19542618	8617706	55.9030115617058
ERR12405994	Gunjur_2024	18450291	10329517	44.0143410204208
ERR12405995	Gunjur_2024	19363594	9681968	49.9991168994764
ERR12405996	Gunjur_2024	20741472	10208607	50.7816658335532
ERR12405997	Gunjur_2024	21667588	11237554	48.1365715464038
ERR12405998	Gunjur_2024	21219207	9911535	53.2897954197817
ERR12405999	Gunjur_2024	22045926	10994512	50.1290533225957
ERR12406000	Gunjur_2024	19894951	11135837	44.0268186636901
ERR12406001	Gunjur_2024	19100061	9618167	49.6432655372148
ERR12406002	Gunjur_2024	20087735	11120540	44.640149822765
ERR12406003	Gunjur_2024	18983998	9247123	51.2899074262439
ERR12406004	Gunjur_2024	21778904	10700545	50.8673852458324
ERR12406005	Gunjur_2024	17661768	9329222	47.1784364962783
ERR12406006	Gunjur_2024	18201895	9560137	47.4772434408615
ERR12406007	Gunjur_2024	26031646	12201608	53.1277891532483
ERR12406008	Gunjur_2024	18316431	8731426	52.3300909440273
ERR12406009	Gunjur_2024	19431927	9259022	52.3514986444731
ERR12406010	Gunjur_2024	21454857	10339146	51.8097650336239
ERR12406011	Gunjur_2024	20348821	10230796	49.7229053221314
ERR12406012	Gunjur_2024	21031082	10923525	48.0600902987302
ERR12406013	Gunjur_2024	20398405	10213593	49.929452817512
ERR12406014	Gunjur_2024	19960209	9842831	50.6877357847305
ERR12406015	Gunjur_2024	23664328	10673040	54.8981910663172
ERR2162200	Gopalakrishnan_2019	12221303	11639509	4.76049075945502
ERR2162201	Gopalakrishnan_2019	13918013	13312157	4.35303516385565
ERR2162202	Gopalakrishnan_2019	20813974	17232733	17.2059453903421
ERR2162203	Gopalakrishnan_2019	8707384	7548243	13.3121612645084
ERR2162204	Gopalakrishnan_2019	8063195	6921212	14.1629093678126
ERR2162205	Gopalakrishnan_2019	21616115	18109641	16.2215735806365
ERR2162206	Gopalakrishnan_2019	13496457	12752273	5.51392117205279
ERR2162207	Gopalakrishnan_2019	8932629	8530282	4.50423945738707
ERR2162208	Gopalakrishnan_2019	18979022	17542514	7.56892531132532
ERR2162209	Gopalakrishnan_2019	20006202	18424720	7.90495867231571
ERR2162210	Gopalakrishnan_2019	14332130	13640303	4.82710525232467
ERR2162211	Gopalakrishnan_2019	19724770	18202786	7.71610518145459
ERR2162212	Gopalakrishnan_2019	19119666	17711419	7.36543724142462
ERR2162213	Gopalakrishnan_2019	20140734	18670141	7.30158593028438
ERR2162214	Gopalakrishnan_2019	15320231	14231318	7.10768003432847
ERR2162215	Gopalakrishnan_2019	18234407	16881650	7.41870574677861
ERR2162216	Gopalakrishnan_2019	21516313	19985684	7.11380709139155
ERR2162217	Gopalakrishnan_2019	13533811	12499353	7.64350854315906
ERR2162218	Gopalakrishnan_2019	12944550	12020492	7.13858728190628
ERR2162219	Gopalakrishnan_2019	16324351	15124932	7.34742226505666
ERR2162220	Gopalakrishnan_2019	17308536	15988014	7.62931076319799
ERR2162221	Gopalakrishnan_2019	18980740	17514381	7.72551017505113
ERR2162222	Gopalakrishnan_2019	13315049	12268460	7.86019638380601
ERR2162223	Gopalakrishnan_2019	13408007	12405806	7.47464556067132
ERR2162224	Gopalakrishnan_2019	17287477	16089084	6.93214515918083
ERR6229432	Lee_2022	42588899	21286433	50.0188229801386
ERR6230245	Lee_2022	4545803	2756731	39.3565669255795
ERR6230278	Lee_2022	6411235	4093782	36.146748637353
ERR6230326	Lee_2022	8278742	5486455	33.7283973821143
ERR6230340	Lee_2022	8454401	5800218	31.3940987658381
ERR6231475	Lee_2022	10459736	6759405	35.3769062622613
ERR6231548	Lee_2022	6394390	3781061	40.8690899366476
ERR6231616	Lee_2022	12038579	7434882	38.2411993973707
ERR6232382	Lee_2022	14272329	9321572	34.6878004283674
ERR6232425	Lee_2022	10235989	4905347	52.0774494775248
ERR6232458	Lee_2022	14167742	6551015	53.7610509846947
ERR6232518	Lee_2022	12070548	8894194	26.3149113031157
ERR6232521	Lee_2022	5259874	3913956	25.5884076310573
ERR6232522	Lee_2022	7846034	4804881	38.7603851831384
ERR6232523	Lee_2022	6657762	3633946	45.4179046953015
ERR6232524	Lee_2022	32129876	23671395	26.3259061441756
ERR6232525	Lee_2022	8861293	6710990	24.2662442151501
ERR6232526	Lee_2022	9542197	5010057	47.4957706280849
ERR6232527	Lee_2022	20672046	9445576	54.307493317304
ERR6232528	Lee_2022	9357361	4644551	50.3647342450505
ERR6232529	Lee_2022	8968098	5668622	36.7912571874215
ERR6232686	Lee_2022	14039414	9710191	30.8362086907616
ERR6232687	Lee_2022	8095343	5057749	37.522733749515
ERR6232688	Lee_2022	14771859	9613591	34.9195588720418
ERR6233692	Lee_2022	10555473	7254625	31.2714361544954
ERR6233693	Lee_2022	10775236	6232212	42.1617122817542
ERR6233694	Lee_2022	21156303	13268299	37.2844159019655
ERR6233695	Lee_2022	45917908	23510131	48.7996469699796
ERR6235716	Lee_2022	7704130	4286145	44.3656194794221
ERR6235717	Lee_2022	8836630	6016602	31.9129351347742
ERR6235718	Lee_2022	19722170	12448308	36.8816514612743
ERR6236131	Lee_2022	15257335	9949975	34.7856293382822
ERR6239138	Lee_2022	6012461	3854188	35.8966652756666
ERR6239139	Lee_2022	21745035	13790154	36.5825164227144
ERR6243877	Lee_2022	16322214	8998563	44.8692254616929
ERR6243878	Lee_2022	25922847	18929904	26.9759837721528
ERR6243879	Lee_2022	10124203	5419629	46.4685862185893
ERR6243880	Lee_2022	23110113	14882864	35.6002110418067
ERR6248618	Lee_2022	16223302	9008326	44.4729192614426
ERR6254869	Lee_2022	15240086	7208140	52.702760338754
ERR6254870	Lee_2022	20874310	14509655	30.490373094967
ERR6254871	Lee_2022	20398724	13312638	34.7378885071439
ERR6257997	Lee_2022	13649944	6759057	50.4828957540046
ERR6264280	Lee_2022	34673788	19533150	43.6659473144382
ERR6264281	Lee_2022	50133027	30270320	39.6200033961644
ERR6267711	Lee_2022	8515601	4361994	48.7764398543332
ERR6267712	Lee_2022	23868354	10524384	55.9065363283953
ERR6271719	Lee_2022	20988034	9213584	56.1007762804272
ERR6271720	Lee_2022	10325646	4614426	55.3110187972743
ERR6271721	Lee_2022	40494246	25690133	36.5585594555829
ERR6273965	Lee_2022	42200909	21836069	48.2568752251284
ERR6275652	Lee_2022	28194070	15415196	45.3246870707209
ERR6275659	Lee_2022	18426511	8075600	56.1740147117379
ERR6275661	Lee_2022	79064956	35214733	55.461009805659
ERR6275663	Lee_2022	31913974	16707105	47.6495625395947
ERR6275664	Lee_2022	14794491	7012094	52.6033440420492
ERR6275665	Lee_2022	22232979	10636254	52.160014184334
ERR6275666	Lee_2022	28900563	14913422	48.3974689351207
ERR6275667	Lee_2022	18051939	8854768	50.948382885628
ERR6275668	Lee_2022	46999020	23466731	50.0697440074282
ERR6275669	Lee_2022	20803060	9417854	54.7285159010261
ERR6275670	Lee_2022	22627757	9848705	56.4751159383584
ERR6275671	Lee_2022	16843597	8476122	49.6774827847045
ERR6275672	Lee_2022	15741745	8324616	47.1175781338092
ERR6275673	Lee_2022	31084177	16409036	47.2109684615423
ERR6275674	Lee_2022	72946561	30516142	58.1664418696859
ERR6275675	Lee_2022	27770017	15390192	44.5798250681661
ERR6275676	Lee_2022	15153108	8182369	46.0020412974025
ERR6275677	Lee_2022	33908313	15192423	55.1955799157569
ERR6275678	Lee_2022	5635630	3256200	42.221189112841
ERR6275679	Lee_2022	15350255	8410887	45.2068581271125
ERR6275680	Lee_2022	31693580	16042739	49.3817391408607
ERR6275681	Lee_2022	4379384	2456237	43.9136417359154
ERR6275682	Lee_2022	17362142	8180047	52.885726887846
ERR6275683	Lee_2022	23894049	12459716	47.8543130132528
ERR6275684	Lee_2022	6911503	3704821	46.3963048268951
ERR6279614	Lee_2022	15178767	9422730	37.9216375085012
ERR6279615	Lee_2022	5562943	3248297	41.6082997794513
ERR6279616	Lee_2022	11242045	5839507	48.0565413143249
ERR6279618	Lee_2022	50500208	23899822	52.6738147296344
ERR6279619	Lee_2022	18329468	9262503	49.4666020857779
ERR6279620	Lee_2022	10120170	6388737	36.8712482102573
ERR6279621	Lee_2022	9659469	4978312	48.4618460911257
ERR6279622	Lee_2022	32240276	20039605	37.8429483668192
ERR6279623	Lee_2022	19376081	12013961	37.9959187825443
ERR6279624	Lee_2022	40680576	23771800	41.5647408728923
ERR6279625	Lee_2022	23568765	15214861	35.4448101120275
ERR6279626	Lee_2022	27857490	17734166	36.3396845875203
ERR6279627	Lee_2022	12519541	8788585	29.8010605979884
ERR6279628	Lee_2022	31409522	20756241	33.9173611110669
ERR6279629	Lee_2022	15258729	8780366	42.4567668775034
ERR6279644	Lee_2022	22137412	13344177	39.7211516865657
ERR6279645	Lee_2022	10177573	5946484	41.5726715986218
ERR6279646	Lee_2022	6184800	3960358	35.9662721510801
ERR6279647	Lee_2022	33260694	20033093	39.7694678289034
ERR6279648	Lee_2022	18130237	11857969	34.5956205646953
ERR6279649	Lee_2022	10103525	5733972	43.2478070772329
ERR6279650	Lee_2022	10013141	5508462	44.9876717006182
ERR6279651	Lee_2022	10550536	5526693	47.6169457172602
ERR6279652	Lee_2022	7692819	4502428	41.4723263344685
ERR6279653	Lee_2022	21197222	12066412	43.0755030069506
ERR6279654	Lee_2022	31174277	18176893	41.6926557751444
ERR6279655	Lee_2022	67659047	41823441	38.1849983787091
ERR6279656	Lee_2022	26259641	13253313	49.5297251017255
ERR6279657	Lee_2022	90994357	54184643	40.4527436794789
ERR6279658	Lee_2022	5668392	2938049	48.1678578334032
ERR6279659	Lee_2022	20502242	12302383	39.994938114573
ERR6279660	Lee_2022	13425999	7709007	42.5815017564056
ERR6279661	Lee_2022	57604283	33768447	41.3785829084966
ERR6279662	Lee_2022	18195696	8941150	50.8611816772494
ERR6279663	Lee_2022	22262156	13809894	37.9669516285844
ERR6279664	Lee_2022	29949225	21005872	29.8617176237449
ERR6279665	Lee_2022	30078435	11331540	62.3266968510828
ERR6279666	Lee_2022	40046234	24942491	37.7157637344875
ERR6279667	Lee_2022	31835176	18589855	41.605929868269
ERR6279668	Lee_2022	8063632	4853523	39.8097160187866
ERR6279669	Lee_2022	104175966	62581944	39.9266967200477
ERR6279670	Lee_2022	65951050	32577438	50.6036097984793
ERR6279671	Lee_2022	17968253	9866714	45.0880728360181
ERR6279672	Lee_2022	41269331	25991812	37.0190614429878
ERR6279673	Lee_2022	14339380	7923913	44.7401979722973
ERR6279674	Lee_2022	24590945	14707932	40.1896429763069
ERR6279675	Lee_2022	17571285	11686503	33.490902913475
ERR6279676	Lee_2022	39313267	23072843	41.3102884580923
ERR6279677	Lee_2022	35970880	20262565	43.6695321326584
ERR6279678	Lee_2022	32486841	17466607	46.2348247402695
ERR6279679	Lee_2022	21597159	13430017	37.8158164228915
ERR6279680	Lee_2022	16971198	11807675	30.4252121741789
ERR6279681	Lee_2022	58838793	39850484	32.2717513936766
ERR6279682	Lee_2022	16195842	10189690	37.0845307085609
ERR6279683	Lee_2022	13373761	6499604	51.4003278509314
ERR6280899	Lee_2022	76429295	46196327	39.5567798970277
ERR6280907	Lee_2022	41343579	22290158	46.0855626456529
ERR6280910	Lee_2022	25169518	16191630	35.6696858477783
ERR6280948	Lee_2022	8570604	4274094	50.1307725803222
ERR6281000	Lee_2022	54630929	37527418	31.307377181889
ERR6281340	Lee_2022	30225045	17060484	43.555141108971
ERR6281341	Lee_2022	45267011	27328535	39.6281433293663
ERR6281342	Lee_2022	20763950	14379174	30.7493323765469
ERR6281343	Lee_2022	60267860	34552966	42.6676739476066
ERR6281344	Lee_2022	28700002	16036269	44.1245021516026
ERR6281431	Lee_2022	15664069	8583326	45.2037270775556
ERR6281432	Lee_2022	59898506	33296668	44.4115217164181
ERR6281433	Lee_2022	16780589	9779041	41.7240896609767
ERR6281434	Lee_2022	76841502	54193490	29.4736716624826
ERR6281448	Lee_2022	37100376	25453632	31.392522814324
ERR6281499	Lee_2022	14216539	8856508	37.702784060171
ERR6281500	Lee_2022	41615018	24089365	42.1137700817527
ERR6281504	Lee_2022	29505254	18884500	35.996144957776
ERR6281505	Lee_2022	12966972	7524304	41.9733149728402
ERR6281518	Lee_2022	59830490	34555345	42.2445896732586
ERR6281586	Lee_2022	24297152	12701728	47.7233874982549
ERR6281658	Lee_2022	23033521	11687365	49.2593207959825
ERR6281677	Lee_2022	9000378	4615042	48.7239091513712
ERR6281751	Lee_2022	38261189	22063343	42.3349258696587
ERR6281939	Lee_2022	8802323	4759293	45.9313978821273
ERR6281941	Lee_2022	39883201	21397170	46.3504195663733
ERR6281942	Lee_2022	59047634	35947695	39.1208545290739
ERR6281944	Lee_2022	19713182	10210271	48.2058705692465
ERR6281997	Lee_2022	26282976	12830381	51.1836825479733
ERR6282070	Lee_2022	43799421	22814599	47.9111858579135
ERR6282137	Lee_2022	57123253	30546117	46.5259497739038
ERR6282298	Lee_2022	45935289	24857162	45.8865666437845
ERR6282383	Lee_2022	73928100	39183867	46.9973298380453
SRR11413606	Peng_2020	26625980	21764727	18.2575552148691
SRR11413607	Peng_2020	26226871	21690190	17.297835490936
SRR11413608	Peng_2020	26194149	21581959	17.6077107906808
SRR11413609	Peng_2020	19800543	16140886	18.4826092900584
SRR11413610	Peng_2020	21536968	17081884	20.6857529806424
SRR11413611	Peng_2020	25363124	20760603	18.1465067158131
SRR11413612	Peng_2020	21552226	17371612	19.3975972597912
SRR11413613	Peng_2020	23539387	19178127	18.5275003125612
SRR11413614	Peng_2020	23769753	19171088	19.3467092401002
SRR11413615	Peng_2020	23111523	18864353	18.3768503702677
SRR11413617	Peng_2020	25387084	20022900	21.1295791198391
SRR11413618	Peng_2020	33743123	28336786	16.0220409948421
SRR11413619	Peng_2020	25853019	21735751	15.9256758369303
SRR11413620	Peng_2020	25568725	20692715	19.0702117528348
SRR11413645	Peng_2020	25660451	21003368	18.1488743124585
SRR11413646	Peng_2020	24499261	20014189	18.3069685244792
SRR11413647	Peng_2020	27396533	21573237	21.2555946403875
SRR11413648	Peng_2020	29591479	24420224	17.4754867777984
SRR11413649	Peng_2020	30341804	24340693	19.7783592564239
SRR11413650	Peng_2020	27394690	22560899	17.6449925149728
SRR11413652	Peng_2020	27991630	23329262	16.656293327684
SRR11413653	Peng_2020	24411280	19925657	18.375206052284
SRR11413654	Peng_2020	25210468	20574422	18.3893690509831
SRR11413655	Peng_2020	24430658	19267515	21.133867945759
SRR11413656	Peng_2020	24074307	19747134	17.9742370154206
SRR11413657	Peng_2020	25619798	20303355	20.7513072507441
SRR11413678	Peng_2020	30874108	25973404	15.8731840932862
SRR11413679	Peng_2020	25488925	20178344	20.8348567073739
SRR11413680	Peng_2020	22499157	18462958	17.9393343492825
SRR11413681	Peng_2020	25228757	20714845	17.8919318141595
SRR11413683	Peng_2020	25539117	20135266	21.1591144674266
SRR11413684	Peng_2020	23504995	19342596	17.7085721566841
SRR11413685	Peng_2020	27046595	21868406	19.1454377159121
SRR11413686	Peng_2020	22514612	18211574	19.1122014449994
SRR11413687	Peng_2020	28626739	21185779	25.9930409817199
SRR11413688	Peng_2020	24293684	19502614	19.7214634058795
SRR11413689	Peng_2020	23995004	20110321	16.1895492911775
SRR11413690	Peng_2020	20522979	16332965	20.416207608067
SRR11413691	Peng_2020	29086652	22528751	22.546084025071
SRR11413692	Peng_2020	21222478	17509899	17.493616909392
SRR13022250	Davar_2021	18164867	11853656	34.744052901681
SRR13022251	Davar_2021	17825813	12181432	31.6640873546693
SRR13022252	Davar_2021	8174923	5421041	33.686947265436
SRR13022253	Davar_2021	11240509	7130921	36.5605151866343
SRR13022254	Davar_2021	22398359	13444440	39.9757812614755
SRR13022255	Davar_2021	4900415	3343590	31.7692481147005
SRR13022256	Davar_2021	4660297	3030274	34.9768051263686
SRR13022257	Davar_2021	7002735	4702718	32.8445528782683
SRR13022258	Davar_2021	14152434	9073041	35.8905966281136
SRR13022259	Davar_2021	11606066	7887721	32.0379446403286
SRR13022260	Davar_2021	6072023	4077776	32.8432056334437
SRR13022261	Davar_2021	10601977	7306157	31.0868435198454
SRR13022262	Davar_2021	7462067	5122237	31.3563252648361
SRR13022263	Davar_2021	8924901	6211322	30.4045837595285
SRR13022264	Davar_2021	9514450	6607897	30.5488283610718
SRR13022265	Davar_2021	12269390	8112422	33.8808041801589
SRR13022266	Davar_2021	12964912	8883284	31.4821111011012
SRR13022267	Davar_2021	7650192	5051551	33.9683108606947
SRR13022268	Davar_2021	11512608	6991635	39.2697553847052
SRR13022269	Davar_2021	9185940	5688255	38.0765060516398
SRR13022270	Davar_2021	13329650	9266729	30.4803276905245
SRR13022271	Davar_2021	14674055	9374114	36.1177670384907
SRR13022272	Davar_2021	10065196	6612687	34.3014582130343
SRR13022273	Davar_2021	11527947	7805217	32.293087398823
SRR13022274	Davar_2021	8660353	5399214	37.6559592894193
SRR13022275	Davar_2021	7005440	4598806	34.353787913393
SRR13022276	Davar_2021	7780948	4786958	38.4784733171331
SRR13022277	Davar_2021	9796780	6645965	32.1617408985401
SRR13022278	Davar_2021	7207239	4598401	36.1974675739212
SRR13022279	Davar_2021	21986834	15553272	29.2609749998567
SRR13022280	Davar_2021	19259552	12568607	34.7409171303673
SRR13022281	Davar_2021	19109530	12726957	33.3999475654294
SRR13022282	Davar_2021	18089787	11940637	33.9923847638449
SRR13022283	Davar_2021	23699242	16084721	32.1298082023045
SRR13022284	Davar_2021	22802246	14685416	35.5966249991339
SRR13022285	Davar_2021	17472914	11657462	33.2826682486962
SRR13022286	Davar_2021	23074764	15118563	34.4800969578714
SRR13022287	Davar_2021	11357863	8176733	28.0081737207078
SRR13022288	Davar_2021	8288919	4547438	45.1383467494374
SRR13022289	Davar_2021	8710740	4856793	44.2436233890577
SRR13022290	Davar_2021	8238363	4958225	39.8154099303466
SRR13022291	Davar_2021	11739342	6854928	41.6072212565236
SRR13022292	Davar_2021	6958692	4168197	40.1008551607112
SRR13022293	Davar_2021	8177090	5001152	38.8394648952133
SRR13022294	Davar_2021	6811424	3852682	43.4379360321718
SRR13022295	Davar_2021	8443065	4905493	41.899144445767
SRR13022296	Davar_2021	9154107	5959620	34.8967627317443
SRR13022297	Davar_2021	11186629	7734242	30.8617278717297
SRR13022298	Davar_2021	10051041	6307454	37.2457638964959
SRR13022299	Davar_2021	9793912	7003212	28.4942319269358
SRR13022300	Davar_2021	12305647	7733106	37.1580705996198
SRR13022301	Davar_2021	10950470	7214674	34.1153941337678
SRR13022302	Davar_2021	8985124	6139114	31.6746880733087
SRR13022303	Davar_2021	10734014	7057378	34.2522005281528
SRR13022304	Davar_2021	10355989	7369638	28.836946427811
SRR13022305	Davar_2021	10072079	6666324	33.813823342728
SRR13022306	Davar_2021	8069356	5718349	29.1350016035976
SRR13022307	Davar_2021	15556466	10771451	30.7590104333465
SRR13022308	Davar_2021	10874714	7106545	34.6507411597215
SRR13022309	Davar_2021	12833747	8545242	33.4158449593872
SRR13022310	Davar_2021	12705485	8749504	31.1360093691819
SRR13022311	Davar_2021	15003865	9801665	34.6723994117516
SRR13022312	Davar_2021	19556720	14155192	27.619805366135
SRR13022313	Davar_2021	10161413	7087673	30.2491395635627
SRR13022314	Davar_2021	14270270	9681730	32.1545422756542
SRR13022315	Davar_2021	16349505	11392203	30.3208078776697
SRR13022316	Davar_2021	10644608	7101090	33.2893235711451
SRR13022317	Davar_2021	13494097	9300436	31.0777445871332
SRR13022318	Davar_2021	8601189	5657373	34.2256867044777
SRR13022319	Davar_2021	10730951	7017805	34.6022081360729
SRR13022320	Davar_2021	10742217	6802198	36.6778943303789
SRR13022321	Davar_2021	15015888	9540969	36.4608406775543
SRR13022322	Davar_2021	11753663	7585504	35.4626383281535
SRR13022323	Davar_2021	6384218	3884540	39.154020116481
SRR13022324	Davar_2021	9346881	6543391	29.9938557043788
SRR13022325	Davar_2021	11349017	7455447	34.3075528039124
SRR13022326	Davar_2021	7385419	5088377	31.1023924302738
SRR13022327	Davar_2021	9778633	6640537	32.0913567366727
SRR13022328	Davar_2021	11023579	6986258	36.6244120897578
SRR13022329	Davar_2021	11207462	6765442	39.6344863805918
SRR13022330	Davar_2021	19078030	12937971	32.1839256988274
SRR13022331	Davar_2021	12928098	8888924	31.243373928632
SRR13022332	Davar_2021	10070132	6834492	32.1310584608027
SRR13022333	Davar_2021	14193248	9306419	34.4306602688828
SRR13022334	Davar_2021	9118428	6117052	32.9154981538484
SRR13022335	Davar_2021	10468307	6687718	36.1146171964578
SRR13022336	Davar_2021	9312398	5325828	42.8092742599704
SRR13022337	Davar_2021	10898164	6139367	43.666043197735
SRR13022338	Davar_2021	15147929	9875704	34.8049228379668
SRR13022339	Davar_2021	6037831	3778687	37.4164828396158
SRR13022340	Davar_2021	6825861	4300495	36.9970323157767
SRR13022341	Davar_2021	10257016	6082556	40.698581341786
SRR13022342	Davar_2021	11392670	7481558	34.3300736350653
SRR13022343	Davar_2021	9330569	6188654	33.6733483242019
SRR13022344	Davar_2021	10651438	4802808	54.9092995706307
SRR13022345	Davar_2021	13597781	8193295	39.7453525689228
SRR13022346	Davar_2021	9501329	5548705	41.6007486952615
SRR13022347	Davar_2021	13007832	7609167	41.5031882330584
SRR13022348	Davar_2021	9343792	5775807	38.1856209984126
SRR13022349	Davar_2021	11521817	8174582	29.0512772421225
SRR13022350	Davar_2021	9530405	5993835	37.1082865838335
SRR13022351	Davar_2021	10974696	6270452	42.86445838682
SRR13022352	Davar_2021	8319814	5670391	31.8447383559296
SRR13022353	Davar_2021	11902165	7448260	37.4209650093071
SRR13022354	Davar_2021	12055189	6613300	45.1414656377432
SRR13022355	Davar_2021	10356246	6124318	40.8635329828975
SRR13022356	Davar_2021	12352170	6763342	45.2457179588688
SRR13022357	Davar_2021	8131174	4582867	43.6383110237218
SRR13022358	Davar_2021	7623710	4265041	44.0555713687955
SRR13022359	Davar_2021	9483904	5765663	39.2058059634513
SRR13022360	Davar_2021	9670074	5533710	42.7748950008035
SRR13022361	Davar_2021	9200447	5122417	44.3242594626109
SRR13022362	Davar_2021	9153896	5182143	43.3886620516554
SRR13022363	Davar_2021	9334161	5245448	43.8037548313126
SRR13022364	Davar_2021	3703099	2369891	36.0024941272162
SRR13022365	Davar_2021	9276870	5167726	44.2945088160123
SRR13022366	Davar_2021	8852156	5003086	43.4817235484779
SRR13022367	Davar_2021	8221992	4735858	42.4001142302255
SRR13022368	Davar_2021	7843363	4052316	48.3344580634608
SRR13022369	Davar_2021	15269702	9761101	36.0753667622328
SRR13022370	Davar_2021	11903781	7902271	33.6154537789296
SRR13022371	Davar_2021	6280464	4268174	32.0404670737703
SRR13022372	Davar_2021	7467697	4822232	35.4254464261204
SRR13022373	Davar_2021	11015889	7150503	35.089187990184
SRR13022374	Davar_2021	13483190	8902300	33.9748234653669
SRR13022375	Davar_2021	9877312	6635396	32.8218446476126
SRR13022376	Davar_2021	8701954	6059000	30.3719601367693
SRR13022377	Davar_2021	8327174	5669657	31.9137921220332
SRR13022378	Davar_2021	15981652	11166272	30.130677354256
SRR13022379	Davar_2021	4691537	3136397	33.1477722545938
SRR13022380	Davar_2021	11713472	8372328	28.5239423460439
SRR13022381	Davar_2021	9834828	6458627	34.3290294451515
SRR13022382	Davar_2021	11199964	7316411	34.6746918115094
SRR13022383	Davar_2021	12770467	8083355	36.702745482996
SRR13022384	Davar_2021	2516932	1643591	34.6986330977555
SRR13022385	Davar_2021	19493226	12869457	33.9798502310495
SRR13022386	Davar_2021	13866499	8890028	35.8884459588538
SRR13022387	Davar_2021	10161477	6351365	37.4956514687776
SRR13022389	Davar_2021	9988454	6854702	31.3737441249667
SRR13022390	Davar_2021	11091465	7670932	30.8393255534774
SRR13022391	Davar_2021	9727033	6617777	31.9651017941442
SRR13022392	Davar_2021	11167474	7475496	33.0600993563988
SRR13022393	Davar_2021	12300375	7920121	35.6107354450576
SRR13022394	Davar_2021	18239924	11409349	37.4484838862267
SRR13022395	Davar_2021	17198220	11439763	33.4828662501119
SRR13022396	Davar_2021	6449058	4055170	37.1199638768949
SRR13022397	Davar_2021	18204277	12548930	31.0660346466932
SRR13022398	Davar_2021	9686285	6639804	31.4514904320903
SRR13022399	Davar_2021	19794237	12381391	37.4495162405098
SRR13022400	Davar_2021	12285913	7723675	37.1338947296794
SRR13022401	Davar_2021	10498727	7109104	32.2860381072867
SRR13022402	Davar_2021	10978610	7643861	30.3749655010971
SRR13022403	Davar_2021	14247617	10104561	29.0789400080027
SRR13022404	Davar_2021	18994471	12729897	32.9810395877832
SRR13022405	Davar_2021	11287560	7571833	32.9187796122457
SRR13022406	Davar_2021	11920170	8832057	25.9066187814436
SRR13022407	Davar_2021	14446305	9000115	37.6995363174182
SRR13022408	Davar_2021	13770162	8614308	37.4422174553938
SRR13022409	Davar_2021	15729531	10095257	35.8197202446786
SRR13022410	Davar_2021	14899741	8865681	40.4977509340599
SRR13022411	Davar_2021	13781013	8901805	35.4052927749215
SRR13022412	Davar_2021	6132883	3583922	41.5621983983715
SRR13022413	Davar_2021	12020604	7489914	37.6910344937742
SRR13022414	Davar_2021	13062463	9023212	30.9225832831067
SRR13022415	Davar_2021	11282312	7444070	34.0199951924747
SRR13022416	Davar_2021	11181918	7814085	30.1185628440488
SRR13022417	Davar_2021	16171125	10914405	32.5068293022285
SRR13022419	Davar_2021	8983564	5837858	35.016236317791
SRR13022420	Davar_2021	13240491	6365822	51.9215563833698
SRR13022421	Davar_2021	9891470	5904538	40.3067693679504
SRR13022422	Davar_2021	7406493	4697144	36.5807272078702
SRR13022423	Davar_2021	10088693	6229869	38.2489981606141
SRR13022424	Davar_2021	25327122	16429605	35.1303910487737
SRR13022425	Davar_2021	12000262	6791609	43.404494001881
SRR13022426	Davar_2021	11751536	7286880	37.9921058830097
SRR13022427	Davar_2021	10930274	7974497	27.0421125765008
SRR13022428	Davar_2021	3184677	2014137	36.7553758199026
SRR13022429	Davar_2021	11975124	5733608	52.1206795019409
SRR13022430	Davar_2021	11703872	7057076	39.7030657888261
SRR13022431	Davar_2021	9791712	5961934	39.1124453006788
SRR13022432	Davar_2021	7656423	5168080	32.5000721616347
SRR13022433	Davar_2021	6560374	4260079	35.0634735153819
SRR13022434	Davar_2021	8836525	5926082	32.9365106758596
SRR13022435	Davar_2021	7007661	4637213	33.8265221448355
SRR13022436	Davar_2021	10878519	7063413	35.0700862865616
SRR13022437	Davar_2021	9695548	6382823	34.1674859430328
SRR13022438	Davar_2021	9342577	6470007	30.7470840218925
SRR13022439	Davar_2021	10095053	6521307	35.4009632242644
SRR13022440	Davar_2021	10882979	7140566	34.3877627623834
SRR13022441	Davar_2021	9774616	6563684	32.8496996710664
SRR13022442	Davar_2021	7173716	4614996	35.6679857412811
SRR13022443	Davar_2021	9650288	6259624	35.1353659082506
SRR13022444	Davar_2021	9047976	5903733	34.7507884636299
SRR13022445	Davar_2021	10120533	6974347	31.0871571685009
SRR13022446	Davar_2021	9319763	6021641	35.388475007358
SRR13022447	Davar_2021	11377547	7311399	35.7383537945394
SRR13022448	Davar_2021	9348581	6087679	34.8812509620444
SRR13022449	Davar_2021	10661625	6923647	35.0601151325431
SRR13022450	Davar_2021	20889117	13314225	36.2623848581058
SRR13022451	Davar_2021	10758213	7081044	34.1801096520398
SRR13022452	Davar_2021	9545552	6943132	27.2631692750718
SRR13022453	Davar_2021	14140386	8585879	39.281155408346
SRR13022454	Davar_2021	8986626	5779145	35.6917156672593
SRR13022455	Davar_2021	9976104	7025009	29.5816382828407
SRR13022456	Davar_2021	9599516	6169323	35.7329786210055
SRR13022457	Davar_2021	10808032	7103098	34.2794506900054
SRR13022458	Davar_2021	10849606	6742726	37.8528031340493
SRR13022459	Davar_2021	13222414	8211026	37.900704062057
SRR13022460	Davar_2021	10281228	6650775	35.3114725205977
SRR13022461	Davar_2021	23625465	15080184	36.169789673981
SRR13022462	Davar_2021	7676586	4935802	35.7031628382721
SRR13022463	Davar_2021	10592536	6628047	37.427194016617
SRR13022464	Davar_2021	10873219	7378397	32.1415580795347
SRR13022465	Davar_2021	10501603	6549906	37.6294647588563
SRR13068812	Baruch_2021	31502014	30066273	4.55761653842195
SRR13068813	Baruch_2021	15401651	12464353	19.0713190423546
SRR13068814	Baruch_2021	11599436	9051299	21.9677663638129
SRR13068815	Baruch_2021	17384822	13369015	23.0995002422228
SRR13068816	Baruch_2021	16855848	13281552	21.2050796851039
SRR13068817	Baruch_2021	16546264	13018822	21.3186614210918
SRR13068818	Baruch_2021	15211012	11821005	22.2865316259036
SRR13068819	Baruch_2021	12844836	9693255	24.535782317501
SRR13068820	Baruch_2021	8523905	6408384	24.8186834555289
SRR13068821	Baruch_2021	13542619	10206484	24.6343414076701
SRR13068822	Baruch_2021	17090225	13402152	21.5800143064237
SRR13068823	Baruch_2021	13804517	10328122	25.1830252373191
SRR13068824	Baruch_2021	13848323	10257880	25.926915482835
SRR13068825	Baruch_2021	15108078	11217417	25.7521903183184
SRR13068826	Baruch_2021	17955303	14510731	19.1841485493172
SRR13068827	Baruch_2021	22900981	19614463	14.3509922129537
SRR13068828	Baruch_2021	15453694	12398750	19.7683738269957
SRR13068829	Baruch_2021	25919349	23211745	10.4462654521146
SRR13068830	Baruch_2021	24853332	21590302	13.129145017658
SRR13068831	Baruch_2021	15567080	12333103	20.7744612348623
SRR13068832	Baruch_2021	16734320	13104087	21.693340392678
SRR13068833	Baruch_2021	18217686	14503382	20.3884510908795
SRR13068834	Baruch_2021	20938105	17243001	17.6477479695512
SRR13068835	Baruch_2021	24290905	21376156	11.9993429639612
SRR13068836	Baruch_2021	16337479	12992403	20.4748602890323
SRR13068837	Baruch_2021	26022844	23033309	11.4881179013332
SRR13068838	Baruch_2021	15058189	12075297	19.8091018780545
SRR13068839	Baruch_2021	12891213	9945802	22.8482067591312
SRR13068840	Baruch_2021	15037269	11766650	21.7500864019923
SRR13068841	Baruch_2021	19865632	16057396	19.1699715367726
SRR13068842	Baruch_2021	14220993	10974852	22.826401785023
SRR13068843	Baruch_2021	25678553	22364843	12.9045822792273
SRR13068844	Baruch_2021	15029469	11528076	23.2968510065126
SRR13068845	Baruch_2021	13696049	10501204	23.3267637988153
SRR13068846	Baruch_2021	17316955	13764584	20.5138316753725
SRR13068847	Baruch_2021	14593556	11273420	22.7506990071508
SRR13068848	Baruch_2021	35248029	31872033	9.57782916031987
SRR13068849	Baruch_2021	17490981	14254950	18.5011406735849
SRR13068850	Baruch_2021	15813048	12744371	19.4059804283146
SRR13068851	Baruch_2021	12024497	9532268	20.726264059112
SRR13068852	Baruch_2021	14037741	10828257	22.8632512880812
SRR13068853	Baruch_2021	14934079	11588267	22.403872378069
SRR16168896	McCulloch_2022	45234488	26953505	40.4138165551913
SRR16168900	McCulloch_2022	24218900	13751988	43.2179496178604
SRR16168902	McCulloch_2022	23283278	12667248	45.5950833039918
SRR16168903	McCulloch_2022	11211637	5968592	46.7643128296073
SRR16168909	McCulloch_2022	24767709	11717010	52.6923947628745
SRR16168913	McCulloch_2022	70213494	40247591	42.6782677984947
SRR16168918	McCulloch_2022	72209592	40638424	43.7215709514049
SRR16168920	McCulloch_2022	29534482	13983599	52.6533121522158
SRR16168925	McCulloch_2022	21969445	13247675	39.6995463472109
SRR16168926	McCulloch_2022	25093504	12508998	50.1504532806578
SRR16168929	McCulloch_2022	28682615	14394831	49.8133939321781
SRR16168930	McCulloch_2022	40073645	18793716	53.1020549790267
SRR16168938	McCulloch_2022	31304919	16102272	48.5631251753119
SRR16168940	McCulloch_2022	39639231	23562199	40.5583852017715
SRR16168941	McCulloch_2022	21319100	10848192	49.115150264317
SRR16168942	McCulloch_2022	45173525	22533883	50.1170586089972
SRR16168943	McCulloch_2022	43116123	21501036	50.1322602683919
SRR16168945	McCulloch_2022	32934888	17146621	47.9378190082201
SRR16168952	McCulloch_2022	45129377	19102379	57.6719638739972
SRR16168969	McCulloch_2022	30080663	15821766	47.4022032027685
SRR16168974	McCulloch_2022	24762394	12332528	50.1965440013595
SRR16168975	McCulloch_2022	31590815	15625476	50.5379142640036
SRR16168976	McCulloch_2022	35357033	19962879	43.5391566933798
SRR16168982	McCulloch_2022	37332422	17804955	52.306992029609
SRR16168984	McCulloch_2022	30256747	16017067	47.0628253592496
SRR16168985	McCulloch_2022	26614430	14128230	46.9151509162511
SRR16168986	McCulloch_2022	31785318	16502600	48.0810605701664
SRR16554624	Spencer_2021	17024652	12293895	27.7876869377418
SRR16554625	Spencer_2021	3383552	3281393	3.01928269463569
SRR16554626	Spencer_2021	7547911	7376993	2.26444111489921
SRR16554627	Spencer_2021	23212916	18973407	18.2635779149849
SRR16554628	Spencer_2021	23441560	18872900	19.4895732195298
SRR16554630	Spencer_2021	21318914	17441654	18.1869489224451
SRR16554631	Spencer_2021	4737823	4591087	3.09711865555128
SRR16554632	Spencer_2021	26063328	21378445	17.9749992019438
SRR16554633	Spencer_2021	22728785	18214599	19.8610968426161
SRR16554634	Spencer_2021	23943442	19344998	19.2054425591776
SRR16554635	Spencer_2021	6919483	6763963	2.247566761852
SRR16554636	Spencer_2021	20514956	16990654	17.1791838110694
SRR16554637	Spencer_2021	7759211	7593565	2.13483046149923
SRR16554638	Spencer_2021	21188397	16758949	20.905064219818
SRR16554639	Spencer_2021	17204387	14198986	17.4688060667317
SRR16554640	Spencer_2021	21367896	17404728	18.5473010538801
SRR16554641	Spencer_2021	25461049	20389685	19.918126704049
SRR16554642	Spencer_2021	5287443	5147807	2.64089844561917
SRR16554643	Spencer_2021	5650908	5453394	3.49526129252149
SRR16554644	Spencer_2021	3907000	3801756	2.69372920399283
SRR16554645	Spencer_2021	5339394	5196181	2.68219576978211
SRR16554646	Spencer_2021	4673870	4552215	2.60287513345472
SRR16554647	Spencer_2021	24080709	19498176	19.0298923507609
SRR16554648	Spencer_2021	5729507	5604952	2.1739217702326
SRR16554649	Spencer_2021	7163754	7008249	2.17071943006418
SRR16554650	Spencer_2021	21704178	17678888	18.5461527269082
SRR16554651	Spencer_2021	23048985	18866021	18.1481483891807
SRR16554652	Spencer_2021	32591759	26194908	19.6272039198621
SRR16554653	Spencer_2021	4441959	4325194	2.62868252498504
SRR16554654	Spencer_2021	24380093	19681613	19.2717886679103
SRR16554655	Spencer_2021	22687372	18119081	20.1358315101458
SRR16554656	Spencer_2021	22468656	18176701	19.1019658674733
SRR16554657	Spencer_2021	24495798	19693473	19.6046889348124
SRR16554658	Spencer_2021	7589965	7344224	3.23770926479898
SRR16554659	Spencer_2021	19972135	16083233	19.4716388608429
SRR16554660	Spencer_2021	21829343	17221136	21.1101497649288
SRR16554662	Spencer_2021	4551414	4424699	2.7840798485921
SRR16554663	Spencer_2021	7245138	7071082	2.40238350187396
SRR16554664	Spencer_2021	26750719	21073799	21.2215604373101
SRR16554665	Spencer_2021	23870133	19274782	19.2514679327509
SRR16554666	Spencer_2021	24424825	19798534	18.9409381643471
SRR16554667	Spencer_2021	9599498	9445959	1.59944822114656
SRR16554668	Spencer_2021	8318974	8076734	2.91189754890446
SRR16554669	Spencer_2021	9512303	9140342	3.91031488378786
SRR16554670	Spencer_2021	6529910	6317548	3.2521428319839
SRR16554671	Spencer_2021	6557245	6324916	3.54308859894667
SRR16554672	Spencer_2021	5831815	5677161	2.65190168069461
SRR16554673	Spencer_2021	4906295	4775780	2.66015394508483
SRR16554674	Spencer_2021	6027815	5871929	2.58611121940537
SRR16554675	Spencer_2021	6162067	5996781	2.68231422994913
SRR16554678	Spencer_2021	3687334	3580717	2.89143863832243
SRR16554679	Spencer_2021	6486184	6263472	3.43363678859558
SRR16554680	Spencer_2021	4496743	4373973	2.73019827906553
SRR16554681	Spencer_2021	7586225	7423315	2.14744487541564
SRR16554684	Spencer_2021	7534252	7368709	2.19720550892113
SRR16554686	Spencer_2021	25662732	20626975	19.6228406235158
SRR16554687	Spencer_2021	5632396	5492588	2.48221183311685
SRR16554689	Spencer_2021	4705801	4591173	2.43588711039841
SRR16554691	Spencer_2021	4882253	4754349	2.61977410838807
SRR16554692	Spencer_2021	17127215	16082866	6.09759963893721
SRR16554693	Spencer_2021	17152339	15987090	6.79352827623102
SRR16554694	Spencer_2021	21315690	19980723	6.26283737472257
SRR16554695	Spencer_2021	12815360	12016673	6.23226347133439
SRR16554696	Spencer_2021	18059298	16879795	6.53127823683954
SRR16554697	Spencer_2021	5946165	5798600	2.48168357252111
SRR16554698	Spencer_2021	2906881	2779066	4.39698081896024
SRR16554699	Spencer_2021	14237232	13641389	4.18510423936338
SRR16554700	Spencer_2021	8033065	6948977	13.4953221466526
SRR16554701	Spencer_2021	19960216	18667201	6.47796095994153
SRR16554702	Spencer_2021	16169390	15122250	6.4760637228739
SRR16554703	Spencer_2021	18803457	17509754	6.88013379667366
SRR16554704	Spencer_2021	4274759	4165597	2.55364103567008
SRR16554705	Spencer_2021	5094639	4961940	2.60467915391061
SRR16554706	Spencer_2021	13839785	13307847	3.84354236716827
SRR16554707	Spencer_2021	21526455	18196914	15.4672053526695
SRR16554708	Spencer_2021	6673874	6424638	3.73450262920755
SRR16554710	Spencer_2021	12146007	11639270	4.17204600656001
SRR16554711	Spencer_2021	20726208	17308627	16.4891764089215
SRR16554712	Spencer_2021	13416885	12753978	4.94084133537702
SRR16554713	Spencer_2021	9894542	9758351	1.37642550812357
SRR16554714	Spencer_2021	7193057	7029273	2.2769734759505
SRR16554715	Spencer_2021	7089441	6922778	2.35086235995193
SRR16554716	Spencer_2021	7119571	6963179	2.19664920821774
SRR16554717	Spencer_2021	9090424	8892545	2.17678515325578
SRR16554718	Spencer_2021	6357096	6264558	1.45566466197774
SRR16554719	Spencer_2021	4865018	4771325	1.92585104515544
SRR16554720	Spencer_2021	5369629	5211684	2.94145088981008
SRR16554721	Spencer_2021	6433382	6294071	2.16543957750372
SRR16554722	Spencer_2021	7641132	7442566	2.59864637857322
SRR16554723	Spencer_2021	6220397	6067002	2.46600016043992
SRR16554724	Spencer_2021	7143113	6975173	2.35107578446539
SRR16554725	Spencer_2021	5231863	5091548	2.68193184722153
SRR16554726	Spencer_2021	6500957	6358867	2.18567820091718
SRR16554727	Spencer_2021	4062903	3957521	2.59376116043136
SRR16554728	Spencer_2021	3693658	3594285	2.69036819326533
SRR16554729	Spencer_2021	5397342	5263830	2.47366203586876
SRR16554730	Spencer_2021	21582129	17417995	19.2943615525605
SRR16554731	Spencer_2021	4436878	4268454	3.79600250446373
SRR16554732	Spencer_2021	4364691	3682790	15.6231220033675
SRR16554733	Spencer_2021	13409601	12497723	6.80018741795524
SRR16554734	Spencer_2021	7418551	7236254	2.45731275555025
SRR16554735	Spencer_2021	13289329	12406121	6.64599393994988
SRR16554736	Spencer_2021	18923531	17706173	6.43303831615781
SRR16554737	Spencer_2021	26012681	20975045	19.3660776449763
SRR16554738	Spencer_2021	19887254	15940254	19.8468828325922
SRR16554739	Spencer_2021	19813397	18424790	7.00842465327879
SRR16554740	Spencer_2021	7921529	7734775	2.35754991239696
SRR16554742	Spencer_2021	15179367	14227705	6.26944456906536
SRR16554743	Spencer_2021	12337473	12101789	1.91031015832822
SRR16554744	Spencer_2021	24891630	20093865	19.2746115863043
SRR16554745	Spencer_2021	8880504	8528922	3.95903205493741
SRR16554746	Spencer_2021	18807259	17541384	6.73077879131669
SRR16554747	Spencer_2021	7312811	7063039	3.41554020745237
SRR16554748	Spencer_2021	27009060	21340215	20.9886793542611
SRR16554749	Spencer_2021	8546947	8277797	3.14907767650836
SRR16554750	Spencer_2021	6246114	6033135	3.40978406734172
SRR16554751	Spencer_2021	5612974	5476254	2.43578537866023
SRR16554752	Spencer_2021	4449996	4318612	2.95245209209178
SRR16554753	Spencer_2021	4793999	4652363	2.95444367009672
SRR16554754	Spencer_2021	4049611	3952005	2.41025619497775
SRR16554755	Spencer_2021	7585309	7397469	2.47636582768085
SRR16554756	Spencer_2021	4768691	4647777	2.53558051884679
SRR16554757	Spencer_2021	7179153	7027915	2.10662734169337
SRR16554758	Spencer_2021	5481646	5332153	2.72715531064939
SRR16554759	Spencer_2021	7088422	6854247	3.30362667459697
SRR16554760	Spencer_2021	23424769	19371947	17.3014384901725
SRR16554761	Spencer_2021	7080742	6906133	2.46597037429129
SRR16554762	Spencer_2021	7291148	7102679	2.58490158202797
SRR16554763	Spencer_2021	6923501	6755812	2.42202608189123
SRR16554764	Spencer_2021	4077085	3923072	3.77752732650902
SRR16554765	Spencer_2021	6824839	6637456	2.74560322961464
SRR16554766	Spencer_2021	20939459	16952602	19.0399236198032
SRR16554767	Spencer_2021	20021650	16262999	18.7729332997031
SRR16554768	Spencer_2021	7769829	7625362	1.85933306897745
SRR16554769	Spencer_2021	20208015	16567038	18.0174895950938
SRR16554770	Spencer_2021	9265688	9017370	2.67997368355162
SRR16554771	Spencer_2021	26219878	20919801	20.2139651450705
SRR16554772	Spencer_2021	6867377	6695157	2.50779882915995
SRR16554773	Spencer_2021	24749708	19733822	20.2664451637167
SRR16554774	Spencer_2021	22714128	18176616	19.9766066300234
SRR16554775	Spencer_2021	5280617	5148300	2.50571098036461
SRR16554776	Spencer_2021	21514793	17432141	18.9760226835554
SRR16554777	Spencer_2021	19515065	15938185	18.3288141751001
SRR16554778	Spencer_2021	14779213	11649948	21.1734210745863
SRR16554779	Spencer_2021	22880073	18613272	18.6485462699354
SRR16554780	Spencer_2021	19400988	15795936	18.5817959374028
SRR16554781	Spencer_2021	21569071	17317227	19.7126895265911
SRR16554782	Spencer_2021	5189107	5041088	2.85249465852216
SRR16554783	Spencer_2021	3655372	3530126	3.42635441755313
SRR16554784	Spencer_2021	23162174	18718133	19.1866316175675
SRR16554785	Spencer_2021	23323242	18772465	19.5117685611632
SRR16554786	Spencer_2021	26611780	20436315	23.2057569993439
SRR16554787	Spencer_2021	19631875	16026922	18.3627544490783
SRR16554788	Spencer_2021	20988910	17122139	18.4229242966881
SRR16554789	Spencer_2021	23502129	19242707	18.1235580827592
SRR16554790	Spencer_2021	24341758	19545286	19.704706619793
SRR20881974	Liu_2022	37854542	32818253	13.3043189374739
SRR20881975	Liu_2022	23162402	19285191	16.7392440559489
SRR20881976	Liu_2022	21099720	17997540	14.7024699853837
SRR20881977	Liu_2022	40980468	36964052	9.800805593533
SRR20881978	Liu_2022	33958842	31583102	6.99593937861603
SRR20881979	Liu_2022	20065042	16747550	16.5336907842007
SRR20881980	Liu_2022	29180398	24768780	15.1184298445827
SRR20881981	Liu_2022	31617878	28154539	10.9537363639647
SRR20881983	Liu_2022	47049592	42753471	9.13104836275733
SRR20881984	Liu_2022	24968514	21276228	14.7877683069165
SRR20881985	Liu_2022	23565598	20361953	13.5945839354469
SRR20881986	Liu_2022	24800113	20605110	16.9152576038666
SRR20881987	Liu_2022	23004253	20050013	12.842147058633
SRR20881988	Liu_2022	28096321	23403937	16.7010620358445
SRR23364170	Bertrand_2023	12303990	5953532	51.6129970846855
SRR23364171	Bertrand_2023	44356271	24312228	45.1887468177837
SRR23364172	Bertrand_2023	15288613	7871902	48.5113397794816
SRR23364173	Bertrand_2023	9503477	4716735	50.3683230884865
SRR23364174	Bertrand_2023	17372879	8292410	52.2680725514752
SRR23364175	Bertrand_2023	33368102	18688520	43.992858808691
SRR23364176	Bertrand_2023	42377883	23305802	45.0047988475498
SRR23364177	Bertrand_2023	24034247	13157429	45.2554972910115
SRR23364178	Bertrand_2023	23883907	12959689	45.7388232168213
SRR23364179	Bertrand_2023	20752739	10235259	50.6799608475778
SRR23364180	Bertrand_2023	9296520	4080924	56.1026706767694
SRR23364181	Bertrand_2023	10242982	4635861	54.7410998086299
SRR23364182	Bertrand_2023	4697437	2271400	51.6459720481616
SRR23364183	Bertrand_2023	17601145	9120060	48.1848482016369
SRR23364184	Bertrand_2023	12635050	5919565	53.1496511687726
SRR23364185	Bertrand_2023	8865645	4789678	45.9748501096085
SRR23364186	Bertrand_2023	11869595	5432313	54.2333752752305
SRR23364187	Bertrand_2023	28786506	14907085	48.2150247758446
SRR23364188	Bertrand_2023	9111937	5358678	41.1905723228771
SRR23364189	Bertrand_2023	22476399	12946942	42.3976144933181
SRR23364190	Bertrand_2023	13073721	6725499	48.5571169829921
SRR23364191	Bertrand_2023	25728557	13648175	46.9532045656505
SRR23364192	Bertrand_2023	37915257	19236105	49.2655291773441
SRR23364193	Bertrand_2023	36075537	17687610	50.9706258842384
SRR23364194	Bertrand_2023	61380593	31447092	48.7670443327258
SRR23364195	Bertrand_2023	18029763	9208465	48.9263114551201
SRR23364196	Bertrand_2023	11302807	6261549	44.6018232462078
SRR23364197	Bertrand_2023	43537065	24062153	44.7317980667737
SRR23364198	Bertrand_2023	11383254	7004888	38.4632197436691
SRR23364199	Bertrand_2023	50768047	25138505	50.4836083215886
SRR23364200	Bertrand_2023	20157187	10282081	48.9904965410104
SRR23364201	Bertrand_2023	19202959	9692269	49.5272108845309
SRR23364202	Bertrand_2023	51415689	25990240	49.4507600588606
SRR23364203	Bertrand_2023	27299514	13397998	50.9222105565689
SRR23364204	Bertrand_2023	24444538	13110142	46.3678061741236
SRR23364205	Bertrand_2023	10314858	5342870	48.2021953186365
SRR23364206	Bertrand_2023	22005349	11862782	46.0913707844397
SRR23364207	Bertrand_2023	32048998	16273341	49.2235576288532
SRR23364208	Bertrand_2023	32613342	16560458	49.2218307464473
SRR23364209	Bertrand_2023	40418502	20621134	48.9809543164168
SRR23364210	Bertrand_2023	11392835	5639488	50.4996956420417
SRR23364211	Bertrand_2023	22722590	11691469	48.5469350104896
SRR23364212	Bertrand_2023	15504319	8507958	45.1252389737337
SRR23364213	Bertrand_2023	47238056	24791472	47.5180096318951
SRR23364214	Bertrand_2023	16892998	8990700	46.7785410262879
SRR23364215	Bertrand_2023	13299571	7739558	41.8059575004337
SRR23364216	Bertrand_2023	29061185	13261555	54.3667782301376
SRR23364217	Bertrand_2023	7447976	4159179	44.1569226324038
SRR23364218	Bertrand_2023	7555741	3967197	47.4942695891773
SRR23364219	Bertrand_2023	6904266	3659911	46.9905852410669
SRR23364220	Bertrand_2023	10062520	5447289	45.8655585280824
SRR23364221	Bertrand_2023	11355565	5975994	47.3738735148802
SRR23364222	Bertrand_2023	13900964	7419392	46.6267807038418
SRR23364223	Bertrand_2023	14676459	7718159	47.4112999600244
SRR23364224	Bertrand_2023	5591121	3146902	43.7160812652776
SRR23364225	Bertrand_2023	14055741	7946826	43.4620629392645
SRR23364226	Bertrand_2023	6483154	3374443	47.9505962684212
SRR23364227	Bertrand_2023	38042206	22559914	40.6976714231556
SRR23364228	Bertrand_2023	8305565	4670485	43.7667997300605
SRR23364229	Bertrand_2023	14017786	7219406	48.4982435885382
SRR23364230	Bertrand_2023	40355520	23093647	42.7745027198262
SRR23364231	Bertrand_2023	75101267	39824488	46.9722821054404
SRR23364232	Bertrand_2023	13419873	6957016	48.1588536642634
SRR23364233	Bertrand_2023	26603419	13707766	48.4736679898174
SRR23364234	Bertrand_2023	14087802	7017468	50.1876304053677
SRR23364235	Bertrand_2023	42494904	20609084	51.5022224782529
SRR23364236	Bertrand_2023	18719392	9992493	46.6195643533722
SRR23364237	Bertrand_2023	20928539	11351177	45.7622101571447
SRR23364238	Bertrand_2023	10040363	5566056	44.5631995576256
SRR23364239	Bertrand_2023	9702788	5532481	42.9805020989843
SRR23364240	Bertrand_2023	11672090	5533744	52.589947472989
SRR25825493	Tsakmaklis_2023	24395212	11763951	51.7776234123319
SRR25825494	Tsakmaklis_2023	33314561	16357429	50.9000613875716
SRR25825495	Tsakmaklis_2023	24806862	12192310	50.8510588723394
SRR25825496	Tsakmaklis_2023	24909075	12423723	50.1237079257259
SRR25825497	Tsakmaklis_2023	30530608	13913377	54.4281037573834
SRR25825498	Tsakmaklis_2023	23791924	10600171	55.4463480969425
SRR25825499	Tsakmaklis_2023	25505229	12475351	51.0870849267811
SRR25825500	Tsakmaklis_2023	28087928	16372734	41.7090003933362
SRR25825501	Tsakmaklis_2023	22899575	12993263	43.2598072234965
SRR25825502	Tsakmaklis_2023	29718535	16367278	44.9256903141423
SRR25825503	Tsakmaklis_2023	34882844	20467990	41.3236202873825
SRR25825504	Tsakmaklis_2023	35821047	20600364	42.4908936916333
SRR25825505	Tsakmaklis_2023	28219134	14513640	48.5680885884025
SRR25825506	Tsakmaklis_2023	24934871	13181223	47.1373924493133
SRR25825507	Tsakmaklis_2023	24019934	12607022	47.5143353849349
SRR25825508	Tsakmaklis_2023	22537138	12135536	46.1531628372689
SRR25825509	Tsakmaklis_2023	29097324	15031043	48.3421808823382
SRR25825510	Tsakmaklis_2023	32277915	16714892	48.2157010451264
SRR25825511	Tsakmaklis_2023	31362877	17909396	42.89619539687
SRR25825512	Tsakmaklis_2023	21552352	10957180	49.1601659067187
SRR25825513	Tsakmaklis_2023	25879009	14944154	42.2537624991745
SRR25825514	Tsakmaklis_2023	21181690	10683519	49.5624806141531
SRR25825515	Tsakmaklis_2023	22732069	11911666	47.5997279438137
SRR25825516	Tsakmaklis_2023	30145279	15410801	48.8782273337062
SRR25825517	Tsakmaklis_2023	28469191	14106881	50.4486060035917
SRR25825518	Tsakmaklis_2023	24831096	13005455	47.6243215361899
SRR25825519	Tsakmaklis_2023	30550588	16283591	46.6995823451909
SRR25825520	Tsakmaklis_2023	30379755	16582215	45.4168902942107
SRR25825521	Tsakmaklis_2023	27290442	12629451	53.722072365116
SRR5930493	Frankel_2017	36067122	27035446	25.0412993861833
SRR5930494	Frankel_2017	55382132	41715968	24.6761247833507
SRR5930495	Frankel_2017	48725996	28700028	41.0991455156709
SRR5930497	Frankel_2017	52929172	29920900	43.4699261873962
SRR5930498	Frankel_2017	54317314	40753425	24.9715753617714
SRR5930499	Frankel_2017	47189970	35364652	25.0589648605413
SRR5930501	Frankel_2017	35766732	26590818	25.6548851038445
SRR5930502	Frankel_2017	50953650	37294226	26.80754764379
SRR5930503	Frankel_2017	54487477	39863598	26.8389725587771
SRR5930504	Frankel_2017	45627563	33106594	27.4416781803578
SRR5930505	Frankel_2017	50164221	37123795	25.9954719520114
SRR5930506	Frankel_2017	55837313	42455443	23.9658201317818
SRR5930507	Frankel_2017	48525757	35587919	26.6617953018229
SRR5930508	Frankel_2017	44371081	31792189	28.3493025558697
SRR5930509	Frankel_2017	43249262	31781734	26.514968047316
SRR5930510	Frankel_2017	26938477	19389964	28.0213057330598
SRR5930511	Frankel_2017	34863415	14303338	58.973215905556
SRR5930512	Frankel_2017	27658163	19874746	28.1414821367565
SRR5930513	Frankel_2017	19851797	13077525	34.1242256305563
SRR5930514	Frankel_2017	30772313	23523227	23.5571697194163
SRR5930515	Frankel_2017	26293603	18755047	28.6706846528412
SRR5930516	Frankel_2017	45949708	34556710	24.7944948855823
SRR5930517	Frankel_2017	32005065	23576899	26.3338505952105
SRR5930518	Frankel_2017	50452873	37678398	25.3196185676086
SRR5930519	Frankel_2017	48086433	35601723	25.9630611403428
SRR5930520	Frankel_2017	42046273	31055922	26.1387043745827
SRR5930521	Frankel_2017	34035103	24929303	26.7541426273927
SRR5930522	Frankel_2017	29677309	12616857	57.4865194145466
SRR5930523	Frankel_2017	31201086	13877156	55.523484022319
SRR5930526	Frankel_2017	60853881	44299592	27.2033413941175
SRR5930527	Frankel_2017	50551417	40442185	19.9979201374316
SRR5930528	Frankel_2017	52671147	41748148	20.7381073360715
SRR5930529	Frankel_2017	49495019	36678937	25.8936803317522
SRR5930530	Frankel_2017	47490244	35142223	26.0011740516642
SRR5930531	Frankel_2017	43255420	31361472	27.4970119351517
SRR5930532	Frankel_2017	55625159	41539884	25.3217703161981
SRR5930533	Frankel_2017	36137026	15468038	57.1961511165861
SRR5930534	Frankel_2017	36363921	15456957	57.4937009680557
SRR5930536	Frankel_2017	53034485	39308730	25.8808113249332
SRR6000869	Matson_2019	78338892	34064995	56.5158580491539
SRR6000870	Matson_2019	30745596	14088979	54.1756191683518
SRR6000871	Matson_2019	26743107	12357116	53.7932671772207
SRR6000873	Matson_2019	20743094	11042487	46.7654777054956
SRR6000874	Matson_2019	31592474	13655674	56.7755472395103
SRR6000877	Matson_2019	70528967	30955724	56.1092054559654
SRR6000878	Matson_2019	35090967	15615627	55.4995819864411
SRR6000890	Matson_2019	19420853	8044481	58.5781273356016
SRR6000891	Matson_2019	23380079	11553324	50.5847520874502
SRR6000892	Matson_2019	51481586	23977038	53.4259919653602
SRR6000893	Matson_2019	20830733	9716297	53.3559524765643
SRR6000894	Matson_2019	36728222	17860535	51.3710873344209
SRR6000895	Matson_2019	48744996	20720773	57.491486921037
SRR6000896	Matson_2019	51563560	22326114	56.7017599250323
SRR6000899	Matson_2019	51573942	23155074	55.1031526734955
SRR6000900	Matson_2019	28210234	11813619	58.1229315573916
SRR6000901	Matson_2019	54206526	22425751	58.629056951556
SRR6000902	Matson_2019	29540457	13999296	52.6097514334325
SRR6000903	Matson_2019	23840902	11195218	53.0419696368871
SRR6000905	Matson_2019	73173776	31720958	56.6498276650367
SRR6000906	Matson_2019	39219508	21534614	45.0920852959196
SRR6000907	Matson_2019	34084830	14810556	56.5479540311628
SRR6000908	Matson_2019	27260285	12356556	54.6719485874781
SRR6000909	Matson_2019	43629321	18419500	57.7818320848954
SRR6000910	Matson_2019	35853899	15477696	56.8312054429562
SRR6000911	Matson_2019	32122005	13886637	56.7690839970917
SRR6000912	Matson_2019	39716327	16215900	59.1706957191686
SRR6000920	Matson_2019	65163248	31105162	52.2657894523612
SRR6000921	Matson_2019	32407863	15683883	51.6046985264039
SRR6000931	Matson_2019	51398833	22468129	56.2866942912887
SRR6000932	Matson_2019	20584684	10023618	51.3054560371196
SRR6000940	Matson_2019	38875408	19169925	50.6888133495602
SRR6000942	Matson_2019	21117658	9752769	53.8169952368771
SRR6000944	Matson_2019	73937183	33078255	55.2616780111842
SRR6000945	Matson_2019	24195770	10126808	58.1463702126446
SRR6000946	Matson_2019	23077843	12953789	43.8691518960416
SRR6000947	Matson_2019	46826306	21921592	53.1853057125625
SRR6000949	Matson_2019	66471810	28601512	56.971967515252
SRR8387659	Heshiki_2020	35001025	21903346	37.4208441038512
SRR8387676	Heshiki_2020	37103783	21021438	43.3442191056368
SRR8387677	Heshiki_2020	36838599	21086716	42.7591803911978
SRR8387679	Heshiki_2020	34505147	19495070	43.5009797234018
SRR8387681	Heshiki_2020	35221954	20855174	40.7892759158109
SRR8387683	Heshiki_2020	35484552	20524103	42.160456189499
SRR8387691	Heshiki_2020	33232222	18764507	43.5352020698465
SRR8387697	Heshiki_2020	35475105	21359641	39.7897737018678
SRR8387707	Heshiki_2020	36677311	21350632	41.7879026082365
SRR8387710	Heshiki_2020	35595427	20398858	42.6924756373902
SRR8387712	Heshiki_2020	36822851	22056388	40.1013571708502
