featureid	Intercept	response[T.R]
semibin_SRR8387712.8_sub	-0.35847298991256	-0.450175333778052
semibin_SRR8387712.33	-0.0922728050904773	-0.324525121609358
semibin_SRR8387712.32	-0.761354612227013	0.0918769948085265
semibin_SRR8387707.23	0.195291234139869	0.17961288615069
semibin_SRR8387707.12	-0.33150000501745	-0.258193645636229
semibin_SRR8387683.9	-0.485303180332711	-0.222281966368346
semibin_SRR8387683.30	-0.622874306555321	0.192807149132104
semibin_SRR8387683.16	2.31986911404557	0.434201072891565
semibin_SRR8387681.3	-0.337595485191276	0.124212097366662
semibin_SRR8387677.66	0.97212798703141	-0.584779996434836
semibin_SRR8387676.49	-0.891663895960381	-0.148725885907797
semibin_SRR8387659.60	-0.435411559458306	-0.240127030769972
semibin_SRR6000945.4	2.90607340443558	-0.342523109177737
semibin_SRR6000944.44	1.57336075413651	0.291782926758142
semibin_SRR6000932.49_sub	0.0447647999567486	-0.357674080888419
semibin_SRR6000931.41	-0.410771595354607	-0.244362119595198
semibin_SRR6000921.66	-0.825060891027977	-0.0321782417694612
semibin_SRR6000920.93	-0.670579241629174	-0.189355570832877
semibin_SRR6000920.16	-0.615427391644051	-0.201256368319182
semibin_SRR6000911.2	0.468253506307075	-0.135821510116248
semibin_SRR6000910.14	-0.807393120642235	-0.16526495293775
semibin_SRR6000909.45	-0.743330167646935	0.126406501968713
semibin_SRR6000908.42_sub	-0.802120851393273	-0.163592863837866
semibin_SRR6000908.41	-0.782292889471581	0.0507310144504027
semibin_SRR6000907.58	-0.420051151927044	-0.24314456061521
semibin_SRR6000905.76	0.219232333783577	-0.413477372388033
semibin_SRR6000905.60_sub	2.89162500012345	0.321817528446527
semibin_SRR6000902.21	-0.518467294092705	0.170786272724481
semibin_SRR6000901.38	-0.712414013262322	-0.182357925931601
semibin_SRR6000901.29	1.53754420388169	0.302450131615014
semibin_SRR6000900.6	-0.867209123487999	-0.0988376923004671
semibin_SRR6000900.32	2.09768111813493	-0.317553106705336
semibin_SRR6000900.19	-0.065150188322594	-0.325133983055739
semibin_SRR6000900.14	0.467021716718147	0.322929035862298
semibin_SRR6000896.44	1.40919060814805	0.309254538257928
semibin_SRR6000893.60_sub	0.425250126008461	0.282629560669275
semibin_SRR6000892.71	-0.323810784186652	0.186631869514795
semibin_SRR6000891.14	0.529243780259559	-0.315996039668707
semibin_SRR5930536.9	-0.382036717649033	-0.250583831230788
semibin_SRR5930536.88	1.01171977627702	0.5840596668323
semibin_SRR5930536.78	-0.738553838844826	-0.173698980371146
semibin_SRR5930536.76	-0.772445486898949	-0.172316987077384
semibin_SRR5930536.61_sub	-0.710471885319283	-0.0916779823700472
semibin_SRR5930534.80	1.16576988804765	1.22308726235232
semibin_SRR5930533.9	3.44848473179765	-0.356003385047106
semibin_SRR5930533.32_sub	-0.19906376492553	0.0794564001162962
semibin_SRR5930532.72	-0.834868716116478	-0.0353632159630342
semibin_SRR5930532.36	-0.764229493256142	-0.171629417697577
semibin_SRR5930532.101_sub	-0.754841344471505	-0.171023000041632
semibin_SRR5930531.50	1.14183683503098	0.997061442573877
semibin_SRR5930531.21	0.230006648187111	0.28925038500628
semibin_SRR5930530.132	-0.83879371177726	-0.157363343993811
semibin_SRR5930529.59	-0.815668778534462	-0.162513811151175
semibin_SRR5930529.29	-0.719410078640511	-0.177368838349967
semibin_SRR5930528.277	-0.64618347775512	-0.193039137879996
semibin_SRR5930528.15	-0.273351902182629	-0.27937123552957
semibin_SRR5930527.97	-0.759256975765755	0.0986150018771605
semibin_SRR5930527.64	-0.285211438353588	0.0475532822211699
semibin_SRR5930527.26	-0.711734430904915	0.222295891483636
semibin_SRR5930523.43	-0.794352965469887	0.040588598688455
semibin_SRR5930523.22	-0.333899872417977	0.20611525698504
semibin_SRR5930522.7_sub	-0.891663895960381	-0.148725885907797
semibin_SRR5930520.95	0.15832640040345	-0.394488140950589
semibin_SRR5930520.79_sub	-0.368835849727919	0.466893624504419
semibin_SRR5930520.204	-0.777309821959069	0.0709272734721617
semibin_SRR5930520.142	-0.3675083853709	0.228563379486413
semibin_SRR5930519.63	0.235498381738136	-0.312363538901
semibin_SRR5930519.20	-0.692018287296822	-0.0408820696274324
semibin_SRR5930518.8	-0.591089861507943	0.428899954994531
semibin_SRR5930518.30	-0.815411942120125	-0.16386188940206
semibin_SRR5930518.165_sub	0.175716234330604	-0.397765200595049
semibin_SRR5930517.66	-0.823883490677407	-0.161917019645361
semibin_SRR5930517.10	-0.780983762856057	-0.16801764444509
semibin_SRR5930516.87	0.107564223889778	-0.373553004125742
semibin_SRR5930516.27_sub	-0.855145620222618	-0.0814059563080354
semibin_SRR5930514.44	-0.54389231097274	-0.211323592821745
semibin_SRR5930514.18	-0.0806413162904285	-0.328274551788954
semibin_SRR5930512.37	-0.57411731969886	0.02253548427424
semibin_SRR5930511.52	3.49949820149369	-0.14118065313497
semibin_SRR5930511.23	-0.82143800150924	-0.161566812554984
semibin_SRR5930510.47_sub	-0.797777848358681	-0.16682090238729
semibin_SRR5930509.30	-0.820733981247475	-0.162931282083182
semibin_SRR5930508.186	-0.28817484718137	0.0764011256297545
semibin_SRR5930507.86	-0.800952987785866	-0.165094722072272
semibin_SRR5930507.29	2.67243440258927	0.140347551544519
semibin_SRR5930507.17_sub	-0.814852522726586	0.00332794710001511
semibin_SRR5930507.107	-0.789154069538643	-0.168440509597449
semibin_SRR5930506.83	-0.166179837699463	-0.307255599657683
semibin_SRR5930506.72	-0.700087683315804	-0.183888960639624
semibin_SRR5930505.112	-0.625319885130455	-0.0635362453857942
semibin_SRR5930504.70	-0.872705506201317	-0.0995949991146608
semibin_SRR5930504.156_sub	-0.832238124723961	-0.15797730163732
semibin_SRR5930504.132	-0.271151626523068	-0.136498231450705
semibin_SRR5930504.118_sub	-0.843601213808586	-0.0524381585518404
semibin_SRR5930504.107	-0.744489418383171	-0.174537707130103
semibin_SRR5930503.47	-0.675136076326897	0.281315576275201
semibin_SRR5930503.42	-0.238370979245236	1.39847357197604
semibin_SRR5930503.31	0.288669062737892	0.0317041985591368
semibin_SRR5930503.199	-0.812749372835686	-0.163357872525839
semibin_SRR5930502.51	4.22888167012162	0.259431850155206
semibin_SRR5930502.48	2.8395210038466	0.322549711902948
semibin_SRR5930502.38	-0.0397564638810657	-0.260140497247366
semibin_SRR5930501.30_sub	-0.674345629330208	0.266027163704248
semibin_SRR5930501.2	0.0790983866495587	0.367637705047937
semibin_SRR5930501.12	-0.827076124067833	-0.0231338627735658
semibin_SRR5930501.108	-0.430040599818756	0.793612670143457
semibin_SRR5930499.112	1.81312425244279	-0.360984917740016
semibin_SRR5930498.69	0.0154853295130231	-0.352408815185217
semibin_SRR5930498.24	-0.728244708891442	-0.177813518802313
semibin_SRR5930498.22	-0.641749398823311	-0.198208320895819
semibin_SRR5930498.20	-0.560690747614434	-0.0571089871326967
semibin_SRR5930498.118	0.726302934770057	0.299952160557123
semibin_SRR5930498.111	-0.627480404491951	0.0500663034518675
semibin_SRR5930497.86_sub	-0.813682811375191	-0.161864597360282
semibin_SRR5930497.45	-0.333156345452597	1.02965588494143
semibin_SRR5930495.69	-0.827946441288521	-0.160768616954474
semibin_SRR5930495.29	0.997534943704078	-0.523767914632945
semibin_SRR5930495.0_sub	-0.797483222599556	-0.162562090913443
semibin_SRR5930494.87	-0.775618599768212	-0.170986939231543
semibin_SRR5930494.69	-0.65811766874366	-0.0306741185585542
semibin_SRR5930494.42	-0.550055401440193	0.128418397148462
semibin_SRR5930494.37	0.339363409165809	-0.0109417624870821
semibin_SRR5930494.234	0.196595204953621	-0.402401160458712
semibin_SRR5930493.36_sub	-0.057912217493584	-0.329279664913802
semibin_SRR25825518.7	-0.0246219207006	0.410954844196649
semibin_SRR25825517.45	-0.0896430779653095	-0.0835339911381288
semibin_SRR25825516.46	0.512342346791694	-0.130003381530432
semibin_SRR25825516.1	-0.780929939861824	-0.169919747869162
semibin_SRR25825514.3_sub	2.39564974415726	0.0392185561259703
semibin_SRR25825513.40	-0.296936860348513	-0.269700694839148
semibin_SRR25825513.19	-0.570611106272271	-0.210382986823706
semibin_SRR25825511.42	-0.53995859813266	0.550020407875391
semibin_SRR25825511.32_sub	-0.401419973041346	0.216058265407892
semibin_SRR25825510.23_sub	-0.308340610976746	-0.266954872767119
semibin_SRR25825509.21	2.65553886998124	0.832248400886865
semibin_SRR25825509.16	-0.266978578682473	-0.207214225093512
semibin_SRR25825508.4_sub	1.18819124806351	0.70196623726687
semibin_SRR25825505.11	-0.81854413640075	-0.161467690030722
semibin_SRR25825504.166	-0.814748125191262	0.0106613747676329
semibin_SRR25825502.47_sub	1.67384250271745	0.617220949371667
semibin_SRR25825502.37	-0.515266018028786	-0.216546434919028
semibin_SRR25825502.21	-0.561331706162026	-0.0841662176052614
semibin_SRR25825502.18	0.141365541104744	-0.385834600786357
semibin_SRR25825500.94	-0.246842080767681	-0.211890298883109
semibin_SRR25825500.25	-0.00233493935637696	-0.347021739939837
semibin_SRR25825499.74	-0.654524819965889	0.315446984012933
semibin_SRR25825495.1_sub	-0.811533527489235	0.00970480962595505
semibin_SRR25825495.18	-0.568216132040551	-0.20917955414453
semibin_SRR25825494.37	-0.358921478804849	-0.256146717826514
semibin_SRR25825494.13	-0.094341592903664	0.182277988632532
semibin_SRR23364237.9	-0.549247713800003	-0.212998826066641
semibin_SRR23364233.61	-0.796453880186608	0.0443913154204802
semibin_SRR23364231.57_sub	-0.778456823940804	0.0502143613894896
semibin_SRR23364231.47	-0.644858794327309	0.0792406909068541
semibin_SRR23364231.4	-0.786060975904991	-0.166407305757193
semibin_SRR23364231.16	-0.593018563504746	-0.204453919092803
semibin_SRR23364230.99	-0.498478042002251	0.244671892364831
semibin_SRR23364230.9	-0.593056621070435	0.424998413761468
semibin_SRR23364227.47	-0.663024740334084	-0.190400678674368
semibin_SRR23364225.25	-0.244487257714798	0.568653296669336
semibin_SRR23364216.26	-0.816088782663872	-0.162768710414557
semibin_SRR23364212.64	0.229368222836921	-0.411315366635708
semibin_SRR23364206.58	-0.052179144735863	0.0961880795558409
semibin_SRR23364199.80	-0.817003028507759	-0.160575766126303
semibin_SRR23364199.59	-0.750545458908608	0.147595237930627
semibin_SRR23364199.26	-0.793248491402199	-0.167098302404074
semibin_SRR23364198.20	0.0116159151834943	1.30536181851229
semibin_SRR23364196.21	2.5516997109694	-0.687922421852736
semibin_SRR23364195.41	4.00737650502152	-0.120517719546942
semibin_SRR23364193.49_sub	0.0142058562082745	-0.354697275916724
semibin_SRR23364193.36	0.0628939400953747	0.374348472793909
semibin_SRR23364192.60	0.376554263715217	-0.469195097694783
semibin_SRR23364189.47	-0.825560556765129	-0.0374754853645845
semibin_SRR23364187.82	0.507998837117622	-0.512958098212866
semibin_SRR23364187.70	-0.524866627569725	0.608037423332544
semibin_SRR23364187.43_sub	-0.810271726961663	0.0136743299563841
semibin_SRR23364187.33	-0.764568584080269	0.0832097642024474
semibin_SRR23364186.11	0.31090618479676	0.968570779999109
semibin_SRR23364183.27	0.0897785555166699	0.191323589523645
semibin_SRR23364176.76	-0.805517809505989	0.00462223215899032
semibin_SRR23364176.2	0.66899545300431	-0.177505064765601
semibin_SRR23364175.38	-0.845293806906273	-0.0479723997513338
semibin_SRR23364172.8_sub	0.209129763726661	-0.410289596776156
semibin_SRR23364171.89	-0.254953162785103	-0.281603831807761
semibin_SRR23364171.81	-0.334464417810967	-0.0188372619549318
semibin_SRR23364171.72	-0.804920988197853	-0.163414526740698
semibin_SRR20881988.7	2.42629344571061	0.0657191984256224
semibin_SRR20881988.34	-0.781774597282936	0.0596162788470702
semibin_SRR20881988.10	-0.478150339837601	-0.22582991794744
semibin_SRR20881987.45	-0.728650735731652	-0.175656098882346
semibin_SRR20881986.74	0.125095350627372	0.355552207668634
semibin_SRR20881985.46_sub	-0.671383487101128	-0.185673046867041
semibin_SRR20881984.71	-0.65829216134124	-0.191306639472632
semibin_SRR20881984.28	0.0790827106279828	0.557738613327356
semibin_SRR20881981.24	-0.74512808215194	-0.172452915469794
semibin_SRR20881980.70_sub	0.20529277432389	-0.211443368355422
semibin_SRR20881980.56	-0.250983329530289	0.310521911819787
semibin_SRR20881980.15_sub	0.139038158540199	0.392026554783197
semibin_SRR20881979.39	-0.803116040344765	-0.165818948308615
semibin_SRR20881979.2	0.308780385140846	-0.131184805194525
semibin_SRR20881978.16	-0.63616486084037	-0.195296484986929
semibin_SRR20881977.110	-0.781201945658257	0.0587446205218748
semibin_SRR20881975.0	2.13202364552445	-0.479724800224094
semibin_SRR16554790.42	1.47931034672684	-0.00814621524014908
semibin_SRR16554789.32	-0.394972423131993	0.0382830016215758
semibin_SRR16554786.37	0.0218691061777569	-0.351665545264868
semibin_SRR16554784.78	-0.367171889211466	-0.25300154463449
semibin_SRR16554780.22	0.961651636247108	-0.579625476161627
semibin_SRR16554777.37	-0.82097207200103	-0.161018867055564
semibin_SRR16554776.8	1.64302761662431	0.181474994858118
semibin_SRR16554774.25	-0.669693546410134	-0.188568700114874
semibin_SRR16554773.62	-0.828731345053246	-0.0226391740242525
semibin_SRR16554767.32	-0.351693742948999	0.641030263145776
semibin_SRR16554766.42	-0.695256637449791	-0.183456946174292
semibin_SRR16554766.35_sub	-0.806303488131096	-0.165455866614966
semibin_SRR16554765.8	2.30056126225419	0.563661050041528
semibin_SRR16554765.35	1.00812990773148	0.0995643250544981
semibin_SRR16554763.40_sub	-0.108672129030754	0.133213531215997
semibin_SRR16554762.1	-0.814894812222054	0.00324816628298324
semibin_SRR16554759.10_sub	2.16263611424393	-0.546522449711947
semibin_SRR16554744.40_sub	-0.00191049468093141	-0.348381143073229
semibin_SRR16554744.30	0.49813021529145	0.0493148378928618
semibin_SRR16554739.16	1.95058710682816	-0.198850560943274
semibin_SRR16554738.0	1.43488164055772	0.130828808983179
semibin_SRR16554736.23	-0.70858313333564	0.2306740991672
semibin_SRR16554736.21	-0.555600898380806	-0.208262715498595
semibin_SRR16554725.23	0.229973090772102	-0.4206562638382
semibin_SRR16554723.44	-0.734717177267601	0.167700897892328
semibin_SRR16554721.63	-0.395724637474348	-0.241882715384154
semibin_SRR16554716.24	1.58354349244065	0.308340918262811
semibin_SRR16554712.24	-0.204516025300553	0.157217692573877
semibin_SRR16554707.35_sub	2.47453506100602	0.674178909500452
semibin_SRR16554706.23	4.059633089189	0.17321456595263
semibin_SRR16554704.8_sub	-0.891663895960381	-0.148725885907797
semibin_SRR16554695.47	-0.429005222435524	-0.0562446899811311
semibin_SRR16554693.19	0.278889251832435	0.10387874766192
semibin_SRR16554693.10	-0.155552865977814	0.236125122745843
semibin_SRR16554692.65	-0.533009650226166	-0.215962085882811
semibin_SRR16554692.37	0.259266031865547	-0.1271479316155
semibin_SRR16554681.27	0.593132508878181	-0.0963527448574586
semibin_SRR16554681.22	-0.623729394789269	-0.196699459115653
semibin_SRR16554679.4	-0.0698303748326801	0.184366237362237
semibin_SRR16554678.23	-0.00956820141844972	-0.350545447329669
semibin_SRR16554673.15	0.85936684716172	-0.245133791128783
semibin_SRR16554673.13	0.136463148478935	-0.385028284052996
semibin_SRR16554672.14	1.24253304112382	-0.41555689648786
semibin_SRR16554671.9	1.28675444233842	0.0908017270167784
semibin_SRR16554667.24	-0.422486865933468	-0.239381123344092
semibin_SRR16554666.90	-0.891663895960381	-0.148725885907797
semibin_SRR16554665.28	1.73315270054765	-1.06510983781019
semibin_SRR16554664.19	0.250569594983528	-0.134778935472159
semibin_SRR16554660.75	-0.670183079357674	-0.189167458573966
semibin_SRR16554656.6	-0.81542186629348	0.0022382847865538
semibin_SRR16554655.39	3.18160016644425	0.159943353374811
semibin_SRR16554653.1	1.96995360959	0.12925465031466
semibin_SRR16554652.75	0.381433976773689	-0.46658272483447
semibin_SRR16554652.24	-0.609178530092766	0.393122386177392
semibin_SRR16554651.34_sub	-0.577365579124024	-0.0333685167233034
semibin_SRR16554648.6	0.867048216943214	-0.0882655270496889
semibin_SRR16554647.36	-0.798122094984581	0.0315878800948576
semibin_SRR16554647.24	-0.74834834229522	-0.174511719504981
semibin_SRR16554638.14	0.600791288499305	-0.547949191192774
semibin_SRR16554633.6	0.69053299534745	0.286763083179803
semibin_SRR16554632.68	-0.173790888901284	-0.304661203185706
semibin_SRR16554632.31_sub	-0.299167325760653	0.544098805626245
semibin_SRR16554630.20	1.98574693310685	-0.194260288039832
semibin_SRR16554628.46_sub	-0.439300807233383	0.818342518051477
semibin_SRR16554627.102	-0.242531338747074	-0.27831866220632
semibin_SRR16168986.51	-0.675913946743538	0.25754542275271
semibin_SRR16168974.22	-0.750639485235741	-0.172055650512366
semibin_SRR16168945.59_sub	-0.0508662630277179	0.268803965290399
semibin_SRR16168941.28	-0.691027181263497	0.234292160709711
semibin_SRR16168940.103	-0.149372847791245	0.458727370937677
semibin_SRR16168930.38	-0.427991399581959	-0.106198746720938
semibin_SRR16168930.147	-0.770547257776787	-0.168000448505072
semibin_SRR16168920.5_sub	-0.810927586670449	-0.164646286527304
semibin_SRR16168918.53	0.0968902837080456	9.34712489561451e-05
semibin_SRR16168913.74	0.423867834691475	0.504949282844873
semibin_SRR16168913.44_sub	2.39610273945756	0.186589907844873
semibin_SRR16168903.5	2.14926512349076	0.592816662033411
semibin_SRR16168903.11	1.63077087510056	0.470061194141717
semibin_SRR16168900.4	-0.521655799861481	-0.221948791305213
semibin_SRR16168896.113	-0.891663895960381	-0.148725885907797
semibin_SRR13068852.73_sub	0.594359887723396	-0.536311458806185
semibin_SRR13068851.47	-0.294889854307701	-0.270195428291945
semibin_SRR13068851.36	-0.813311206217339	-0.1638731248776
semibin_SRR13068849.26	-0.685514139051964	0.248022507866235
semibin_SRR13068844.35	0.500378204469154	0.405573021610589
semibin_SRR13068843.2	-0.555229755158951	-0.212288845340399
semibin_SRR13068839.7	-0.836212741251519	-0.159490127126364
semibin_SRR13068839.29	-0.680262016172936	0.254614066322656
semibin_SRR13068839.17	-0.156328724737694	-0.299833569685607
semibin_SRR13068835.82	-0.459911117370655	-0.233012456456809
semibin_SRR13068835.130	-0.139548065181305	-0.229792166511206
semibin_SRR13068829.41	-0.00426648747496827	0.25455607100329
semibin_SRR13068829.205	-0.311696996952822	0.260823916633935
semibin_SRR13068827.60	0.103090358857582	0.510306786735864
semibin_SRR13068825.75	-0.794383363838723	0.0490173213084654
semibin_SRR13068825.10	-0.0679649878697894	-0.326395314196734
semibin_SRR13068823.89	-0.729693727608254	0.152037035663934
semibin_SRR13068823.83	-0.891663895960381	-0.148725885907797
semibin_SRR13068822.60	-0.192504989023735	-0.291842270652442
semibin_SRR13068817.76	0.852997494821022	0.356786381443353
semibin_SRR13068817.20	-0.798654990311196	-0.163241822282462
semibin_SRR13068816.17_sub	-0.173611568327477	-0.296616125861792
semibin_SRR13068815.96	-0.833417313213875	-0.0248811729351564
semibin_SRR13068813.2	-0.185512723441651	-0.293578702966361
semibin_SRR13022464.9	0.783455325250099	0.258033048351617
semibin_SRR13022452.10	0.325014008168647	1.10046453400454
semibin_SRR13022450.11	-0.804074602242043	-0.164327610294013
semibin_SRR13022436.17	0.0216546784681775	-0.125851321975379
semibin_SRR13022432.11	-0.231624769087365	-0.289899472157149
semibin_SRR13022424.6	-0.262958297546437	0.439647387703271
semibin_SRR13022424.5	1.57813353646226	0.784745644768091
semibin_SRR13022423.21	-0.815305726643135	-0.0138537772099062
semibin_SRR13022415.6	0.136557800654838	-0.133986193696646
semibin_SRR13022404.15	0.967717362527321	-0.68765510992208
semibin_SRR13022392.16	-0.749783443327477	-0.0937508829037233
semibin_SRR13022392.1	1.09136409867234	1.04394788666567
semibin_SRR13022391.11	-0.713754044886162	0.173106025894494
semibin_SRR13022375.5	-0.665903674479058	0.276978682716699
semibin_SRR13022325.6	4.07952292073197	0.197650622566553
semibin_SRR13022319.17	-0.657298313494255	-0.0640010722080751
semibin_SRR13022319.12	-0.748755442019036	-0.170224595824866
semibin_SRR13022308.4	2.87452824223466	0.197624932964654
semibin_SRR13022297.24	0.218891454820106	2.60364050789675
semibin_SRR13022289.13	1.65750773060746	1.52982182427249
semibin_SRR13022263.2	-0.574566172476342	0.220044445236535
semibin_SRR13022261.21	0.13644660819001	1.18491883202395
semibin_SRR11413692.31	-0.75052227270179	-0.17348297313848
semibin_SRR11413691.62	3.17614014256425	0.0940939299663023
semibin_SRR11413691.52	0.302524460439155	-0.162995714704184
semibin_SRR11413691.42	1.75688917744584	0.928167056282373
semibin_SRR11413691.40_sub	1.30876774895615	0.851277779777856
semibin_SRR11413690.9	-0.752859490032723	0.126971077164026
semibin_SRR11413690.7	1.53795786011643	0.730036448677392
semibin_SRR11413690.63	2.41088349926896	-0.351027112464099
semibin_SRR11413690.24	-0.64835290801101	-0.11371945218244
semibin_SRR11413690.11	1.28098685849137	0.297446202476831
semibin_SRR11413689.18	-0.364911407272746	0.167650472362848
semibin_SRR11413689.110	0.888120604638527	0.265330385406824
semibin_SRR11413689.105	-0.769497381563713	-0.171638090173392
semibin_SRR11413688.65_sub	1.40427107918687	-0.326244551698355
semibin_SRR11413687.8	-0.796009140129616	0.0301761440833525
semibin_SRR11413687.181	1.51184589970536	-0.946035195151953
semibin_SRR11413687.171	0.128885580186317	-0.208450231711058
semibin_SRR11413687.106_sub	-0.484788538928559	-0.0119274743000551
semibin_SRR11413686.80	3.20720894444413	0.99398238583407
semibin_SRR11413686.11	-0.285171316977074	-0.2725526429812
semibin_SRR11413684.67	0.809883071069191	-0.399446751932292
semibin_SRR11413683.31	0.484711958054969	-0.116650778810172
semibin_SRR11413683.194	-0.803374009247353	-0.162749964753775
semibin_SRR11413683.123	-0.384330809156825	-0.103509325544028
semibin_SRR11413683.102	2.32419760334916	-0.694150377074866
semibin_SRR11413681.96	0.311969054822395	0.268546950062128
semibin_SRR11413679.4	1.41602237332291	-0.1038045473496
semibin_SRR11413678.73	-0.855171190615227	-0.067753035585074
semibin_SRR11413678.51	-0.681959854479363	-0.058791626254706
semibin_SRR11413678.27	-0.814472185488274	-0.162814576188712
semibin_SRR11413678.104	-0.559890957589676	-0.207327563325553
semibin_SRR11413657.198	-0.561481328721573	-0.210685346285491
semibin_SRR11413657.19	-0.257119448895981	-0.279430452744155
semibin_SRR11413657.160_sub	-0.412563638802101	-0.238871146003394
semibin_SRR11413657.102	-0.521252559538414	0.179608535011621
semibin_SRR11413656.47	-0.171090053434899	0.439710687836023
semibin_SRR11413656.25	1.35394067871995	1.33175654335818
semibin_SRR11413656.22	-0.673759149427941	-0.185622949163107
semibin_SRR11413656.102	-0.859638618345787	-0.0769606120983644
semibin_SRR11413656.101	-0.412959048564961	-0.238654810945181
semibin_SRR11413655.121	-0.675164835568001	-0.187352139512686
semibin_SRR11413654.79	0.0458615552229382	0.818084668358179
semibin_SRR11413654.21	0.0943745802683331	0.519553732117029
semibin_SRR11413654.127	-0.891663895960381	-0.148725885907797
semibin_SRR11413653.97_sub	2.96305902111954	0.536198984821649
semibin_SRR11413653.50	0.486545098905037	0.201355289657922
semibin_SRR11413653.25	3.11110694516129	0.568500470360132
semibin_SRR11413652.9_sub	-0.656515883322289	-0.188772190372138
semibin_SRR11413652.34	-0.0753154922681354	0.0163623504241423
semibin_SRR11413652.32	-0.362525078042825	-0.255420435229926
semibin_SRR11413649.46	-0.747613715048363	-0.172097045938162
semibin_SRR11413649.38_sub	-0.586294474120667	-0.206906754533438
semibin_SRR11413649.35	-0.115432726259758	-0.0623362846771761
semibin_SRR11413649.182	0.98347241986222	1.85096068306765
semibin_SRR11413649.145_sub	1.37711126912064	-0.623456347743659
semibin_SRR11413649.100	-0.542312549467614	0.545004200180383
semibin_SRR11413647.44	-0.634261863346627	-0.0965631790558382
semibin_SRR11413647.24_sub	-0.854386018629601	-0.0625958629051729
semibin_SRR11413646.21	-0.439779454882672	-0.235310006896643
semibin_SRR11413646.13	-0.809219347353508	-0.163871634761481
semibin_SRR11413646.12	-0.594957428093483	-0.203246954838423
semibin_SRR11413645.40	-0.239854315336277	-0.283718395988135
semibin_SRR11413645.160	-0.0250618029790424	-0.342141147712855
semibin_SRR11413619.8_sub	-0.650014923925927	-0.190007496635108
semibin_SRR11413619.40	-0.276324572082093	0.195920240124078
semibin_SRR11413618.78	-0.080780493135979	0.195080112655969
semibin_SRR11413618.30	-0.163863258476784	0.464717399319025
semibin_SRR11413618.113_sub	-0.800007956142952	-0.165251392881064
semibin_SRR11413617.49	-0.790166096802285	0.0406549982627348
semibin_SRR11413615.76	-0.360911230364298	-0.252747360626845
semibin_SRR11413615.16	-0.770185427780678	0.0753502957423643
semibin_SRR11413615.105	-0.297048850025465	-0.270240563909201
semibin_SRR11413614.5_sub	-0.663928078527977	-0.187370497743277
semibin_SRR11413614.4	-0.325666135217478	-0.262817610065131
semibin_SRR11413614.13	-0.071827696676781	0.17644281311831
semibin_SRR11413614.10	0.2624934445662	-0.427299100915579
semibin_SRR11413613.8	-0.699629204388192	-0.184398043910651
semibin_SRR11413613.5	-0.798420297022393	0.025180678804727
semibin_SRR11413613.4	-0.747669177170327	-0.1739148385922
semibin_SRR11413613.34	-0.44807422351413	-0.0470232255856081
semibin_SRR11413613.2	-0.418620923574498	-0.241325531164794
semibin_SRR11413613.11	-0.679069237824013	-0.186798442165045
semibin_SRR11413612.49	-0.029580222483208	-0.340286459783701
semibin_SRR11413612.43_sub	0.348629428033302	-0.450447965335943
semibin_SRR11413611.89	-0.67485328208976	0.259819041927667
semibin_SRR11413611.51_sub	-0.797714190598061	0.0194205753406004
semibin_SRR11413611.29	-0.489741610403588	-0.225672740499167
semibin_SRR11413610.61	-0.842414366121819	-0.15790303424993
semibin_SRR11413610.57_sub	-0.720156895037224	0.203832220276208
semibin_SRR11413610.13	-0.840923981781533	-0.06155173854032
semibin_SRR11413608.95	-0.400610799010327	-0.0472527034679933
semibin_SRR11413608.76	-0.660533057566216	-0.18768956140676
semibin_SRR11413608.52	-0.407100686843922	0.668493103226037
semibin_SRR11413608.137	1.30299694645829	-0.0470149405399843
semibin_SRR11413607.11	-0.582990797277024	-0.20875355974832
semibin_SRR11413606.86	-0.758190767880013	-0.172560561458258
semibin_SRR11413606.56	-0.690026478882363	-0.091089297095923
semibin_SRR11413606.50	2.76767046559281	0.256050538261743
semibin_SRR11413606.34	0.320380641107032	0.32664121313891
semibin_ERR6282137.80	-0.577385665889313	0.269450973709436
semibin_ERR6281997.48_sub	-0.775465773459008	0.0914367549022154
semibin_ERR6281997.36	-0.33003972288542	0.740183543403955
semibin_ERR6281751.11_sub	0.0362931917948224	-0.35345817730823
semibin_ERR6281677.29	-0.249895574565461	-0.277203056971221
semibin_ERR6281658.88	-0.545908676500847	-0.21489201859632
semibin_ERR6281658.34	-0.862395988817742	-0.154518473903327
semibin_ERR6281518.50_sub	-0.586561905260613	-0.204509321610121
semibin_ERR6281518.116	-0.891663895960381	-0.148725885907797
semibin_ERR6281504.148	1.86806972134537	0.346922408779474
semibin_ERR6281499.45	1.48736221898026	1.52457256241641
semibin_ERR6281344.40	-0.614681052084496	-0.198631484071402
semibin_ERR6281341.24	-0.378595572005441	-0.246294576684622
semibin_ERR6281341.23_sub	-0.70153238069587	0.0715096704562621
semibin_ERR6281340.57	-0.742797093506386	-0.175317306081442
semibin_ERR6280910.39	-0.666885690804055	0.275680433948846
semibin_ERR6280907.75	1.78320129025407	0.352999936779352
semibin_ERR6280899.10	-0.891663895960381	-0.148725885907797
semibin_ERR6279683.8	-0.513063387985756	-0.115536320964484
semibin_ERR6279678.42	-0.218940498347809	-0.293084595362334
semibin_ERR6279676.74	-0.809784220572045	-0.16166474298635
semibin_ERR6279675.47	1.43417770970292	0.205800961693139
semibin_ERR6279674.62	-0.76963426363044	-0.170370597402243
semibin_ERR6279673.45	-0.702817844267418	-0.182250518361716
semibin_ERR6279673.25_sub	-0.131983714218666	0.552689146240564
semibin_ERR6279672.24	3.39600570309586	-1.68938856200376
semibin_ERR6279669.82	1.58285207856126	-0.976446319381384
semibin_ERR6279669.74	-0.762049900408318	-0.171364802877097
semibin_ERR6279669.46_sub	-0.632777052040627	-0.198764223615317
semibin_ERR6279669.31_sub	-0.891663895960381	-0.148725885907797
semibin_ERR6279669.21	-0.777278738136818	-0.170674253265051
semibin_ERR6279669.146	-0.891663895960381	-0.148725885907797
semibin_ERR6279668.12	-0.809475200291207	-0.161690760413794
semibin_ERR6279666.26	-0.671583788509896	-0.190038699666647
semibin_ERR6279664.27	-0.604004280682137	-0.0374526269833131
semibin_ERR6279661.80	-0.175846161361267	0.514500629146905
semibin_ERR6279661.58	-0.651768969412377	0.309765707691522
semibin_ERR6279657.86	-0.231574596877625	-0.285789523283629
semibin_ERR6279657.67	-0.762012707109978	-0.172650177041678
semibin_ERR6279655.13	-0.739516275044014	-0.177333164970069
semibin_ERR6279654.38	-0.525677921290924	-0.0864595063129945
semibin_ERR6279650.29	-0.0609668363290332	-0.333718020478873
semibin_ERR6279649.25	-0.174765067215493	0.34747679158053
semibin_ERR6279648.9_sub	-0.686953323002388	-0.121050316850333
semibin_ERR6279646.22_sub	-0.851447688456108	-0.157392997304587
semibin_ERR6279646.10	-0.800028311129143	-0.166555810729651
semibin_ERR6279644.33_sub	-0.673435168381264	-0.186560828248648
semibin_ERR6279629.17	-0.632741110439827	0.383523296554895
semibin_ERR6279628.51	-0.613824443932106	0.391461204727502
semibin_ERR6279628.40	-0.724046068306496	-0.179950196305899
semibin_ERR6279627.38	-0.782162504311135	-0.167551714936881
semibin_ERR6279626.75	-0.232949839945366	-0.28201046959558
semibin_ERR6279626.1	-0.844128327484658	-0.158064533034949
semibin_ERR6279625.36	-0.771572517271569	-0.171749789277701
semibin_ERR6279622.41	-0.656948702450325	-0.19021447376409
semibin_ERR6279622.2	-0.891663895960381	-0.148725885907797
semibin_ERR6279622.17	-0.839611815329125	-0.158818293372778
semibin_ERR6279621.6	-0.704733001108696	-0.18015702442327
semibin_ERR6279619.6	0.702604247216652	-0.177004236737876
semibin_ERR6279619.56	-0.724219756241371	-0.178189564506201
semibin_ERR6279614.29	2.02429039586015	-0.252279508868842
semibin_ERR6275680.30	-0.598592253442337	0.241695832451196
semibin_ERR6275677.28	-0.832647340412667	-0.15978326276937
semibin_ERR6275676.56	0.539881600026558	1.11926288529238
semibin_ERR6275675.85	-0.693544225807717	-0.18464829401174
semibin_ERR6275675.39_sub	-0.850823925848534	-0.156799007217078
semibin_ERR6275675.25	-0.236973928328087	-0.0530059523979707
semibin_ERR6275674.90	-0.300704503472378	-0.0431268997589632
semibin_ERR6275674.65	-0.513935552950432	-0.224457327286391
semibin_ERR6275674.36_sub	-0.784989135380318	0.0529747120936827
semibin_ERR6275673.30	-0.809577273245385	-0.161450166265158
semibin_ERR6275672.14	0.194590760354469	-0.400592386732487
semibin_ERR6275668.86	0.503802252892921	-0.122499991218237
semibin_ERR6275668.126	-0.694276290054848	0.236656080921503
semibin_ERR6275668.101	0.0443539451403119	-0.102875370542197
semibin_ERR6275667.19	0.162548733834694	-0.398530855784802
semibin_ERR6275666.93	-0.482415365095665	-0.0410333462158723
semibin_ERR6275666.75	-0.836001651402047	-0.159002382318167
semibin_ERR6275666.3	-0.0192451347070239	-0.340035881857066
semibin_ERR6275666.11	-0.674066202755501	-0.186950314799933
semibin_ERR6275664.8	0.60389502156205	-0.136153031150488
semibin_ERR6275663.61	-0.831866102333596	-0.0448796935478731
semibin_ERR6275663.33	-0.173003362532189	-0.0735521502892061
semibin_ERR6267712.45	1.13506193268723	0.569649647911401
semibin_ERR6267712.36	-0.475016178603699	-0.22984263674417
semibin_ERR6267712.18	0.144992126111458	-0.269359041015296
semibin_ERR6264281.82	-0.182906748767426	-0.096410501758246
semibin_ERR6264280.63	-0.352498827076932	-0.25228548423448
semibin_ERR6264280.18	1.40362758744187	0.0420713834365324
semibin_ERR6236131.31	-0.291789488907387	-0.27094601468244
semibin_ERR6233695.43_sub	-0.0293787289815448	0.587757062157007
semibin_ERR6233693.7	-0.00373123776488526	0.231344591816278
semibin_ERR6233692.26	-0.307018747593691	-0.265158373872428
semibin_ERR6232521.7	-0.302894270088007	0.148715268810602
semibin_ERR6232521.17	-0.397160986478855	0.0505195967753844
semibin_ERR6232458.16	0.407823158387611	0.456581901748987
semibin_ERR6232458.12	-0.112604619975617	0.649137210090967
semibin_ERR6232425.9	-0.838605331297448	-0.159132141629843
semibin_ERR6232382.49_sub	1.47918601143784	0.393600713451715
semibin_ERR6230326.3	-0.813519941683342	-0.164192963401465
semibin_ERR6229432.91	0.344832910184333	0.157596599300714
semibin_ERR6229432.4	-0.797160582657387	-0.100424218932776
semibin_ERR6229432.26	-0.650169150944283	0.0729877464374022
semibin_ERR2162223.6	2.50748522389359	-0.157151240865378
semibin_ERR2162223.3	0.44319321024842	-0.104711372415213
semibin_ERR2162221.24_sub	0.336202992085884	-0.449549253574251
semibin_ERR2162218.39	0.402526272420356	0.451736163338037
semibin_ERR2162217.22	2.53727061856217	0.408089410503717
semibin_ERR2162216.32	-0.150023760314514	-0.0449018664757295
semibin_ERR2162215.9	-0.378210887353351	0.0469034127791838
semibin_ERR2162212.41	-0.560746045823624	0.552892874916406
semibin_ERR2162212.116	-0.849713729734948	-0.154968786994605
semibin_ERR2162208.7	0.419909549836586	-0.106761861602454
semibin_ERR2162203.14	0.48264200795121	1.11774094029269
semibin_ERR2162202.9	1.57350213635392	-0.712883997718482
semibin_ERR2162202.11	1.40524585354752	0.286799620827051
semibin_ERR2162200.40	-0.235810706432392	-0.2847287245194
semibin_ERR12406015.22_sub	0.206410182599495	-0.41044791416326
semibin_ERR12406013.72	0.460501087789009	-0.496625237176804
semibin_ERR12406013.48	-0.325444186146786	-0.261787269274382
semibin_ERR12406013.35	0.450317634229133	-0.109402287761359
semibin_ERR12406012.51	1.04743785965867	-0.71494757012525
semibin_ERR12406012.38	-0.431296767707398	-0.234482396403937
semibin_ERR12406012.20	-0.478775011416008	-0.224225748340277
semibin_ERR12406009.9_sub	2.9799600373549	-0.357610087851672
semibin_ERR12406007.1	0.223614109639595	-0.130732644359259
semibin_ERR12406006.72	0.380950285081337	-0.46809162014225
semibin_ERR12406006.56	0.0815319548887707	-0.372769515971331
semibin_ERR12406004.40	-0.460311489220192	-0.232218239466338
semibin_ERR12406004.36	1.23255570042557	-0.808415640155463
semibin_ERR12406004.33	1.54965372193284	-0.86157335714498
semibin_ERR12406004.23	0.0734990369123913	-0.369427364329485
semibin_ERR12406004.1	-0.214509086723854	-0.291052777330069
semibin_ERR12406003.88	0.165031744126747	2.51111574097476
semibin_ERR12406002.26_sub	-0.588074879761269	-0.206547919670729
semibin_ERR12406002.24	-0.154327483888199	-0.307503808299689
semibin_ERR12406002.2	1.96962220776505	-1.18638359383741
semibin_ERR12406001.7	-0.323667699511578	-0.258430499593405
semibin_ERR12406001.48	0.720408989076088	-0.582054767767577
semibin_ERR12406000.0	0.693317724351356	-0.574732001880793
semibin_ERR12405998.5_sub	0.156080497388313	-0.397045616070418
semibin_ERR12405998.55	-0.290448727126648	-0.27111637965837
semibin_ERR12405998.40	-0.155238108749916	-0.305339578549056
semibin_ERR12405998.4	0.411199582700203	-0.477405544380335
semibin_ERR12405998.20	0.548984957818458	0.259376596649499
semibin_ERR12405997.60	0.341748727445076	1.53263409062228
semibin_ERR12405997.28	-0.369958909268906	0.934423159797998
semibin_ERR12405997.23	-0.445072354789307	0.75920648499331
semibin_ERR12405997.136	0.414926363114784	1.57133622093997
semibin_ERR12405995.25	-0.583149032707741	-0.207441080371527
semibin_ERR12405995.2	-0.0229285229402088	-0.246941480795531
semibin_ERR12405995.13	0.049518955831001	-0.36490320787826
semibin_ERR12405994.32	-0.346317471976807	-0.263819653550772
semibin_ERR12405993.20	1.69576866734452	-1.03189050034681
semibin_ERR12405992.57	0.00649727690644042	1.97252650185427
semibin_ERR12405992.43	0.18572856295533	2.12397117539248
semibin_ERR12405992.13	-0.51275251996093	0.608451794823022
semibin_ERR12405992.1	-0.134150834794571	0.19821913166842
semibin_ERR12405987.20	-0.00127692710929139	-0.344509195546298
semibin_ERR12405986.41	1.384424520616	-0.0947264321247621
semibin_ERR12405985.19	-0.891663895960381	-0.148725885907797
semibin_ERR12405984.5	0.350610626820991	0.553797673424097
semibin_ERR12405984.16	-0.545584263320496	0.563289474685998
semibin_ERR12405983.42	0.464406443719337	-0.100005526105551
semibin_ERR12405983.41	0.610046995763252	-0.556442681709914
semibin_ERR12405982.7	-0.0260181893067859	1.9435247890552
semibin_ERR12405981.28	-0.255651066120198	1.31224651261172
semibin_ERR12405980.54	-0.466610224957993	0.69911880417666
semibin_ERR12405979.55	-0.469178559299042	-0.0329431481758638
semibin_ERR12405979.43_sub	0.090722067241142	-0.127582896510748
semibin_ERR12405979.21	-0.455049241002133	-0.235161427418379
semibin_ERR12405976.91	-0.373694293241432	-0.123499978343634
semibin_ERR12405976.64	-0.164886968250801	-0.116552550355582
semibin_ERR12405976.23	0.631702257279823	-0.550169881443171
semibin_ERR12405976.10	-0.556202294345429	-0.208821807066588
semibin_ERR12405974.73	-0.0936533082681201	-0.317334998408942
semibin_ERR12405974.62	-0.643081711645653	-0.191369730989127
semibin_ERR12405974.45	-0.280637057538559	0.122287463386865
semibin_ERR12405974.32	-0.0421567131238483	-0.331114310781149
semibin_ERR12405974.119	0.430167568807075	-0.476997608328847
semibin_ERR12405973.6	-0.038897382135918	0.800174783905359
semibin_ERR12405973.32	0.0412007998270489	1.98936767502627
semibin_ERR12405973.28	-0.0473432708936237	1.5709387771686
semibin_ERR12405972.8	-0.231003912206223	-0.282841969291358
semibin_ERR12405971.54	2.24052412617631	-1.33327953890958
semibin_ERR12405971.25	-0.071361320133736	-0.175121951858191
semibin_ERR12405971.1	0.537880493287513	-0.144034136096625
semibin_ERR12405970.61	1.92138035405106	0.644158672531457
semibin_ERR12405970.54	0.276211393956611	1.19307441635928
semibin_ERR12405970.2_sub	-0.338097460608413	0.744042705734582
semibin_ERR12405970.21	-0.59395049702697	0.469488631924005
semibin_ERR12405969.59	0.134110910777519	-0.383421655754237
semibin_ERR12405969.55	1.13356335270829	-0.571866888562827
semibin_ERR12405968.41	-0.258937584276726	1.24624426289401
semibin_ERR12405968.34	-0.248859578784039	1.23680765553317
semibin_ERR12405968.12	-0.414996581192543	0.827421616752954
semibin_ERR12405967.93	3.4217746983809	0.447560679157587
semibin_ERR12405967.4	0.628084076528022	0.200184535225244
semibin_ERR12405966.20	-0.211794333572914	-0.0295425243774934
semibin_ERR12405966.12	0.716625286225746	-0.585497979084639
semibin_ERR12405965.36	-0.373263164463868	-0.251321200291304
semibin_ERR12405964.2	0.761240674142311	-0.435685927058248
semibin_ERR12405963.29	-0.29955135103636	-0.269159574071555
semibin_ERR12405963.23	-0.591152029152443	-0.204170633117346
semibin_ERR12405963.13	-0.407823799218466	-0.243689674894003
semibin_ERR12405961.53	-0.152511360164215	0.0338184647162871
semibin_ERR12405961.52	-0.149188341613343	0.152147721489282
semibin_ERR12405961.27	2.43983252156205	-1.45234875754514
semibin_ERR12405961.23	1.54910130608506	-0.958484042445807
semibin_ERR12405960.30	-0.563764663453629	0.479220639904352
semibin_ERR12405959.9	-0.289798239286473	-0.132569361488013
semibin_ERR12405959.88	0.807011676911781	-0.637370992461829
semibin_ERR12405959.85	0.241349650506447	-0.426079619685797
semibin_ERR12405958.10	1.56796164620347	-0.974061120311408
semibin_ERR12405957.24	-0.622755156870415	0.19337762518725
semibin_ERR12405955.92	0.0623830090803601	0.913143824776025
semibin_ERR12405955.68	-0.412938492413094	0.835831236084314
semibin_ERR12405955.60	-0.233969086821606	1.09751553459963
semibin_ERR12405955.23_sub	-0.531842591281464	0.375387858589502
semibin_ERR12405955.2	-0.415536431636145	0.829795312126489
semibin_ERR12405955.19	-0.683375554199745	0.24567938967547
semibin_ERR12405955.104	-0.581192793365052	0.459882926185937
semibin_ERR12405952.9	-0.153285237069657	1.26498467846713
semibin_ERR12405952.7	-0.204359905834725	1.35884017868838
semibin_ERR12405952.30	-0.446343483443787	0.773370813568445
semibin_ERR12405952.2	-0.441580841358235	0.783927392204614
semibin_ERR12405952.12	0.0725117157740094	2.13662381096682
semibin_ERR12405950.25	-0.360058197093611	-0.252190042297034
semibin_ERR12405949.11_sub	1.46784527409501	-0.92478980497518
semibin_ERR12405947.71	2.13503368008561	-0.153074849406867
semibin_ERR12405947.70	0.306126607541511	-0.437980565252392
semibin_ERR12405947.51	0.49555475819535	-0.506518647084622
semibin_ERR12405947.46	0.975232196931312	-0.0166516490379854
semibin_ERR12405947.16	-0.243858741636803	-0.281106118122725
semibin_ERR12405946.2	-0.339350221719076	-0.259574506441741
semibin_ERR12405945.16	-0.241578670259049	-0.283946637074141
semibin_ERR12405944.21	-0.286014476831486	1.08920807762942
semibin_ERR12405943.66	-0.820330994244149	-0.0233054347435518
semibin_ERR12405943.65	-0.891663895960381	-0.148725885907797
semibin_ERR12405943.41	-0.891663895960381	-0.148725885907797
semibin_ERR12405942.29	-0.127377362962296	-0.317431543032317
semibin_ERR12405940.4	0.329469216947029	-0.238749701539664
semibin_ERR12405939.57_sub	0.0498256813330151	-0.361511159698157
semibin_ERR12405939.30	0.0115549694342114	-0.35050240532556
semibin_ERR12405939.29	3.87527926075883	0.1802311055263
semibin_ERR12405939.27	2.25032479870744	-1.34085701779523
semibin_ERR12405937.46	-0.167611675377419	-0.303382027904181
semibin_ERR12405937.35	1.59858830082841	-0.991294849673895
semibin_ERR12405937.0_sub	0.282323969487617	-0.431806046525626
semibin_ERR12405935.39	-0.138095902319481	-0.307744238535552
semibin_ERR12405934.44_sub	-0.412490868981411	-0.243024382750182
semibin_ERR12405934.0	-0.293420070822766	-0.0931550748745485
semibin_ERR12405933.78	0.147713197354744	-0.395289272079854
semibin_ERR12405932.31	-0.159932257648041	-0.30356362835565
semibin_ERR12405929.26	1.22889621365495	-0.796906936923651
semibin_ERR12405928.73_sub	0.37888611662812	-0.466884939009933
semibin_ERR12405928.72	-0.443204054649403	-0.236229721466689
semibin_ERR12405928.63	-0.033761130686333	-0.338887650529532
semibin_ERR12405928.62	-0.288235412951042	-0.125832308093695
semibin_ERR12405928.58	-0.150759058113625	-0.307136047641425
semibin_ERR12405928.45	0.850750518922279	-0.644072983423857
semibin_ERR12405928.36_sub	0.484712554101417	-0.361497689048438
semibin_ERR12405928.10	-0.191455917473366	-0.296551618734984
semibin_ERR12405923.34	-0.229346351738503	0.0780246965487914
semibin_ERR12405923.28	1.64266569722123	0.198541592796655
semibin_ERR12405921.38	2.00587256062455	-1.20662431792417
semibin_ERR12405920.42	1.98571522343583	-1.18958317116895
semibin_ERR12405920.23	-0.278834575827648	0.210894297798486
semibin_ERR12405920.20	-0.0450662244515918	0.00240330024561447
semibin_ERR12405918.22	0.74217398274369	-0.604344982663779
semibin_ERR12405918.19	0.348713291768501	-0.454201252675293
semibin_ERR12405918.0	1.20805091965623	0.15448076649508
semibin_ERR12405916.52	0.769658995751808	-0.620281744758276
semibin_ERR12405916.3	-0.389383574988177	-0.253042642037062
semibin_ERR12405916.16	0.975909901742408	-0.178083945075659
semibin_ERR12405915.41_sub	0.575266016606758	0.689718436439844
semibin_ERR12405915.28	0.214937997941444	2.02501649781069
semibin_ERR12405915.19	-0.417741609777739	0.829829048355432
semibin_ERR12405913.25	-0.246224956627419	-0.287086207429556
semibin_ERR12405912.84	-0.493365349288513	0.746305298050256
semibin_ERR12405912.39_sub	-0.213231625075867	0.208534490307184
semibin_ERR12405912.18	-0.670185105915596	0.330131959160181
semibin_ERR12405912.11	1.25264031994767	1.96848721428713
semibin_ERR12405910.62	0.098188502673576	-0.374703381220488
semibin_ERR12405910.22	-0.0569969881730579	-0.330248903493075
semibin_ERR12405910.1	0.260150505189369	-0.422819668437032
metabat_SRR8387712.29	-0.668640451546242	0.30478126927218
metabat_SRR8387710.29	0.0166035722536542	-0.353367511192946
metabat_SRR8387683.37	0.304202331189583	-0.199264455596594
metabat_SRR8387677.1_sub	-0.804123299236824	-0.163853067914633
metabat_SRR8387676.9	-0.823447244282296	-0.1591203697125
metabat_SRR8387676.2	-0.677282230969002	0.00422860308489365
metabat_SRR6000949.51_sub	-0.314801963086655	0.425594639023157
metabat_SRR6000949.29	-0.504920767660668	-0.22429180518785
metabat_SRR6000949.15_sub	-0.262680212076237	0.323201250274988
metabat_SRR6000947.61	-0.478853130753567	-0.229990709582953
metabat_SRR6000940.58	0.515706015710304	0.622114013870569
metabat_SRR6000940.44	0.210961950902412	0.0256206206878142
metabat_SRR6000940.18	-0.689792500849297	-0.186276901523261
metabat_SRR6000932.13	-0.709361152763893	0.0217853300174193
metabat_SRR6000907.39	1.56513567078538	0.399441491802545
metabat_SRR6000907.1_sub	2.38246734250016	0.505230855186792
metabat_SRR6000905.63	-0.798907356377175	-0.166608888665824
metabat_SRR6000905.24	-0.275148013647129	-0.169437754909186
metabat_SRR6000902.41_sub	-0.839431362267067	-0.0317160077492281
metabat_SRR6000895.57	0.0698332022470929	0.326196502884241
metabat_SRR6000895.38	-0.827590124722054	-0.160958755771308
metabat_SRR6000877.7	1.85777027714677	-0.400563787678866
metabat_SRR6000877.22	-0.0197042394834064	0.314068388183923
metabat_SRR6000874.30	2.36611230481095	-1.41519330815473
metabat_SRR6000874.13_sub	-0.658511417027047	-0.190643060962348
metabat_SRR5930536.81_sub	-0.634463744278481	-0.197647947827963
metabat_SRR5930536.13	2.0312443505568	-0.367603000263362
metabat_SRR5930534.33	-0.779205488081505	0.0599250309070067
metabat_SRR5930532.5	-0.797236429567864	-0.164448488513617
metabat_SRR5930532.34_sub	-0.465716058428814	-0.232539910833029
metabat_SRR5930529.8	0.515144957189033	-0.518863860527663
metabat_SRR5930529.63_sub	-0.683542566414406	-0.183699030439047
metabat_SRR5930529.3	0.975063277368019	-0.175859529534964
metabat_SRR5930528.37	0.0852784644407727	-0.372733082632212
metabat_SRR5930527.86	0.273314489011238	0.0635985843738036
metabat_SRR5930527.85	-0.50079399537616	-0.1368174441258
metabat_SRR5930527.48	-0.169613512273362	-0.208226550380377
metabat_SRR5930527.17	-0.251095132942726	-0.284834612170844
metabat_SRR5930526.41	-0.0355065036969684	0.34675211830935
metabat_SRR5930523.5	2.4437359105391	0.0531253330310301
metabat_SRR5930522.13_sub	0.107847286347816	-0.375784430662779
metabat_SRR5930520.43	-0.530688764567902	-0.0563758500019594
metabat_SRR5930519.59	-0.27728712003999	-0.277103099981932
metabat_SRR5930516.91	-0.147585826035073	0.277737092216821
metabat_SRR5930515.8	-0.737893538590004	-0.176955182115225
metabat_SRR5930515.56	-0.317516511346629	-0.00341476873555618
metabat_SRR5930514.58	1.44490571129746	0.230382632454248
metabat_SRR5930514.5	-0.818081961985161	-0.163801897327094
metabat_SRR5930514.24_sub	-0.645396756048729	0.134283017357202
metabat_SRR5930511.52	-0.891663895960381	-0.148725885907797
metabat_SRR5930509.43	-0.460651190991928	-0.230048675099997
metabat_SRR5930506.44_sub	-0.633495198603203	-0.195486653606085
metabat_SRR5930506.102	0.241809202317665	-0.151545543233542
metabat_SRR5930503.76	-0.390227304812004	-0.247181076566367
metabat_SRR5930502.31	-0.249529259319832	0.205823075016351
metabat_SRR5930501.50	-0.658374773378899	0.295211028297754
metabat_SRR5930501.36	-0.722346590872338	0.153292547901483
metabat_SRR5930501.14	-0.753554748411705	0.13011063261828
metabat_SRR5930498.82	1.78453595745988	0.592666219909997
metabat_SRR5930498.62	-0.799530791159203	-0.164008248607306
metabat_SRR5930494.72_sub	0.137714220170448	-0.195665229121832
metabat_SRR5930494.64	1.06462581265397	0.100162398060174
metabat_SRR5930494.40_sub	-0.51925344955497	-0.21937179938951
metabat_SRR5930494.25_sub	0.377925885800789	0.0353596620162444
metabat_SRR25825521.14	-0.351063400547435	-0.256643045703559
metabat_SRR25825519.12_sub	-0.768442915792992	-0.170329917232184
metabat_SRR25825515.43_sub	-0.543506430502465	-0.210724148909239
metabat_SRR25825515.13	-0.275402935262253	-0.276308689276366
metabat_SRR25825514.34	-0.579976307268669	-0.207872290174155
metabat_SRR25825512.9	-0.80494241606765	0.0254863612254576
metabat_SRR25825512.4	-0.758854525204232	-0.171974230567603
metabat_SRR25825510.42_sub	-0.791021483059456	0.032173585136743
metabat_SRR25825510.12_sub	0.0923763643545605	0.492193888862939
metabat_SRR25825507.13_sub	-0.343348283361127	0.34012336655459
metabat_SRR25825506.48	-0.744103508110573	-0.176192540685324
metabat_SRR25825505.39	-0.774483667727043	-0.169172275821356
metabat_SRR25825505.1	-0.261936182196667	-0.278241712609915
metabat_SRR25825504.22_sub	0.112360162620018	0.406636726101251
metabat_SRR25825503.7	-0.798509942408135	0.025140088041635
metabat_SRR25825503.11	0.310960544232795	-0.440819794322042
metabat_SRR25825502.47	0.335490299348304	0.253969501694055
metabat_SRR25825502.19_sub	-0.624450760002663	-0.0371528454224153
metabat_SRR25825499.38	-0.601231234188607	-0.200239855806021
metabat_SRR25825497.15	-0.552635761018326	-0.212389875213294
metabat_SRR25825496.4_sub	-0.891663895960381	-0.148725885907797
metabat_SRR25825496.40	-0.775735097046425	-0.167408335963873
metabat_SRR25825496.19	-0.675785707350304	0.0113335959514098
metabat_SRR25825494.29	-0.497458117123177	-0.109607685367255
metabat_SRR25825494.21	-0.756693111773064	-0.173855979005484
metabat_SRR25825493.27	1.18389983284898	0.0797900669177489
metabat_SRR25825493.23	-0.374445676844051	-0.248304266492514
metabat_SRR23364239.1	0.266723109368751	1.5280807725986
metabat_SRR23364237.27	-0.110247554297974	-0.317256230870871
metabat_SRR23364235.43	1.72292263615556	-0.915642667571692
metabat_SRR23364233.36	1.47876019585557	0.319902729233118
metabat_SRR23364231.86	-0.824714111204674	-0.161252547065405
metabat_SRR23364230.26_sub	-0.785850184078743	-0.165683943788199
metabat_SRR23364213.66	0.415914429311226	0.722904156883569
metabat_SRR23364212.36	0.0671597849173047	-0.120498139421134
metabat_SRR23364211.18	0.735764576081703	0.290810476978631
metabat_SRR23364206.9	-0.00899829160742982	-0.348367232839255
metabat_SRR23364202.16	0.368218971375892	0.682645749290796
metabat_SRR23364199.53_sub	-0.891663895960381	-0.148725885907797
metabat_SRR23364198.6	-0.788059907074501	0.0378348044951872
metabat_SRR23364197.35	-0.78207545172744	-0.168136734525351
metabat_SRR23364191.39_sub	0.254795623902748	-0.0894905217091127
metabat_SRR23364187.7	-0.739147054071953	-0.17378540710607
metabat_SRR23364187.17_sub	-0.797021495218804	-0.165095020095496
metabat_SRR23364184.7	-0.676562057848503	0.256318222721429
metabat_SRR23364178.39_sub	-0.733011113520195	0.132420133789392
metabat_SRR23364176.34	-0.622680591459801	-0.193475712100653
metabat_SRR23364176.32	-0.803708123083641	-0.165667671720175
metabat_SRR23364174.22	-0.72464262139373	0.164605390270563
metabat_SRR23364171.73	-0.743512289639046	-0.176302660266547
metabat_SRR23364171.43_sub	0.619251383428047	-0.548568751672892
metabat_SRR23364171.31	0.56762815821595	1.32715506478152
metabat_SRR20881987.29	-0.451953807886174	0.180187236507745
metabat_SRR20881986.23	-0.507589461322357	-0.117115367213873
metabat_SRR20881985.11	-0.684998499270012	-0.0563462860981508
metabat_SRR20881983.38	-0.786584423895409	-0.167327124635367
metabat_SRR20881983.15_sub	-0.598129482980301	-0.135052282373099
metabat_SRR20881981.57	-0.840452300425103	-0.156655330220847
metabat_SRR20881981.3	-0.71189437996917	0.204470526417108
metabat_SRR20881979.28	-0.32445069965296	-0.264289919296889
metabat_SRR20881979.25	-0.312655957456162	0.0245759896834807
metabat_SRR20881978.24	2.88326151478715	-0.420432971800355
metabat_SRR20881978.1_sub	-0.861805187578728	-0.154636461297659
metabat_SRR20881977.30	-0.772626923437645	-0.165896136323599
metabat_SRR20881975.42	-0.544935064430764	-0.215896267453818
metabat_SRR20881974.56	-0.616406606550743	-0.197447258989005
metabat_SRR20881974.5	-0.721041219349434	-0.179985869685797
metabat_SRR16554788.7	0.308225525502632	0.485044252117486
metabat_SRR16554786.10	1.51724107373185	-0.368448507050662
metabat_SRR16554780.7_sub	-0.810257541056206	-0.16158624366918
metabat_SRR16554780.25	-0.782872783060601	-0.166189897815375
metabat_SRR16554779.30	3.78361923802323	0.27122379465899
metabat_SRR16554779.24	-0.129355730529358	0.134531568725915
metabat_SRR16554779.19	-0.545576559420159	-0.214080531160025
metabat_SRR16554773.16	-0.81102808010154	0.0106792263587431
metabat_SRR16554771.7_sub	-0.367748686152925	-0.0383556075493379
metabat_SRR16554771.5	-0.475610101635983	0.163364302357049
metabat_SRR16554771.26	2.12255199063248	0.0500244609912352
metabat_SRR16554769.37	-0.801963107700875	-0.16490809992948
metabat_SRR16554769.2	-0.891663895960381	-0.148725885907797
metabat_SRR16554767.15	-0.584391700144341	0.518255244930597
metabat_SRR16554766.44	-0.746296959038308	-0.175784248868613
metabat_SRR16554766.12	-0.824440138454964	-0.159999120990424
metabat_SRR16554765.17	0.648184491280983	0.554845284660669
metabat_SRR16554763.7	-0.269987532909443	-0.276261765519766
metabat_SRR16554763.38	-0.349405267316332	-0.0165701098839326
metabat_SRR16554760.38	-0.189389469142487	0.230307947834344
metabat_SRR16554758.22	-0.802751855965187	8.01496108488453e-05
metabat_SRR16554757.37	-0.840753393288185	-0.159252900640158
metabat_SRR16554757.24	-0.807722913141777	-0.162007648507742
metabat_SRR16554753.15	-0.714419590349724	-0.178030360500006
metabat_SRR16554747.15	-0.795624958391716	0.0309589616855101
metabat_SRR16554746.22	2.32062704670853	-0.139672715226798
metabat_SRR16554744.3	1.38558764565415	-0.372131798426299
metabat_SRR16554736.34_sub	0.28306354391999	0.938831280907007
metabat_SRR16554728.7	-0.302148537750771	-0.0838274546066805
metabat_SRR16554728.6	-0.421298617537548	-0.245841506878523
metabat_SRR16554724.5	0.0873707364840008	-0.369177583614974
metabat_SRR16554721.12_sub	-0.203359501476815	0.000406425436349334
metabat_SRR16554713.7	1.28705818760819	0.335919629772516
metabat_SRR16554713.13	2.4598651658339	0.383871685703607
metabat_SRR16554711.16	0.422074390534828	-0.138081539432196
metabat_SRR16554707.26	-0.721337007399132	-0.178500819961218
metabat_SRR16554702.8	-0.726653711910775	-0.176014143983512
metabat_SRR16554696.40	-0.480218568857243	-0.229430485526709
metabat_SRR16554687.19	0.816869212274025	0.290796827514978
metabat_SRR16554681.16	-0.0517707337098621	-0.334148187200217
metabat_SRR16554674.5	5.20294411290116	-0.576092142621665
metabat_SRR16554671.17_sub	-0.690202759619286	0.0142593197425322
metabat_SRR16554669.41_sub	0.237480772618721	0.309899520119043
metabat_SRR16554665.10	1.31246073353715	0.401307534416528
metabat_SRR16554662.30_sub	1.30742938626237	0.117092382152887
metabat_SRR16554660.42	-0.832344608421852	-0.0457686670223756
metabat_SRR16554660.26	-0.739898638840248	-0.176107037822394
metabat_SRR16554660.22	-0.297390630509188	-0.265278536836295
metabat_SRR16554660.12	-0.761660056229164	-0.171253789226203
metabat_SRR16554658.17	-0.328697193454435	0.151972185810419
metabat_SRR16554657.23	-0.840479688759377	-0.15648924187818
metabat_SRR16554656.29	-0.734056549187233	-0.172923494140296
metabat_SRR16554654.55	0.741708351258705	-0.435754483575611
metabat_SRR16554654.44	-0.502786116715004	0.023619364937158
metabat_SRR16554654.18	0.458488656167457	0.23097778483233
metabat_SRR16554653.16	-0.0660619605737232	-0.331449735919623
metabat_SRR16554652.36_sub	-0.843794899101784	-0.158142048875479
metabat_SRR16554651.26	0.43941302407212	-0.214462626735358
metabat_SRR16554651.15	-0.240143412764599	-0.280102435509352
metabat_SRR16554650.26	-0.804181115742256	-0.162664640704779
metabat_SRR16554646.5	2.76590879071183	0.682399462898584
metabat_SRR16554644.2	-0.623356061096718	-0.20002003387609
metabat_SRR16554643.9	-0.0774218310075305	-0.325293835262446
metabat_SRR16554643.13	0.0365114938063122	-0.355906840423731
metabat_SRR16554638.9	-0.502858536358406	-0.01969223097959
metabat_SRR16554636.2	-0.638644592876961	0.346849750717493
metabat_SRR16554636.19	-0.296991901512673	-0.268316138545661
metabat_SRR16554636.10	-0.47563240867429	-0.227307129661231
metabat_SRR16554633.8	0.899936033372352	0.863630246361108
metabat_SRR16554632.45	-0.750192360992958	0.135395061214776
metabat_SRR16554632.31	-0.83216683756881	-0.0454387255112215
metabat_SRR16554632.20	-0.79131435048156	0.0558783523639159
metabat_SRR16554631.3	-0.688199238892128	-0.183325845758109
metabat_SRR16554627.25	-0.714598672504952	-0.0825962312618776
metabat_SRR16554627.12	-0.750568347092202	0.13967842980227
metabat_SRR16554627.10	-0.0858844686704181	0.668783854683252
metabat_SRR16554626.8	-0.65363975059562	0.164840411384912
metabat_SRR16554626.7	1.98939497578568	-0.352102708081393
metabat_SRR16554625.19	-0.743660854216149	0.112713050087305
metabat_SRR16168985.46	-0.128617631311943	-0.308214101950316
metabat_SRR16168982.24	1.82266290295548	-0.412872064868598
metabat_SRR16168976.72	0.032206578139732	-0.356907155374674
metabat_SRR16168974.17	-0.163496913428833	0.158374141891809
metabat_SRR16168943.6	-0.817717568989327	0.00971348210176987
metabat_SRR16168942.20	-0.616583572741082	-0.200912762443213
metabat_SRR16168938.30	-0.369227065745225	-0.124206978837637
metabat_SRR16168938.24_sub	-0.784331904764702	-0.164548683921485
metabat_SRR16168930.22_sub	-0.418669702525666	0.355781625946374
metabat_SRR16168926.8	-0.431373195763161	0.771483372886987
metabat_SRR16168920.6	-0.799229132051995	-0.166548717776923
metabat_SRR16168920.14	-0.76996140372329	-0.169895309964804
metabat_SRR16168920.1	0.694409681443641	-0.578027728954939
metabat_SRR16168913.43	-0.752952085848381	-0.173066187659888
metabat_SRR16168896.4	1.17028756249375	0.230529855926843
metabat_SRR16168896.21	-0.620480911846688	-0.199787814180045
metabat_SRR13068853.24	0.0110148321432568	0.289321374138208
metabat_SRR13068851.17	0.670637322549293	0.438794326027246
metabat_SRR13068848.27	-0.861647473688652	-0.093730259696631
metabat_SRR13068843.53_sub	-0.260608525987198	-0.178534735004096
metabat_SRR13068843.21	-0.773320244665673	-0.169239152232794
metabat_SRR13068843.10_sub	-0.47868640911155	-0.224244553605704
metabat_SRR13068838.21	-0.183517890091469	0.150179933746667
metabat_SRR13068834.6	-0.817064600105812	-0.1612414904038
metabat_SRR13068834.30	-0.324904007877638	0.0475005619128661
metabat_SRR13068834.12	-0.348759268450966	-0.257367584864287
metabat_SRR13068832.4	-0.179592581506302	0.283707987507196
metabat_SRR13068829.5_sub	-0.656594948883583	0.300389658649774
metabat_SRR13068828.29	0.539991809014747	-0.150318879644064
metabat_SRR13068825.48	-0.804744528646996	0.0259258262713866
metabat_SRR13068824.46	-0.287960270460179	0.739699672897668
metabat_SRR13068823.20_sub	-0.667567359324028	-0.038323331634192
metabat_SRR13068822.8	-0.640159415121605	-0.0640470869938417
metabat_SRR13068816.1	-0.49912807535701	-0.223657343546538
metabat_SRR13068815.13_sub	-0.837379561777642	-0.0550735779205843
metabat_SRR13022461.7	0.188080443028877	-0.39800323546925
metabat_SRR13022456.2	-0.486546399112274	0.666089963157983
metabat_SRR13022427.3_sub	-0.604805590625336	-0.200985509912161
metabat_SRR13022417.2	3.85843308079667	-0.426893418664722
metabat_SRR13022409.1	0.1465346347136	0.673759650429101
metabat_SRR13022401.12	-0.41310345571809	-0.2434430010716
metabat_SRR13022394.10	-0.53122420799308	0.0165059678157286
metabat_SRR13022372.10_sub	0.955771161202858	0.464646887024255
metabat_SRR13022352.3	3.80057175267167	0.332135032852502
metabat_SRR13022331.11	-0.815985130186608	-0.16376166419187
metabat_SRR13022323.1	1.41144795525498	0.3352683894237
metabat_SRR13022316.9	-0.18569095623069	1.54933423920474
metabat_SRR13022269.5	-0.486299606080582	-0.226206857720999
metabat_SRR13022266.9	-0.796591864939263	-0.164055246869711
metabat_SRR11413692.37	-0.741281824226906	-0.175559807578711
metabat_SRR11413691.28	-0.811796831007531	-0.0960213430325075
metabat_SRR11413690.35_sub	-0.645542906637719	-0.190860677520423
metabat_SRR11413690.18	-0.518911095376541	-0.219156075278906
metabat_SRR11413689.56	-0.825453417416146	-0.159821141521124
metabat_SRR11413689.40	0.268237186555336	-0.301102537671713
metabat_SRR11413689.27	-0.227193625684311	-0.282197896401076
metabat_SRR11413689.19	-0.626706766005089	0.36354226990542
metabat_SRR11413689.14	1.00175280678696	1.26469464226565
metabat_SRR11413687.86	0.738248778466652	0.263934325416894
metabat_SRR11413687.66	-0.646340923424294	0.321125995357843
metabat_SRR11413686.6	0.565903557424019	-0.136209655563025
metabat_SRR11413686.5	1.64262111294694	0.166804026802392
metabat_SRR11413686.33	-0.759399818296959	-0.169752795259146
metabat_SRR11413685.32	-0.0151137579637073	0.202476393421503
metabat_SRR11413685.13	0.204061878804634	0.0299488715728239
metabat_SRR11413684.26	-0.365926442242642	-0.249865639964728
metabat_SRR11413684.1	0.168894840363929	-0.265840116898207
metabat_SRR11413683.15	-0.830078082199623	-0.0310080535809084
metabat_SRR11413681.65_sub	-0.44076385539346	0.028939645727487
metabat_SRR11413681.52	-0.301439827348521	-0.267820063988356
metabat_SRR11413680.4	-0.506600664969017	-0.219335962096839
metabat_SRR11413679.36	0.0706134568495251	-0.36457056925693
metabat_SRR11413657.85	-0.64179669510894	0.349508892734857
metabat_SRR11413657.82	-0.828673290129235	-0.0389324613014742
metabat_SRR11413657.66_sub	-0.814548956270745	-0.162349481145529
metabat_SRR11413657.18	-0.697637813206246	0.0254916660388426
metabat_SRR11413656.75	0.338240159635017	0.340361844738336
metabat_SRR11413656.7	-0.211398305411866	-0.221460554758696
metabat_SRR11413654.79	-0.833056079264214	-0.0359938927094026
metabat_SRR11413654.23	-0.190250264521172	0.91930181904635
metabat_SRR11413652.31	-0.652765648479988	-0.000742841521887361
metabat_SRR11413652.11	-0.688237505074074	-0.185012806216864
metabat_SRR11413649.70	-0.785028116818001	-0.166641581813483
metabat_SRR11413649.62	1.893857074861	0.73757095261416
metabat_SRR11413649.18	-0.106173889751961	0.218387376507135
metabat_SRR11413647.31	0.0919743310255505	0.217641305168481
metabat_SRR11413645.9	-0.807822780724099	-0.161735493699698
metabat_SRR11413645.47	-0.801208870525887	0.0193988196452574
metabat_SRR11413645.3	-0.753851728554299	-0.0478024073044344
metabat_SRR11413620.24	0.126119209413002	-0.126288611451773
metabat_SRR11413619.66	0.40553052533097	0.337658297260614
metabat_SRR11413619.35	0.306171430234382	0.520885478695245
metabat_SRR11413618.92	-0.816894726868203	-0.162130225459723
metabat_SRR11413618.48	-0.237987430806687	0.441291999061914
metabat_SRR11413618.29_sub	0.436343027238319	0.72283239289126
metabat_SRR11413618.24	-0.776883887167504	-0.168812293569235
metabat_SRR11413618.19	-0.788162725086739	-0.167342919866232
metabat_SRR11413614.28	-0.426816599484017	0.428061496456476
metabat_SRR11413614.19	-0.776570545549919	-0.0415894575516267
metabat_SRR11413613.46	-0.817477570887139	-0.159308779994635
metabat_SRR11413613.3	-0.0913442839341663	-0.03104077653089
metabat_SRR11413613.27	-0.746024565811684	-0.172377038756995
metabat_SRR11413613.2	1.55312831509537	0.251050960262628
metabat_SRR11413612.18	-0.0376303363996051	0.14048398657641
metabat_SRR11413610.65_sub	-0.460760684724381	-0.230619985620169
metabat_SRR11413610.43_sub	-0.685329960699608	-0.18617104367414
metabat_SRR11413608.45	-0.796833770390084	0.0346801988681273
metabat_SRR11413608.104_sub	-0.71385137927108	-0.00739844516911942
metabat_SRR11413607.10	-0.444346243556073	-0.00461785868802506
metabat_ERR6282383.6_sub	-0.250499667640259	-0.147648412744193
metabat_ERR6282298.17	1.14405865776963	1.33591098709902
metabat_ERR6282298.15	-0.29178003412061	-0.271580804149298
metabat_ERR6282137.16	-0.831111745949318	-0.0204544849793001
metabat_ERR6281944.25	0.251212311868141	0.533835362633081
metabat_ERR6281941.15	0.2331766020102	0.489222478111597
metabat_ERR6281658.13	0.344584418420265	0.0425835065444426
metabat_ERR6281586.4	1.46853323090501	0.299113761623712
metabat_ERR6281518.82_sub	-0.8054076005178	-0.162469763318686
metabat_ERR6281518.71	-0.769581781740715	0.104673814018579
metabat_ERR6281518.6_sub	-0.79039420377784	-0.168207336227088
metabat_ERR6281505.14	1.28453917611069	0.159743379791589
metabat_ERR6281433.28	-0.240886675234368	0.422422897060724
metabat_ERR6281432.14	-0.552216993685295	-0.210336733619361
metabat_ERR6281432.10	-0.891663895960381	-0.148725885907797
metabat_ERR6281342.22	-0.75079162609153	-0.174718249599127
metabat_ERR6281341.9	-0.139618994708588	0.0974023453792052
metabat_ERR6281341.65	-0.314379820640614	-0.270107198516516
metabat_ERR6281341.18_sub	-0.852314161177208	-0.156501162807135
metabat_ERR6281000.76_sub	-0.824012475128701	-0.162670988599448
metabat_ERR6281000.20	-0.35878645132151	-0.0755356438557191
metabat_ERR6281000.13	-0.442112008150151	0.0414546541770415
metabat_ERR6280907.75	-0.856566207523873	-0.0701046772400423
metabat_ERR6280907.74	-0.77916710269027	-0.17031850294271
metabat_ERR6280899.67	-0.796872990246346	-0.16644870118299
metabat_ERR6279683.9	-0.428344005759289	0.320032846172662
metabat_ERR6279681.38	-0.419568082358172	-0.0597982592979951
metabat_ERR6279676.21	-0.827499257441094	-0.0240484662453218
metabat_ERR6279676.12	-0.430512459989121	-0.0638872273365541
metabat_ERR6279670.21	-0.543412478681137	-0.130450744191794
metabat_ERR6279666.8	-0.809482799883416	-0.162917751828818
metabat_ERR6279664.50	-0.6493638027864	-0.192285884181647
metabat_ERR6279664.26	-0.599222453351548	-0.0564907081524416
metabat_ERR6279661.17	-0.62499691736274	-0.0932899899879976
metabat_ERR6279657.79	-0.797112600918343	0.0450876764853911
metabat_ERR6279657.74	-0.779137598391106	-0.168065775195746
metabat_ERR6279657.34	-0.517510207410385	-0.219324950138716
metabat_ERR6279654.19	0.1194450091166	-0.20510580019155
metabat_ERR6279652.15_sub	-0.546742053742935	0.511418711384149
metabat_ERR6279651.8	1.9856436978621	-1.20125280694166
metabat_ERR6279648.28_sub	-0.410993253852656	-0.242153409878401
metabat_ERR6279629.17_sub	-0.801495539064934	0.0122418515284972
metabat_ERR6279629.12_sub	-0.811966018791725	-0.164243984977393
metabat_ERR6279627.10	0.94128663647599	0.267093848427148
metabat_ERR6279626.59	-0.468738490756085	-0.232124049226431
metabat_ERR6279626.27	0.545875443105171	0.96743733807406
metabat_ERR6279625.50	-0.78127487194114	-0.167261827747016
metabat_ERR6279625.46	-0.59324078452163	0.115598332126947
metabat_ERR6279625.36	-0.590586291666558	-0.202736828486113
metabat_ERR6279624.6_sub	-0.807402389164498	-0.105127621452002
metabat_ERR6279622.67	-0.591652305837204	-0.115457255403189
metabat_ERR6279614.12_sub	1.47493524659104	0.348538529117914
metabat_ERR6275681.8	1.35760636437363	0.187445294102045
metabat_ERR6275678.3	-0.830777930136254	-0.158214170495658
metabat_ERR6275677.54	-0.336680537130167	0.409619580944391
metabat_ERR6275676.44	-0.446977132971814	-0.162318874160437
metabat_ERR6275676.3	0.355368686799476	0.376147400577875
metabat_ERR6275675.41	-0.642536031122734	-0.193664688626914
metabat_ERR6275675.32_sub	-0.75174771439605	-0.062930721799521
metabat_ERR6275673.75	-0.839375691528847	-0.0587309487263246
metabat_ERR6275672.30	-0.423968980129292	0.361146341999383
metabat_ERR6275671.17_sub	-0.370083563070228	-0.188164014379172
metabat_ERR6275668.9_sub	-0.796781437511971	-0.163837779323248
metabat_ERR6275668.55	-0.561021791811516	-0.21091150120893
metabat_ERR6275666.49	2.62414128888078	-0.70101507381597
metabat_ERR6275666.22_sub	-0.779948251362374	-0.170171666900305
metabat_ERR6275663.73	-0.754600720520546	-0.171703625480322
metabat_ERR6275663.38	0.57727558720536	1.12634022160372
metabat_ERR6275659.2	-0.568711089010765	0.266797732551904
metabat_ERR6275652.28	-0.644437240477135	0.370050143440576
metabat_ERR6275652.18	-0.56444242786937	0.243864607055993
metabat_ERR6275652.12_sub	-0.560088904614975	0.307233106335016
metabat_ERR6271721.70	-0.814903335686257	-0.164407271901755
metabat_ERR6271719.4	1.61248285878129	0.630815815170618
metabat_ERR6264281.57_sub	0.0967483054441907	-0.373508263389258
metabat_ERR6264281.18_sub	-0.850470082874825	-0.0721765048901125
metabat_ERR6254871.61	-0.795783089514305	0.0230957381328062
metabat_ERR6248618.9	-0.807608502026131	-0.00826059655347305
metabat_ERR6243880.3	1.28450472462601	0.0648028962214903
metabat_ERR6239139.39	-0.821887211914589	-0.16307641939321
metabat_ERR6233695.21_sub	-0.455702649469902	0.176473628719659
metabat_ERR6233692.1_sub	0.130817456130455	0.105590950687738
metabat_ERR6232687.8_sub	1.20790310013718	0.0885713212092833
metabat_ERR6232686.11	-0.680841671343376	-0.0698937065998598
metabat_ERR6232526.9	-0.486768590326836	-0.226104456941275
metabat_ERR6232526.6	-0.68175350319915	-0.184777069846777
metabat_ERR6232524.33_sub	0.175441039685676	0.251744758327814
metabat_ERR6232524.25	-0.791974471922448	-0.167910654107718
metabat_ERR6232458.9	-0.519756125326683	-0.22229238228002
metabat_ERR6232458.6	-0.712642328854134	-0.180351007739691
metabat_ERR6230326.9	-0.749980526085427	-0.00321893767514664
metabat_ERR2162222.11_sub	1.50475747693009	-0.0884819217125459
metabat_ERR2162221.56	-0.814679043407967	-0.0126728899876161
metabat_ERR2162221.49	-0.731593059416344	-0.177583534280448
metabat_ERR2162221.41	-0.38942212242954	0.833113979538293
metabat_ERR2162221.27	-0.632890092249443	0.0329407863219695
metabat_ERR2162214.7	1.59253187287278	0.335344921787591
metabat_ERR2162213.1	1.62956423867173	0.342009853561731
metabat_ERR2162211.9	0.204000605229805	-0.185018707076697
metabat_ERR2162200.21	-0.666728900785973	-0.187850940982489
metabat_ERR12406013.34	-0.293925995047619	-0.0871445722977205
metabat_ERR12406012.50_sub	0.00374413836426513	-0.343465249995379
metabat_ERR12406012.5	-0.455017397220661	-0.229320351044325
metabat_ERR12406012.1_sub	-0.460136706049969	-0.228193376223235
metabat_ERR12406011.21	-0.593919443007042	-0.204588178555159
metabat_ERR12406010.8_sub	-0.415197161998083	-0.238608185211806
metabat_ERR12406009.18	-0.108497323508789	-0.315879601995139
metabat_ERR12406008.18	-0.347286221611729	-0.258195642391829
metabat_ERR12406006.41	-0.400664461817076	-0.095495361844687
metabat_ERR12406005.5	-0.33186410371535	-0.262311611334471
metabat_ERR12406004.33	0.387340737466285	-0.468591794381527
metabat_ERR12406004.31	-0.460381785448124	-0.232202846566824
metabat_ERR12406004.16	0.0821818839354016	-0.372557114819674
metabat_ERR12406003.42	-0.651774065609505	0.352510582645746
metabat_ERR12406003.35	-0.521460728760292	0.634987067421289
metabat_ERR12406003.28_sub	-0.658824818249276	0.33727855606875
metabat_ERR12406003.18	-0.51812161695533	0.377573322494836
metabat_ERR12406003.1	-0.386746825690796	0.93933470173678
metabat_ERR12406002.26	0.327237559441993	-0.298632938424735
metabat_ERR12406002.23	0.0840624402803876	-0.371521551171927
metabat_ERR12406002.11	0.69822867024369	-0.199120659391074
metabat_ERR12406000.9	-0.35570590854012	-0.253609422604231
metabat_ERR12406000.21	-0.183787154074242	-0.299674663702635
metabat_ERR12406000.18	-0.652968423481514	-0.190812755386023
metabat_ERR12406000.1	-0.603058906312516	-0.200545284907012
metabat_ERR12405999.13	-0.631582127924492	-0.197881657640128
metabat_ERR12405998.59	0.451407922391365	-0.121140737096457
metabat_ERR12405998.47	-0.0883565713124774	-0.322564754645018
metabat_ERR12405998.25	-0.215768726583054	-0.288354296247153
metabat_ERR12405998.13	0.419289840344856	-0.480349535132436
metabat_ERR12405998.10	0.325349403504799	-0.448402856835773
metabat_ERR12405997.59	1.64800126660294	0.394013892849298
metabat_ERR12405997.40_sub	-0.0802874137120746	1.68873996659121
metabat_ERR12405995.34	-0.400399195070793	-0.247240323583273
metabat_ERR12405995.18	-0.479426117654373	-0.229452539245276
metabat_ERR12405994.10	-0.30186843317323	-0.274701211611418
metabat_ERR12405992.35_sub	-0.364360441959878	0.95206983013949
metabat_ERR12405992.3	-0.431917959864666	0.791863750656457
metabat_ERR12405992.29	0.287205649499366	2.33909959717593
metabat_ERR12405992.23	-0.619618253822853	0.379352342327447
metabat_ERR12405991.8	-0.674368636723091	-0.188685733834891
metabat_ERR12405991.26	0.769025875215004	-0.611903566877036
metabat_ERR12405990.2	3.01804859745927	-0.0841578729549928
metabat_ERR12405987.26	-0.25709933977895	-0.277862403551726
metabat_ERR12405985.42	-0.891663895960381	-0.148725885907797
metabat_ERR12405985.26	1.53294391739793	0.286645721634241
metabat_ERR12405985.2	1.44946725476212	0.190593194206567
metabat_ERR12405984.6	-0.116759704466393	1.62810106201968
metabat_ERR12405984.37	-0.441369155462315	0.800889920433374
metabat_ERR12405982.7	-0.30712508227997	0.929917763908716
metabat_ERR12405981.6	0.4217832218451	0.0017039887507872
metabat_ERR12405981.15	3.07756908047623	0.046318363388391
metabat_ERR12405980.6_sub	-0.673866646404793	0.273791145523401
metabat_ERR12405979.31	1.86373741734452	-1.1351050026814
metabat_ERR12405979.29_sub	0.280080867890785	-0.438541981401531
metabat_ERR12405979.25	0.272891653661201	-0.433353897194056
metabat_ERR12405979.23	-0.163499968166878	-0.305963072935729
metabat_ERR12405979.19	-0.560402648563912	-0.212426457564025
metabat_ERR12405976.69	0.563649130944679	-0.526023205379633
metabat_ERR12405976.51	0.87938625920243	-0.648610699931769
metabat_ERR12405976.45	-0.597340332384636	-0.200521904985098
metabat_ERR12405976.3_sub	-0.592571230645706	-0.20147227124372
metabat_ERR12405976.15	-0.618445264215996	-0.196354139606146
metabat_ERR12405975.5_sub	4.42249472248978	0.134784590442987
metabat_ERR12405974.29	0.115681571845482	-0.37679545209804
metabat_ERR12405973.8	-0.56895478260093	0.48752839489779
metabat_ERR12405973.26	-0.299167523201039	1.08524782582125
metabat_ERR12405972.5	0.148381127004097	-0.387561451653628
metabat_ERR12405972.12	0.169199539308021	-0.398229964087395
metabat_ERR12405971.2	0.958546115045021	-0.685316164056448
metabat_ERR12405971.14	-0.568059327121308	-0.209228876988082
metabat_ERR12405970.10	1.12641103375382	0.222508918484064
metabat_ERR12405967.50	0.0485104750437237	0.592029403885217
metabat_ERR12405967.40_sub	-0.14763134908252	0.399494182308526
metabat_ERR12405967.21	-0.483697148080399	0.695986222465845
metabat_ERR12405966.8	2.14393885243363	-0.914199490110068
metabat_ERR12405966.18	0.0194044243139722	-0.158865589658408
metabat_ERR12405965.8	-0.551799761171868	-0.212473277012496
metabat_ERR12405965.31_sub	-0.627697246189644	-0.197234708825736
metabat_ERR12405965.3	0.185715330724189	-0.401523184041171
metabat_ERR12405965.20	0.343090129975746	-0.454380590944229
metabat_ERR12405963.36_sub	-0.603042678947975	-0.201759431521086
metabat_ERR12405961.39_sub	-0.0625346471028827	-0.186643529693274
metabat_ERR12405961.20_sub	0.868295384530494	-0.160086352388053
metabat_ERR12405961.1_sub	0.46815682757325	-0.494232747713713
metabat_ERR12405960.21	-0.332804314832618	1.03146595879397
metabat_ERR12405959.36	-0.428747335489323	-0.241445738832144
metabat_ERR12405959.31	-0.0356913675027393	-0.180384356538443
metabat_ERR12405959.26	-0.667708473320534	-0.191101659099249
metabat_ERR12405957.9	0.971624089364479	0.811000537117334
metabat_ERR12405957.24	-0.156265290494492	1.50640971585116
metabat_ERR12405956.16	2.54926331150956	0.893036197861047
metabat_ERR12405956.11	-0.0304680634694598	0.150790344913812
metabat_ERR12405955.69	0.243146253709266	2.67569465561709
metabat_ERR12405955.34	0.330826533917854	0.169619690616937
metabat_ERR12405955.3	-0.583722533698609	0.454454790790887
metabat_ERR12405955.28	-0.445392811711361	0.667162608345361
metabat_ERR12405955.18	-0.639001624699166	0.337436567982049
metabat_ERR12405954.8	1.66258270848222	0.301897417744012
metabat_ERR12405953.24	-0.501796605105927	-0.223086345950751
metabat_ERR12405953.12	-0.718432264442971	-0.179811853925376
metabat_ERR12405952.30	-0.132822128053238	1.54688937588534
metabat_ERR12405950.7	-0.620962547178795	-0.196464855233817
metabat_ERR12405949.35	1.70216376889176	-1.04453640059629
metabat_ERR12405949.30_sub	0.286567820195625	-0.364226121465354
metabat_ERR12405949.23	1.08181805718369	-0.672743741432814
metabat_ERR12405949.18	0.552792144898842	-0.258154157559065
metabat_ERR12405947.20	-0.604112299199631	-0.201379735032706
metabat_ERR12405947.12_sub	-0.123838515992691	0.265307795246454
metabat_ERR12405946.17	-0.258600795682003	-0.10177265481153
metabat_ERR12405944.28_sub	-0.144789444323113	1.46015782280764
metabat_ERR12405943.50_sub	-0.891663895960381	-0.148725885907797
metabat_ERR12405943.45	-0.891663895960381	-0.148725885907797
metabat_ERR12405943.44_sub	-0.891663895960381	-0.148725885907797
metabat_ERR12405943.42	-0.891663895960381	-0.148725885907797
metabat_ERR12405943.30	-0.791211294050743	0.0561091415484862
metabat_ERR12405942.51	1.0137164126677	0.93448908253512
metabat_ERR12405942.50	-0.420469874556591	-0.244429472843794
metabat_ERR12405940.8	0.658800555352638	-0.431881789127974
metabat_ERR12405940.22	0.555685354356239	-0.526732731620459
metabat_ERR12405940.14	1.13571555722184	-0.474829448396949
metabat_ERR12405939.30	1.19920153725571	-0.117617864171652
metabat_ERR12405939.20	0.15565283406205	-0.393065676103024
metabat_ERR12405938.21	-0.740340398665001	0.145244490345331
metabat_ERR12405935.40	-0.557350086088707	-0.210053626457839
metabat_ERR12405933.44	0.342850519303749	0.757840465744348
metabat_ERR12405933.43	2.67518789875932	-0.0514185614983125
metabat_ERR12405933.25	-0.265265585895111	-0.280908185998587
metabat_ERR12405932.24	-0.402659678872158	-0.243986208001761
metabat_ERR12405931.15	-0.472336726303627	-0.225362319509177
metabat_ERR12405930.6	2.11833031285233	-0.13334431127706
metabat_ERR12405929.15	-0.504959659691384	-0.219679463664679
metabat_ERR12405928.49	1.97561390507645	-0.0793432779709383
metabat_ERR12405928.45	-0.365627705625673	-0.253886062661795
metabat_ERR12405928.43	-0.225538777227928	-0.287634182731299
metabat_ERR12405928.39	-0.189371215220024	-0.297068197290091
metabat_ERR12405927.14	-0.155704187269738	-0.304739583293585
metabat_ERR12405926.24	-0.345235610421231	-0.260642562071471
metabat_ERR12405924.12	0.664785457734535	0.228455852707239
metabat_ERR12405923.25	1.95585973370499	-1.17024790124097
metabat_ERR12405923.2	-0.483650120015671	-0.2255775369803
metabat_ERR12405922.10_sub	-0.234078081365158	-0.161553759137778
metabat_ERR12405922.1	-0.118904696817925	-0.30928157643476
metabat_ERR12405920.6_sub	-0.468269953544667	-0.230149973193793
metabat_ERR12405920.28	-0.507463993545105	-0.220895666638999
metabat_ERR12405920.23	-0.556209595914414	-0.210712019364028
metabat_ERR12405920.11_sub	-0.254250669892361	-0.153933692733435
metabat_ERR12405920.1	0.684104157571266	-0.0494553633133455
metabat_ERR12405919.8	-0.528568120713761	-0.218568135062842
metabat_ERR12405918.6_sub	-0.215181769843628	-0.07081847266355
metabat_ERR12405918.3	1.85090000737138	0.252819310863824
metabat_ERR12405917.24	-0.11549103450351	-0.255877349535613
metabat_ERR12405917.17	-0.383552677969863	-0.254005257050185
metabat_ERR12405917.12	1.46765096295304	0.193653773506494
metabat_ERR12405916.32	-0.571115078445008	-0.21279847995439
metabat_ERR12405915.37	-0.280015969689419	1.03283662720522
metabat_ERR12405915.31	-0.39017008062773	0.879607509811731
metabat_ERR12405914.16	-0.344435882795086	0.569039415558191
metabat_ERR12405913.30	-0.3538241750034	-0.260647524158148
metabat_ERR12405912.7	-0.532081292982628	0.652909230430933
metabat_ERR12405912.60_sub	-0.452732021029522	0.84593493862948
metabat_ERR12405912.30_sub	-0.696297692175438	0.270533215244623
metabat_ERR12405911.29	-0.538311095948746	-0.105731803933768
metabat_ERR12405911.26	-0.144811706657936	-0.304475490013747
metabat_ERR12405911.15	-0.503027128096154	-0.219612602154402
metabat_ERR12405910.29	0.695377064828346	-0.57907931880155
metabat_ERR12405910.22_sub	-0.255033949430516	-0.278566051284461
maxbin_SRR8387712.022	-0.79666896354728	-0.16552369670072
maxbin_SRR8387710.024	0.275592876557777	1.04863948746523
maxbin_SRR8387710.003	-0.793900536413719	0.0266803316672758
maxbin_SRR8387707.009	0.0279250274939038	0.328248571594568
maxbin_SRR8387707.004_sub	0.131026102189491	0.375406693657251
maxbin_SRR8387707.003	-0.407416684593489	0.490152548988672
maxbin_SRR8387683.015_sub	-0.543067010160019	-0.210813988010077
maxbin_SRR8387659.002	1.56886394131608	-0.874884922067313
maxbin_SRR6000949.071	-0.528097765560677	-0.216278586546568
maxbin_SRR6000892.009	-0.159754784818222	0.234539400776239
maxbin_SRR6000869.050	1.05445726025529	0.471107136448236
maxbin_SRR5930534.026_sub	-0.49946108650737	-0.227123651663451
maxbin_SRR5930534.011	-0.148932905908158	0.0088683478434996
maxbin_SRR5930533.002	-0.891663895960381	-0.148725885907797
maxbin_SRR5930531.010	0.0155772994799115	-0.352126177410273
maxbin_SRR5930530.047	-0.72391630899482	0.181616496284814
maxbin_SRR5930529.037	-0.446690307970574	-0.233406368652968
maxbin_SRR5930528.038	-0.818310277576973	-0.163809049884467
maxbin_SRR5930520.011	-0.668877529020836	-0.187881577769904
maxbin_SRR5930518.019_sub	1.60463459599442	-0.122697878638892
maxbin_SRR5930517.016_sub	-0.689998315687706	-0.0662727840343996
maxbin_SRR5930517.004	-0.820010947104027	-0.160223204652457
maxbin_SRR5930517.002	-0.0375519860940479	-0.0794998593727632
maxbin_SRR5930515.026_sub	1.9391611348433	-1.16458814219633
maxbin_SRR5930515.007	1.07316727745957	-0.258768532435088
maxbin_SRR5930514.007	-0.787762360687783	0.0638330094417052
maxbin_SRR5930514.003	-0.189693661447098	1.41180510445437
maxbin_SRR5930512.005_sub	-0.70304165970855	-0.0599595792690797
maxbin_SRR5930508.026	1.45627625096268	0.222586285312982
maxbin_SRR5930508.014	-0.305501947219899	0.410215090950342
maxbin_SRR5930507.045	1.42880601990647	0.351548980911584
maxbin_SRR5930506.040	0.0062553714556195	-0.122816998521475
maxbin_SRR5930506.023	-0.891663895960381	-0.148725885907797
maxbin_SRR5930506.016_sub	-0.840210782404473	-0.159218002120642
maxbin_SRR5930505.044_sub	-0.848604308481743	-0.0485482700268312
maxbin_SRR5930504.041	-0.729118393774559	-0.175381470481543
maxbin_SRR5930504.027	0.803783489350746	0.161414396007867
maxbin_SRR5930504.019	-0.668691175098946	0.282134365280481
maxbin_SRR5930501.087_sub	0.954101039056251	0.0307923070987181
maxbin_SRR5930501.009	-0.891663895960381	-0.148725885907797
maxbin_SRR5930501.002	1.54415865052171	0.636099409302087
maxbin_SRR5930501.001	-0.0174361933427356	-0.343553271154551
maxbin_SRR5930497.004	0.909890843514869	-0.517659049491076
maxbin_SRR5930494.003	-0.660015331621697	0.289494346817346
maxbin_SRR5930493.033_sub	-0.713197575922539	-0.182838607589392
maxbin_SRR25825521.012_sub	1.45952816117234	0.252243470390649
maxbin_SRR25825518.017_sub	-0.759206520433953	-0.172629464427619
maxbin_SRR25825517.011_sub	0.0791370104593732	0.70832462235293
maxbin_SRR25825515.010	0.218096090440223	0.874595116813989
maxbin_SRR25825509.002	3.25350220311112	-0.525299888114123
maxbin_SRR25825507.025_sub	0.461988700513313	0.744870256622644
maxbin_SRR25825506.019	-0.80321096074157	0.0089899413188414
maxbin_SRR25825500.013_sub	-0.785301582928231	-0.16695158557096
maxbin_SRR25825495.015_sub	-0.198822857852509	-0.294077474633841
maxbin_SRR25825495.001	-0.194285230751564	-0.295922044674544
maxbin_SRR23364240.009_sub	-0.461321691091587	-0.230662781755118
maxbin_SRR23364240.007	-0.660360323305657	-0.0809134729305788
maxbin_SRR23364231.030_sub	0.352659059647987	0.586253117760034
maxbin_SRR23364230.029	-0.770003901835015	0.101189028461786
maxbin_SRR23364230.017	-0.422311419661572	0.298085283478113
maxbin_SRR23364229.004	-0.597614275332024	-0.202808205048232
maxbin_SRR23364203.002	-0.220570893998673	0.468503426750513
maxbin_SRR23364202.021	-0.696445452089836	-0.181988317529349
maxbin_SRR23364192.011_sub	0.331971002702186	-0.450078200966263
maxbin_SRR23364191.039_sub	0.847228480462501	-0.160476673404364
maxbin_SRR23364183.002	-0.126978220458557	0.25132383032641
maxbin_SRR23364177.015	-0.352424043271174	0.703371714790674
maxbin_SRR23364171.020	-0.71207423698478	-0.180573929111151
maxbin_SRR20881988.013	-0.655144678469231	0.311262022693963
maxbin_SRR20881983.026_sub	-0.805651681538155	-0.163555372516303
maxbin_SRR20881981.003	-0.281393991823723	0.966058325012537
maxbin_SRR16554790.013_sub	0.867490841035316	-0.232680309573798
maxbin_SRR16554789.004	-0.689952896948387	-0.185362298051505
maxbin_SRR16554789.001	1.8727913628859	-0.589376945058493
maxbin_SRR16554788.028_sub	-0.252515183802178	0.264211069782587
maxbin_SRR16554787.017_sub	1.69800074208207	-0.647244814793257
maxbin_SRR16554787.013	-0.701333003159096	-0.183087576190619
maxbin_SRR16554777.015	-0.836952613707115	-0.15936063603559
maxbin_SRR16554777.012	-0.457718292291691	0.56884593888125
maxbin_SRR16554777.008	-0.0219382513719104	-0.338934909562258
maxbin_SRR16554775.001	2.72033412564225	0.6934027187427
maxbin_SRR16554774.005	-0.772645728703072	-0.169836539785056
maxbin_SRR16554772.002	-0.716964112635186	-0.178918201486258
maxbin_SRR16554769.014_sub	0.262516630773018	-0.427306581298499
maxbin_SRR16554769.012	-0.273843074257901	1.13296384735903
maxbin_SRR16554767.018	-0.717964874620964	-0.0351362116734071
maxbin_SRR16554767.001	-0.545314343686631	-0.213909450928359
maxbin_SRR16554766.008	-0.579814123030236	-0.206505004326491
maxbin_SRR16554759.001	1.42838282692857	0.151127349575372
maxbin_SRR16554755.007_sub	2.27172334301896	0.165645789345117
maxbin_SRR16554754.006	-0.720957653637459	-0.178547490398078
maxbin_SRR16554753.014	0.0292672942919232	1.07226712628207
maxbin_SRR16554752.002	1.04920573342271	1.13805003090701
maxbin_SRR16554751.004	0.68106980431504	-0.581027079383521
maxbin_SRR16554751.003	-0.473562339361241	0.381481956680627
maxbin_SRR16554744.022	-0.139443995471527	-0.313375476757674
maxbin_SRR16554744.010	-0.828550504560997	-0.160283971587805
maxbin_SRR16554744.003	-0.710046337957909	0.200905632217737
maxbin_SRR16554738.006_sub	1.14289147961564	0.867171835144372
maxbin_SRR16554733.009	0.69368810761399	-0.275708679119734
maxbin_SRR16554728.024	2.64643437970109	-1.59479622916379
maxbin_SRR16554720.002	-0.169123472686341	0.170935701568933
maxbin_SRR16554719.004	-0.540626542683174	-0.212676618258147
maxbin_SRR16554718.005	-0.78287302147918	-0.168084759275107
maxbin_SRR16554707.013	1.51442272770829	0.760209154327722
maxbin_SRR16554706.002	0.0642472337526776	-0.367122482518344
maxbin_SRR16554701.001	-0.605885358567765	-0.201917458335547
maxbin_SRR16554687.002	-0.539665715809395	-0.214401829997687
maxbin_SRR16554686.012	-0.327101832296183	0.664334606369348
maxbin_SRR16554673.003	-0.393831221427252	-0.247315380732207
maxbin_SRR16554671.002	3.6678946744246	-2.07512955741086
maxbin_SRR16554667.020	-0.0251910854535602	-0.338973972956328
maxbin_SRR16554667.012	-0.657478438730767	-0.190381903211264
maxbin_SRR16554666.026	-0.722058551426461	-0.177809048453955
maxbin_SRR16554665.003	3.08087165463395	-0.52355654911199
maxbin_SRR16554660.004	-0.837910311337044	-0.0338463075558229
maxbin_SRR16554659.005	0.495560599450538	-0.393843773762374
maxbin_SRR16554656.025	0.356457961682747	0.949851822098108
maxbin_SRR16554656.002	2.2952345143599	0.0936752073367552
maxbin_SRR16554656.001	0.0935164819998242	1.16564745827517
maxbin_SRR16554654.005	0.274817718152473	1.06771237774691
maxbin_SRR16554652.022_sub	0.185965193395088	-0.112175393859534
maxbin_SRR16554651.021_sub	-0.100423174019387	0.501705419262262
maxbin_SRR16554647.016	-0.655274556990197	-0.189007509509711
maxbin_SRR16554647.011_sub	0.601560724858711	0.34557123108706
maxbin_SRR16554647.003	1.37143452275224	0.702686022957178
maxbin_SRR16554641.006	-0.0115962792592548	0.270258437832208
maxbin_SRR16554639.004	-0.519308971281578	-0.216687459508566
maxbin_SRR16554634.001	0.0986443291944958	-0.37739544735351
maxbin_SRR16554632.002	-0.61688174497657	0.175004135807367
maxbin_SRR16554628.020	-0.776817547197869	-0.169629920283942
maxbin_SRR16554626.019	-0.766823219175865	0.0882791988452391
maxbin_SRR16168984.062	-0.891663895960381	-0.148725885907797
maxbin_SRR16168975.004	-0.079568015451958	0.248747419555993
maxbin_SRR16168969.015	-0.326034279580643	0.732861470421167
maxbin_SRR16168942.005	-0.611184822435906	-0.201675448576598
maxbin_SRR16168920.025	-0.621113346930077	-0.197971273223548
maxbin_SRR16168918.066	-0.891663895960381	-0.148725885907797
maxbin_SRR16168913.015	1.14817960370011	-0.260827455679564
maxbin_SRR16168900.001	0.139248056296776	-0.145362574617056
maxbin_SRR16168896.006	-0.680782692547371	-0.187662888328223
maxbin_SRR13068845.006_sub	-0.652090298052361	-0.191931892196326
maxbin_SRR13068842.057_sub	2.95083458531327	-1.69791548327604
maxbin_SRR13068842.001	0.324755324010322	-0.442031316469101
maxbin_SRR13068835.009	-0.604453371878197	-0.198827911178259
maxbin_SRR13068823.001	0.696744276170204	-0.581202898184447
maxbin_SRR13068822.004	-0.285649554844429	-0.272436354319243
maxbin_SRR13068819.002	-0.673789130564263	-0.187386322776465
maxbin_SRR13068818.027_sub	-0.633377360220482	0.358240675171228
maxbin_SRR13068818.010	1.36014444935746	0.230058144768091
maxbin_SRR13068814.028	-0.648535924072792	-0.192580509940772
maxbin_SRR13068813.004	-0.359291062847195	-0.253887344161658
maxbin_SRR13022461.002	0.0877894889158704	-0.374116498986868
maxbin_SRR13022456.004	-0.0616384614663623	-0.331212025145678
maxbin_SRR13022436.003	-0.19253750335746	0.655796717842432
maxbin_SRR13022429.005	0.14171935427613	-0.384948875764994
maxbin_SRR13022427.016_sub	0.0491058658403851	0.11324770375094
maxbin_SRR13022357.002	0.197527600411842	0.148551058014245
maxbin_SRR13022355.014	4.80817635167069	-0.528407540182261
maxbin_SRR13022336.003_sub	3.67515690434403	0.0380539409717039
maxbin_SRR13022253.002	0.964352322701881	-0.212214116017012
maxbin_SRR11413691.019	-0.377724988426497	-0.097274679700522
maxbin_SRR11413691.013	-0.742282228584816	-0.175375659028678
maxbin_SRR11413688.023_sub	-0.177986579056313	0.317413281639429
maxbin_SRR11413687.021	0.0395668576998212	0.391210746010156
maxbin_SRR11413687.011	-0.215461539145043	-0.289848033348708
maxbin_SRR11413686.009_sub	-0.711742924566796	-0.181109685460715
maxbin_SRR11413685.021	-0.578991981263687	0.099255215366693
maxbin_SRR11413681.026	-0.639412896748116	0.00416333599886459
maxbin_SRR11413681.015_sub	-0.737174825783303	-0.176317710439353
maxbin_SRR11413681.013	-0.196395980234673	-0.116270143548636
maxbin_SRR11413655.009_sub	1.97937114346452	0.464768003662439
maxbin_SRR11413655.007	-0.669291989918282	-0.189142841855673
maxbin_SRR11413655.005	3.75097067463822	0.271968614300104
maxbin_SRR11413655.004	-0.793620782013466	-0.165790904323248
maxbin_SRR11413653.011	-0.551018448586991	-0.072367955009131
maxbin_SRR11413653.009	-0.313815115060141	-0.0026142485539003
maxbin_SRR11413652.007	-0.699398564215233	-0.185402203361182
maxbin_SRR11413649.010	3.26244289982743	-1.88921301440397
maxbin_SRR11413648.031	-0.604182751889756	0.232284437855096
maxbin_SRR11413648.001	-0.298951061482956	-0.269214410344748
maxbin_SRR11413647.002	0.365244163159797	0.589540790756555
maxbin_SRR11413646.009	1.02955801594682	-0.163464713851599
maxbin_SRR11413646.006_sub	0.0408045779509045	-0.355043608705191
maxbin_SRR11413620.019	2.21189339268632	0.681527923782678
maxbin_SRR11413619.022_sub	-0.650465237017205	-0.191336471597342
maxbin_SRR11413618.048	0.249222649220894	-0.423029655600576
maxbin_SRR11413617.028_sub	-0.618026362772515	0.379390548904748
maxbin_SRR11413615.008	-0.684168921824028	-0.18637849764028
maxbin_SRR11413615.001	-0.772849397774269	-0.167903412143378
maxbin_SRR11413614.007_sub	0.0192516576094128	-0.353179033855586
maxbin_SRR11413613.018	-0.600834952707817	-0.203672368089346
maxbin_SRR11413612.015_sub	0.70034117806382	-0.384790595630793
maxbin_SRR11413612.006	-0.808677868958046	-0.00135256723561722
maxbin_SRR11413611.022	-0.821941690559914	-0.159468401233344
maxbin_SRR11413607.019	0.690939379815529	-0.575697261850028
maxbin_SRR11413607.012	0.415669513825843	-0.477620225409655
maxbin_ERR6282137.011_sub	-0.6470584441381	0.0685989372333006
maxbin_ERR6282070.040_sub	0.839518858079384	0.226248454292627
maxbin_ERR6281518.058_sub	-0.723722057457497	-0.1784034855763
maxbin_ERR6281504.041_sub	-0.824379162903359	-0.161214400092749
maxbin_ERR6281500.022	-0.851684169884255	-0.0546552725235506
maxbin_ERR6281499.005	-0.74558566700988	-0.174602586785941
maxbin_ERR6281499.002	1.30855805981583	0.179170679291101
maxbin_ERR6281434.009_sub	-0.669029014225533	-0.187571603814749
maxbin_ERR6281433.007	-0.214750783558419	0.728329014023157
maxbin_ERR6281000.059	-0.891663895960381	-0.148725885907797
maxbin_ERR6279682.017	-0.392712364013722	0.41247911377749
maxbin_ERR6279676.023_sub	-0.7726448346334	-0.169848043481497
maxbin_ERR6279667.001	2.71906240094132	-1.02618323640027
maxbin_ERR6279660.006	-0.774541216011574	-0.170924503366141
maxbin_ERR6279660.001	-0.65913604390197	0.0649094097217039
maxbin_ERR6279659.009_sub	-0.317042080725958	0.760593246658655
maxbin_ERR6279658.017_sub	0.475362611894081	0.161750089367242
maxbin_ERR6279657.062_sub	-0.625925408716729	-0.0084418840805574
maxbin_ERR6279655.020	1.24505694020219	0.0955050699313597
maxbin_ERR6279654.010	-0.427876750047734	-0.23792998866239
maxbin_ERR6279654.009_sub	-0.819576637859871	-0.163516957322745
maxbin_ERR6279649.011	-0.795198606367638	0.0242067985137419
maxbin_ERR6279649.002	-0.0153030027108692	1.69156451149783
maxbin_ERR6275673.039_sub	-0.0561040509896777	-0.329940702776103
maxbin_ERR6275671.007_sub	-0.739863889332344	0.13296468182406
maxbin_ERR6275670.004	-0.624291555996468	0.363409828384729
maxbin_ERR6275668.007	0.0411642323774792	1.02783329411349
maxbin_ERR6275667.027	-0.52013090443187	0.0721639506419615
maxbin_ERR6275659.013_sub	0.0745187531752087	-0.0413895137707277
maxbin_ERR6275652.031_sub	0.0392764340681531	0.63838620110354
maxbin_ERR6275652.027	-0.816465841646721	-0.0229780860344453
maxbin_ERR6271721.001	-0.704768018837502	0.0605499260028319
maxbin_ERR6267711.006	-0.780805306549599	-0.168439704934744
maxbin_ERR6257997.027	0.35106731760926	-0.202639792124419
maxbin_ERR6257997.018	-0.622037457342675	0.00526721402010483
maxbin_ERR6232527.010	-0.654640452976754	-0.0621646531025453
maxbin_ERR6232523.003	1.28115899670548	0.472549926479669
maxbin_ERR6232518.013	-0.792564826126625	-0.167867053310065
maxbin_ERR6231548.005	-0.0779731739717029	-0.323475781838088
maxbin_ERR6229432.012	-0.684276150579979	0.0559900514682249
maxbin_ERR2162223.012	1.7311111222548	-0.342202287177233
maxbin_ERR2162223.003	0.315813733224342	-0.44471689174944
maxbin_ERR2162223.001	-0.127680124755432	-0.312605712572722
maxbin_ERR2162222.008	-0.652915375347664	0.316062878807397
maxbin_ERR2162217.004	-0.67388870012336	0.123799812038751
maxbin_ERR2162217.001	4.26922352421708	-0.415169414142756
maxbin_ERR2162214.002	-0.423661092336705	-0.240230057398467
maxbin_ERR2162206.004	1.88675792324967	-1.14437179640928
maxbin_ERR2162203.009_sub	-0.172495218034317	0.940353464325281
maxbin_ERR2162201.005	-0.352653456892302	-0.140266049663214
maxbin_ERR2162201.001	-0.763924943323662	-0.169442761699347
maxbin_ERR12406013.003	-0.0734739173608325	0.280372630794855
maxbin_ERR12406012.018	-0.197004662867119	-0.289584670225768
maxbin_ERR12406011.031	-0.470681006129315	-0.230703700343756
maxbin_ERR12406010.010	1.21108896840043	-0.792023558179526
maxbin_ERR12406009.012	-0.846282171125939	-0.0512222237984224
maxbin_ERR12406009.001	0.784294677857826	0.665145944794031
maxbin_ERR12406008.002_sub	-0.0553221572595142	-0.333199273804812
maxbin_ERR12406007.007	-0.891663895960381	-0.148725885907797
maxbin_ERR12406006.012	-0.588829236145546	-0.206073660413413
maxbin_ERR12406005.005	2.27694184887833	-0.736391413966803
maxbin_ERR12406005.003	0.84742791760392	-0.647863630215315
maxbin_ERR12406003.027	-0.565411942120125	0.539055120189996
maxbin_ERR12406003.020	-0.565827148075631	0.538154732426019
maxbin_ERR12406003.005	0.0983298848909833	1.41950697823367
maxbin_ERR12406003.003_sub	-0.363607806194057	0.833329509933801
maxbin_ERR12406001.019	0.026738239411781	-0.349257294098525
maxbin_ERR12406000.010	1.70694239247269	0.513387870033594
maxbin_ERR12406000.009_sub	-0.113923521752884	-0.317315731207518
maxbin_ERR12405999.007	-0.0073455442147754	-0.347113620499758
maxbin_ERR12405998.016_sub	1.06359107602067	-0.734217662374167
maxbin_ERR12405998.015	-0.571675675030281	-0.207981411377577
maxbin_ERR12405998.009	-0.607914673204949	-0.20059980825582
maxbin_ERR12405998.001_sub	0.289820684079597	-0.288175854841857
maxbin_ERR12405997.011	-0.499645488377144	0.229606520374628
maxbin_ERR12405996.027	1.16027445900864	-0.772581864158301
maxbin_ERR12405994.023	-0.180676402564576	-0.00771825389066177
maxbin_ERR12405991.007	0.284573269967506	-0.434298379356651
maxbin_ERR12405990.012	-0.551688717718651	-0.210089806477217
maxbin_ERR12405988.009	1.16827161419816	-0.508058119575171
maxbin_ERR12405986.012	0.0484157632631756	-0.356837991634993
maxbin_ERR12405985.002_sub	-0.78738625537925	0.0391248874267058
maxbin_ERR12405979.016	-0.3705592025476	-0.254468847076087
maxbin_ERR12405977.012	-0.470624225254586	-0.228987578312544
maxbin_ERR12405976.034_sub	-0.0233442653375171	-0.337227236489443
maxbin_ERR12405976.001	-0.490591065998604	-0.222533050934462
maxbin_ERR12405975.009_sub	1.51334805596299	-0.372761454443125
maxbin_ERR12405972.021	-0.579560743685295	-0.204432193199782
maxbin_ERR12405972.019	0.0323729347033002	-0.353329133252291
maxbin_ERR12405970.007	-0.299149466718962	0.880710195740076
maxbin_ERR12405968.007_sub	-0.232294144149353	1.27683765812716
maxbin_ERR12405967.017	-0.337928932200601	0.330479513843866
maxbin_ERR12405967.002_sub	-0.601174401159813	0.444358836849542
maxbin_ERR12405965.033_sub	-0.667243676300576	-0.189595598737387
maxbin_ERR12405965.008	0.101988805417488	-0.376167152086882
maxbin_ERR12405964.003	-0.103789286728432	-0.320636559287695
maxbin_ERR12405962.011_sub	2.96522624600358	0.294876705845209
maxbin_ERR12405962.006	1.13060600865311	0.817327570160242
maxbin_ERR12405958.009_sub	1.69949419606156	-0.335380893210558
maxbin_ERR12405955.019	-0.391638102050354	0.885600876053186
maxbin_ERR12405952.002	0.380644751672218	3.20277566834292
maxbin_ERR12405949.018	0.909081054810951	-0.160417933026938
maxbin_ERR12405949.005	1.62190992939896	-0.888593602935462
maxbin_ERR12405948.006	0.845105243806312	-0.633311305205016
maxbin_ERR12405944.004	-0.139771090860894	1.4365519992908
maxbin_ERR12405943.006	-0.75486512672477	-0.173301924029975
maxbin_ERR12405942.013	1.11919863331742	-0.766666848222403
maxbin_ERR12405939.004	0.294793678407142	-0.437057545418529
maxbin_ERR12405938.012	-0.680138306732704	0.271225880821557
maxbin_ERR12405934.015_sub	-0.261404195840885	-0.278981421152739
maxbin_ERR12405933.003	0.47235752451844	-0.502682529399781
maxbin_ERR12405931.013	0.630253089551399	0.233209323128076
maxbin_ERR12405931.009	-0.548217462416222	-0.209475819031386
maxbin_ERR12405929.007	0.977338267449806	-0.295878145853667
maxbin_ERR12405928.007_sub	1.14931364167161	-0.773230452100424
maxbin_ERR12405926.036	-0.170584665651848	-0.302124951044707
maxbin_ERR12405924.017	1.48522873032517	-0.824509758512167
maxbin_ERR12405924.002	1.26895554173417	-0.756374854604392
maxbin_ERR12405920.014	-0.441527465398838	-0.235347900549559
maxbin_ERR12405918.001	3.25604136097855	-1.98871462420621
maxbin_ERR12405915.008	-0.130116405005982	1.29381616040072
maxbin_ERR12405914.010_sub	-0.0670439768987201	1.35379702969393
maxbin_ERR12405913.017	0.269737554673622	-0.43607696426162
maxbin_ERR12405911.018	0.211956096772621	-0.407148733745007
maxbin_ERR12405911.011	-0.534811185713341	-0.21291567758718
