OTU ID	SRR8387659	SRR8387676	SRR8387677	SRR8387679	SRR8387681	SRR8387683	SRR8387691	SRR8387697	SRR8387707	SRR8387710	SRR8387712
semibin_SRR8387712.8_sub	0.0	0.0	0.0	0.0	0.27033597370432494	0.0	0.0	0.0	0.0	0.0	0.5468104190424136
semibin_SRR8387712.33	0.0	0.0	0.0	0.0	0.0	0.0	0.0	0.0	0.0	0.0	2.7550057834773276
semibin_SRR8387712.32	0.36576299934697193	0.0	0.0	0.0	0.0	0.0	0.0	0.0	0.42163143918286616	0.0	1.6272790529511534
semibin_SRR8387707.23	0.0	0.0	0.37737402746314874	0.07763840685938322	0.16221035130324274	0.0	0.18098006513582934	0.10655759778294284	0.7769726925142113	0.0	0.09322558757672605
semibin_SRR8387707.12	0.0	0.0	0.0	0.0	0.0	0.0	0.0	0.0	0.9789374030928885	0.0	0.0
semibin_SRR8387691.37	0.0	0.0	0.0	0.0	0.0	0.0	7.401232211126616	0.0	0.0	0.0	0.0
semibin_SRR8387683.9	0.0	0.0	0.0	0.0	0.0	2.883024641459191	0.0	0.0	0.0	0.0	0.0
semibin_SRR8387683.84	0.0	0.0	0.0	0.0	0.0	3.844697535952684	0.0	0.0	0.0	0.0	0.0
semibin_SRR8387683.51	0.0	0.0	0.0	0.0	0.0	1.7002833831032584	0.0	0.6026611173014842	0.0	0.0	0.0
semibin_SRR8387683.34_sub	0.3868285802406673	0.0	0.0	0.0	0.0	0.5967594352421263	0.0	0.0	0.396650350985526	0.0	0.0
semibin_SRR8387683.30	0.0	0.0	0.0	0.0	0.4664602922703837	0.8001405026821411	0.0	0.0	0.0	0.0	0.0
semibin_SRR8387683.16	0.0	0.0	0.0	0.0	0.24813491295690215	0.8293134993063634	0.0	0.3808972938913863	0.0	0.6090216367165969	0.0
semibin_SRR8387681.97	0.0	0.0	0.0	0.0	3.062962740515273	0.0	0.0	0.0	0.0	0.0	0.0
semibin_SRR8387681.35_sub	0.0	0.0	0.0	0.0	0.5297093898968903	0.0	0.0	0.0	0.0	0.0	0.0
semibin_SRR8387681.3	0.0	0.0	0.0	0.0	1.4214785446256384	0.2575221591781346	0.0	0.0	0.0	0.0	0.0
semibin_SRR8387679.0	0.0	0.0	0.0	1.9476600939914919	0.0	0.0	0.0	0.0	0.0	0.0	0.0
semibin_SRR8387677.66	0.0	0.0	7.1530652301629365	0.0	0.0	0.1059161369571142	0.0	0.13456715616193846	0.0	0.0	0.3892019762485412
semibin_SRR8387677.38	0.0	0.0	1.638575902536511	0.0	0.0	0.0	0.0	0.0	0.0	0.0	0.0
semibin_SRR8387677.31	0.0	0.0	1.5011100146017566	0.0	0.0	0.0	0.0	0.0	0.0	0.0	0.0
semibin_SRR8387676.49	0.0	8.186652958527397	0.0	0.0	0.0	0.0	0.0	0.32177366429750637	0.0	0.0	0.0
semibin_SRR8387659.60	0.7303127926420748	0.0	0.0	0.0	0.0	0.0	0.0	0.0	0.0	0.0	0.0
semibin_SRR6000947.67	0.5680556128052997	0.0	0.0	0.0	0.9168671996200687	0.0	0.0	0.0	0.0	0.0	0.3434727420902725
semibin_SRR6000945.4	0.2574448042158729	0.0	0.5477649721729646	0.0	0.07000445487390423	0.0	0.0	0.41362443116947456	0.0	0.0	0.1313558736343509
semibin_SRR6000944.44	0.0	0.0	0.0	0.0	0.09549647535618105	0.0	0.0	0.0	0.0	0.0	0.0
semibin_SRR6000944.13	0.37508080155593904	0.0	0.0	0.0	0.0	0.0	0.0	0.0	0.0	0.0	0.0
semibin_SRR6000920.93	0.0	0.0	0.0	0.0	0.08768094359670285	0.0	0.0	0.0	0.0	0.0	0.0
semibin_SRR6000920.16	0.0	0.4220439786592743	0.0	0.0	0.0	0.0	0.0	0.0718114184552794	0.0	0.0	0.0
semibin_SRR6000905.60_sub	0.0	0.0	0.0	0.32354535061770695	0.10252902835646883	0.0	0.0	0.3292525547747815	0.0	3.1317383034539312	0.0
semibin_SRR6000905.32	0.14459472262467096	0.0	0.0	0.0	0.0	0.0	0.0	0.0	0.0	0.0	0.0
semibin_SRR6000903.16	0.0	0.0	0.0	0.0	0.12310719465242964	0.40698704181493583	0.0	0.0	0.0	0.0	0.0
semibin_SRR6000902.21	0.0	0.0	0.0	0.0	0.47388652459861647	0.0	0.0	0.5018377963202372	0.0	0.0	0.0
semibin_SRR6000901.38	0.0	0.0	0.0	0.0	0.0	0.0	0.0	0.0	0.4365287313860387	0.0	0.0
semibin_SRR6000901.30	0.0	0.0	0.0	0.08587229475626584	0.0	0.0	0.0	0.0	0.0	0.0	0.0
semibin_SRR6000901.29	0.0	0.0	0.0	0.0	0.09182237954553675	0.0	0.0	0.0	0.0	0.0	0.0
semibin_SRR6000900.32	0.0	0.6170012749634411	0.3605758638844897	0.23110082662968118	0.0	0.11613232852591289	0.9104646472925099	0.13891494148185357	0.2054372533483135	0.7630438750482418	0.07056072130492876
semibin_SRR6000900.19	0.0	0.0	0.0	0.0	0.0	0.0	0.0	0.0	0.21990148733547932	0.0	0.0
semibin_SRR6000900.14	0.0	0.0	0.9296776313214147	0.0	0.0	0.0	0.0	0.0	0.0	0.0	0.0
semibin_SRR6000896.44	0.0	0.0	0.0	0.0	0.0932213392635008	0.0	0.0	0.0	0.0	0.0	0.0
semibin_SRR6000894.27	0.0	0.0	0.0	0.0	0.1384595012980571	0.43584228881333564	0.0	0.0	0.0	0.0	0.0
semibin_SRR6000893.60_sub	0.0	0.0	0.0	0.0	0.14832349329395414	0.3898836655664148	0.0	0.0	0.0	0.0	0.0
semibin_SRR6000892.71	0.0	0.0	0.33139520949743345	0.0	0.0	0.0	0.0	0.391265146888673	0.0	0.0	0.2611859702880167
semibin_SRR6000891.14	0.0	0.0	0.0	0.6006111058628625	0.0	0.0	0.68672481063069	0.0	0.0	0.0	0.0
semibin_SRR5930536.9	0.18551664475239704	0.0	0.0	0.0	0.0	0.0	0.0	0.0	0.0	0.0	0.0
semibin_SRR5930536.88	0.0	0.0	0.0	0.0	0.1216555294660794	0.18336822681510517	0.0	0.30944044432215934	0.0	0.0	0.0
semibin_SRR5930536.78	0.0	0.0	0.0	0.0	0.0	0.15143992096223316	0.0	0.0	0.0	0.0	0.0
semibin_SRR5930536.22	0.0	0.0	0.0	0.0	0.0	0.0	0.0	0.4302669922591092	0.0	0.0	0.0
semibin_SRR5930534.80	0.0	0.0	0.0	0.0	0.0	0.0	0.0	0.0	0.0	0.0	4.243238640776923
semibin_SRR5930533.9	3.804544937834361	0.0	0.0	0.0	0.516641836117921	0.0	0.0	0.8038097193739274	0.0	0.0	0.873508421088087
semibin_SRR5930533.15	0.0	0.0	0.0	0.0	0.0	0.07204971682831961	0.0	0.0	0.0	0.0	0.0
semibin_SRR5930532.36	0.0	0.0	0.0	0.0	0.0	0.0	0.0	0.0	0.35370808191801445	0.0	0.0
semibin_SRR5930531.66	0.0	0.0	0.0	0.0	0.0	0.0	0.0	0.0	0.0	0.0	0.2881751516011277
semibin_SRR5930529.60	0.36350239093105785	0.0	0.0	0.0	0.0	0.0	0.0	0.0	0.4670652277919761	0.0	0.0
semibin_SRR5930529.59	0.0	0.0	0.0	0.0	0.0	0.33640903660245536	0.0	0.0	0.0	0.0	0.0
semibin_SRR5930529.122	0.0	0.0	0.0	0.0	0.3937116085434349	0.0	0.0	0.0	0.0	0.0	0.0
semibin_SRR5930528.277	0.0	0.0	0.0	0.11968087264211386	0.0	0.0	0.0	0.0	0.0	0.0	0.0
semibin_SRR5930528.176	0.0	0.0	11.695465892013573	0.0	0.0	0.0	0.0	0.0	0.0	0.0	0.0
semibin_SRR5930527.83_sub	0.0	0.0	0.0	0.0	0.0	0.0	0.0	0.41768992579958414	0.0	0.0	0.0
semibin_SRR5930527.76	0.0	0.0	0.0	0.0	0.0	0.0	0.0	0.0	2.210339204390459	0.0	0.0
semibin_SRR5930527.26	0.0	0.0	0.0	0.0	0.09619668542169985	0.0	0.0	0.0	0.0	0.0	0.0
semibin_SRR5930527.114	0.0	0.0	0.0	0.0	0.0	0.20285001884545056	0.0	0.08697047478794785	0.10876948144400035	0.0	0.0
semibin_SRR5930527.100	0.5378390088492007	0.0	0.0	0.0	0.0	0.0	0.0	0.0	0.39735210242182445	0.0	0.0
semibin_SRR5930526.142	0.0	0.0	0.0	0.0	0.0	0.0	1.4325499005135778	0.0	0.0	0.0	0.0
semibin_SRR5930523.22	0.0	0.0	0.24755822289867235	0.0	0.0	0.0	0.0	0.3595458252803261	0.0	0.0	0.24124497411706605
semibin_SRR5930520.79_sub	0.0	0.0	0.0	0.20400272127735083	0.0	0.0	0.0	0.0	0.0	0.0	0.0
semibin_SRR5930520.204	0.0	0.0	0.0	0.0	0.0	0.0	0.0	0.0	1.2244602225941477	0.0	0.0
semibin_SRR5930520.180	0.3530084362188284	0.0	0.0	0.0	0.0	0.0	0.0	0.0	0.42168550712814085	0.0	0.0
semibin_SRR5930520.142	0.0	0.0	0.0	0.0	0.5239949654249343	0.27055359059459966	0.0	0.0	0.0	0.0	0.0
semibin_SRR5930519.63	0.0	0.0	0.0	1.3198760212452896	0.0	0.0	0.0	0.0698355060102035	0.0	0.0	0.0
semibin_SRR5930519.20	0.0	0.0	0.17094406375045534	0.0	0.0	0.0	0.0	0.0	0.0	0.0	0.0
semibin_SRR5930518.8	0.15442089654804506	0.0	0.0	0.0	0.0	0.09272588164106017	0.0	0.0	0.0	0.0	0.0
semibin_SRR5930517.66	0.0	0.0	0.5131436218489065	0.0	0.0	0.0	0.0	0.0	0.0	0.0	0.0
semibin_SRR5930517.113	0.0	0.0	0.1776198494831474	0.0	0.07586471976468077	0.0	0.0	0.0	0.0	0.0	0.0
semibin_SRR5930516.87	0.0	0.0	0.0	0.0	0.0	0.0	5.522246039337473	0.0	0.0	0.0	0.0
semibin_SRR5930516.224	0.0	0.0	0.0	0.0	0.0	0.587530198678153	0.0	0.0	0.0	0.0	0.0
semibin_SRR5930515.39_sub	0.0	0.0	0.0	0.0	0.0	0.0	0.0	0.0	0.9365146940562887	0.0	0.0
semibin_SRR5930514.44	0.0	0.0	0.0	0.0	0.1661867700283011	0.0	0.0	0.0	0.0	0.38754658947871107	0.0
semibin_SRR5930511.52	0.8775301785014341	38.27929521650596	0.0	0.0	0.3470247834975869	0.0	0.0	0.45352212964276756	0.6421039985335631	1.260622990499665	0.8574455483653813
semibin_SRR5930507.29	0.6297790484885776	0.0	0.0	0.8388300853680116	0.11817115780292674	0.0	0.7790938813505313	0.0	0.0	0.0	0.0
semibin_SRR5930505.26	0.0	0.0	0.0	0.0	0.0	0.21552430741561326	0.0	0.0	0.0	0.0	0.0
semibin_SRR5930504.70	0.0	0.0	0.0	0.0	0.0	0.0	0.0	0.14746957320331644	0.0	0.25501203481953694	0.0
semibin_SRR5930504.145	0.11544832652658091	0.0	0.0	0.0	0.0	0.0	0.0	0.0	0.0	0.0	0.0
semibin_SRR5930504.107	0.0	0.0	0.11793963340471654	0.0	0.0	0.0	0.0	0.0	0.0	0.0	0.0
semibin_SRR5930503.199	0.0	0.0	0.0	0.0	0.0	0.05166205709121779	0.0	0.0	0.0	0.0	0.0
semibin_SRR5930502.51	0.0	0.0	0.0	0.0	0.26632319473680666	0.0	0.0	0.5710513626968879	0.0	6.7658130633303735	0.0
semibin_SRR5930502.48	0.0	0.0	0.0	0.0	0.0	0.2065011784433361	0.0	0.0	0.0	0.8414521084924007	0.2290207683689567
semibin_SRR5930502.40	0.0	0.19351227565868973	0.2646037905961809	0.0	0.0	0.0	0.0	0.0688000369833291	0.18374607218833788	0.0	0.0
semibin_SRR5930501.70	0.0	0.0	0.0	0.0	0.0	0.0	0.0	0.0	0.0	0.0	0.28042919912062797
semibin_SRR5930501.2	0.0	0.16018382833352335	0.0	0.18385568332155042	0.1037153405063936	0.14156856300521337	0.0	0.0	0.8596582964940406	0.0	0.25557067298210845
semibin_SRR5930499.112	0.0	0.4223089465413489	2.6987451568088363	1.1571522646256494	0.14862022481309106	0.6949635362688477	0.0	0.597604414765545	4.20564176555754	0.42177285182074886	0.0
semibin_SRR5930498.73	0.0	0.0	0.0	0.0	0.0	0.04770379416625944	0.0	0.0	0.0	0.0	0.0
semibin_SRR5930498.111	0.0	0.0	0.0	0.0	0.2458962641069439	0.0	0.0	0.0	0.0	0.1587782963420571	0.17995102333503735
semibin_SRR5930495.69	0.0	0.0	0.0	0.0	0.07761951988344258	0.0	0.0	0.0	0.0	0.0	0.0
semibin_SRR5930495.44	0.0	0.0	3.610835459084339	0.0	0.0	0.0	0.0	1.0341744619276632	0.0	0.0	0.0
semibin_SRR5930495.29	0.06314274822757732	0.13338453773967407	0.0	0.08350608173521192	0.0	0.0	0.2155385581577147	0.0	0.0	0.0	0.0
semibin_SRR5930494.98	0.0	0.0	0.0	0.0	0.0	0.0	0.0	0.172075179638686	0.0	0.0	0.0
semibin_SRR5930494.69	0.0	0.1433153635263002	0.13943123676298824	0.0	0.0	0.0	0.09569619847635379	0.17374980635022733	0.0	0.0	0.0
semibin_SRR5930494.42	0.5579121443523162	0.0	0.0	0.0	0.7147236805650413	0.0	0.0	0.0	0.0	0.0	1.1514004067411814
semibin_SRR5930494.234	0.0	0.0	1.098900486786956	0.0	0.0	0.0	0.0	0.0	0.0	0.0	0.0
semibin_SRR5930494.170	0.33602239950018714	0.0	0.0	0.0	0.0	0.0	0.0	0.0	0.7078876964639527	0.0	0.0
semibin_SRR5930493.36_sub	0.0	0.0	0.0	0.0	0.0	0.0	0.0	0.26049969301138076	0.0	0.0	0.0
semibin_SRR25825518.7	0.0	0.0	0.47101973794346147	0.0	0.1859761180450042	0.0	0.0	0.4495217030260642	0.0	0.0	0.0
semibin_SRR25825517.45	0.0	0.0	0.5132389280252748	0.0	0.16572313945283287	0.0	0.0	0.4928138090410139	0.0	0.0	0.0
semibin_SRR25825514.3_sub	0.0	0.0	0.0	0.0	0.1143653198474237	0.13935652445706612	0.0	0.0	0.0	0.4407138529014599	0.1385277629115417
semibin_SRR25825510.79	0.378973533341791	0.0	0.0	0.0	0.0	0.0	0.0	0.0	0.4388916074412499	0.0	0.0
semibin_SRR25825509.21	0.0	0.0	0.0	0.0	0.35665980616573345	0.0	0.0	0.0	0.33312958090355854	0.0	0.0
semibin_SRR25825508.4_sub	0.0	0.0	0.0	1.9773889807860714	0.0	0.342649979461357	3.7550350705777857	0.0	0.0	0.0	0.0
semibin_SRR25825507.51_sub	0.4980684008927462	0.0	0.0	0.0	0.5840306295517395	0.0	0.0	0.0	0.0	0.0	0.38214437003766755
semibin_SRR25825502.47_sub	0.0	0.0	0.0	0.0	0.0	0.0646167471143394	0.0	0.0	0.0	0.0	0.0
semibin_SRR25825502.37	0.0	0.0	0.0	0.0	0.0	1.305872747193853	0.0	0.0	0.0	0.0	0.0
semibin_SRR25825501.29	0.0	0.0	0.0	0.0	0.0	0.5710976914017203	0.0	0.0	0.0	0.0	0.0
semibin_SRR25825500.94	0.0	0.0	0.0	0.0	0.04813672324052272	0.0	0.0	0.0	0.0	0.0	0.0
semibin_SRR25825500.66	0.0	0.0	0.0	0.0	0.0	0.6122263081316287	0.0	0.0	0.0	0.0	0.0
semibin_SRR25825500.32	0.0	0.0	0.0	0.0	0.0	0.5087531896553632	0.0	0.0	0.0	0.0	0.0
semibin_SRR25825500.25	0.0	0.0	0.0	0.0	0.0	0.0	1.2082705817223383	0.0	0.0	0.0	0.0
semibin_SRR25825500.13	0.35595442523762255	0.0	0.0	0.0	0.0	0.0	0.0	0.0	0.0	0.0	0.0
semibin_SRR25825497.63	0.3626485704693454	0.0	0.0	0.0	0.0	0.0	0.0	0.0	0.0	0.0	0.0
semibin_SRR23364235.6	0.0	0.0	0.0	0.0	0.0	0.0	0.0	0.0	0.11538080959473515	0.0	0.0
semibin_SRR23364231.4	0.4128494766411514	0.0	0.0	0.0	0.0	0.0	0.0	0.0	0.0	0.0	0.0
semibin_SRR23364229.5	0.0	0.0	0.0	0.0	0.06261654799446546	0.0	0.0	0.0	0.0	0.0	0.0
semibin_SRR23364216.26	0.0	0.0	0.4494931739005962	0.0	0.0	0.0	0.0	0.0	0.0	0.0	0.0
semibin_SRR23364212.64	0.0	0.0	0.0	0.0	0.0	0.0	0.0	0.0	0.0	0.3171877004490476	0.0
semibin_SRR23364206.58	0.16508290167522305	0.0	0.0	0.0	0.0	0.096201589708814	0.0	0.0	0.0	0.0	0.0
semibin_SRR23364199.80	0.34705893171172686	0.0	0.0	0.0	0.0	0.0	0.0	0.0	0.0	0.0	0.0
semibin_SRR23364199.41	0.0	0.0	0.0	0.0	0.0	0.0	0.0	0.0	0.0	0.0	0.27702403393399844
semibin_SRR23364196.21	0.0	0.0	0.0	0.0	4.683739007192072	0.0	0.0	0.0	0.0	0.0	0.0
semibin_SRR23364195.41	0.0	0.0	0.0	0.0	0.7110328926537091	0.0	0.0	1.93009372412904	0.0	0.3683825674095565	0.0
semibin_SRR23364193.36	0.0	0.0	0.0	0.2053670755250624	0.10637184954948768	0.14785041212089808	0.0	0.0	0.8766711528793519	0.0	0.2563005975874022
semibin_SRR23364183.27	0.0	0.0	0.0	0.1750985339711732	0.08745143311140467	0.10542051230612233	0.0	0.0	0.741926990033711	0.0	0.19344486825620355
semibin_SRR23364178.53_sub	0.0	0.0	0.0	0.0	0.42084669458142876	0.0	0.0	0.0	0.0	0.0	0.0
semibin_SRR23364176.76	0.0	0.0	0.0	0.0	0.24250939343710404	0.0	0.0	0.3975108933883728	0.0	0.5141932859792476	0.0
semibin_SRR23364174.31	0.16789023427133887	0.0	0.0	0.0	0.0	0.12972976738137407	0.0	0.0	0.0	0.0	0.0
semibin_SRR23364171.89	0.0	0.2346693648153709	0.0	0.0	0.0	0.0	0.0	0.0	0.0	0.0	0.0
semibin_SRR23364171.81	0.0	0.0	0.0	0.0	0.0	0.06344712412638759	0.0	0.0	0.0	0.0	0.0
semibin_SRR23364171.72	0.0	0.0	0.0	0.0	0.0828107273950765	0.11642801009251538	0.0	0.0	0.6540856970040348	0.0	0.19216923646594744
semibin_SRR20881988.7	0.0	0.0	0.0	0.0	0.0	0.0	0.0	0.0	2.4689553515818496	0.0	0.0
semibin_SRR20881988.10	0.31503107602875025	0.0	0.0	0.0	0.0	0.0	0.0	0.0	0.0	0.0	0.0
semibin_SRR20881986.74	0.0	0.0	0.0	0.19092528545090853	0.10077539065790693	0.13173194867324045	0.0	0.0	0.9417973288377949	0.0	0.2602591766642694
semibin_SRR20881986.23	0.0	1.3433817031490485	0.0	0.0	0.0	0.0	0.0	0.3236419623673967	0.0	0.0	0.0
semibin_SRR20881985.46_sub	0.0	0.0	0.0	0.0	0.07830069056252228	0.0	0.0	0.0	0.0	0.0	0.0
semibin_SRR20881984.28	0.0	0.0	0.2821019435154171	0.0	0.12914267507566618	0.0	0.0	0.10083486769106106	0.0	0.29543181790285994	0.0
semibin_SRR20881984.27	0.0	0.0	0.3535476653102255	0.0	0.0	0.0	0.0	0.3343005434797216	0.0	0.0	0.0
semibin_SRR20881983.27	0.0	0.0	0.0	0.0	0.0	0.0	0.0	0.0	0.0	0.0	0.25750024305295866
semibin_SRR20881981.24	0.0	0.0	0.0	0.0	0.0	0.0	0.0	0.8536494670616486	0.0	0.0	0.0
semibin_SRR20881980.70_sub	0.0	0.0	0.0	0.0	0.0	0.0	0.8348093515573739	0.0	0.0	0.0	0.0
semibin_SRR20881980.56	0.0	0.0	0.0	0.0	0.11914009150504046	0.1485603438583339	0.0	0.0	0.9357215535549368	0.0	0.265367728037362
semibin_SRR20881980.162	0.1577498793956385	0.0	0.0	0.0	0.0	0.0	0.0	0.0	0.0	0.0	0.0
semibin_SRR20881980.15_sub	0.0	0.0	0.12827213403052543	0.0	0.0	0.0	0.0	0.12336275596601376	0.0	0.0	0.0
semibin_SRR20881979.39	0.0	0.0	0.8551538784335583	0.38631741112707346	0.0	0.0	0.0	0.0	0.0	0.0	0.0
semibin_SRR20881978.16	0.0	0.8705641174910709	0.0	0.0	0.0	0.0	0.0	0.0	0.0	0.0	0.0
semibin_SRR20881977.6	0.0	0.0	0.0	0.0	0.0	0.0	0.0	0.0	0.0	0.09447129470130002	0.0
semibin_SRR20881977.45	0.0	0.0	0.0	0.0	0.10607649523661054	0.0	0.0	0.0	0.0	0.0	0.3020416499144636
semibin_SRR20881976.18_sub	0.0	0.0	0.0	0.0	0.06202189364049821	0.0	0.0	0.0	0.0	0.0	0.0
semibin_SRR20881975.0	0.0	0.0	0.0	2.8873598147271227	0.0	0.0	1.1445931058384713	0.0	0.0	0.0	0.0
semibin_SRR16554790.42	0.0	0.0	0.0	0.0	0.0	0.0	0.0	0.0	0.0	0.0	0.22526436587778023
semibin_SRR16554789.32	0.0	0.0	0.0	0.0	0.0	0.16978994938718217	0.0	0.0	0.0	0.0	0.15107518615389284
semibin_SRR16554786.37	0.0	0.0	0.43934679106758606	0.0	0.0	0.0	0.0	0.0	0.0	0.0	0.0
semibin_SRR16554784.78	0.0	0.0	0.0	0.0	0.0	0.0	0.0	1.8994848469389227	0.0	0.0	0.0
semibin_SRR16554784.38	0.0	0.0	0.0	0.0	0.0	0.0	0.0	0.0	0.0	0.0	0.2508052399053996
semibin_SRR16554780.22	0.0	0.0	1.1109721229310903	0.0	0.0	0.0	0.0	0.11182017020298839	0.0	0.0	0.39790409626151835
semibin_SRR16554776.8	0.0	0.0	0.0	0.0	0.09020697718224349	0.0	0.0	0.0	0.0	0.0	0.0
semibin_SRR16554773.62	0.833249677008162	0.0	0.0	0.0	0.0	0.0	0.0	0.0	0.0	0.0	0.0
semibin_SRR16554765.8	0.30619906676428466	0.0	0.0	0.8845158323666161	0.12978743047918168	0.0	0.8024217307131177	0.0	0.0	0.0	0.0
semibin_SRR16554765.35	0.0	0.0	0.0	0.9273310014505763	0.0	0.0	0.7171845710623769	0.0	0.0	0.0	0.0
semibin_SRR16554759.10_sub	0.0	0.0	0.0	0.0	0.7094467946400044	0.0	0.0	0.0	0.0	0.0	0.0
semibin_SRR16554744.40_sub	0.0	0.0	0.0	0.0	0.0	0.0	0.0	0.0	4.644474563025402	0.0	0.0
semibin_SRR16554739.16	0.0	0.0	0.0	0.13282046433366085	0.0	0.13762946039532672	0.0	0.0	1.335773280169262	0.0	0.0
semibin_SRR16554738.0	0.08508608595102951	0.13321507051442394	0.0	0.21055353805055738	0.0	0.0	0.0	0.0	0.0	0.0	0.0
semibin_SRR16554736.59	0.0	0.0	0.0	0.0	0.0	0.0	0.0	0.0	0.0	0.0	0.24741441986924886
semibin_SRR16554736.21	0.0	0.0	0.0	0.0	0.0	1.1143071246402732	0.0	0.0	0.0	0.0	0.0
semibin_SRR16554734.17	0.45949931947293965	0.0	0.0	0.0	0.0	0.0	0.0	0.0	0.0	0.0	0.0
semibin_SRR16554716.24	0.0	0.0	0.14687894461833234	0.0	0.6868425438195334	0.0	0.0	0.0	0.0	0.0	0.104788222090156
semibin_SRR16554712.0	0.0	0.0	0.0	0.09884539168622139	0.0	0.0	0.0	0.0	0.0	0.0	0.0
semibin_SRR16554707.35_sub	0.2896625278971925	0.0	0.0	0.11047257771299485	0.19449631750381963	0.0	0.0	0.0	0.0	0.0	0.0
semibin_SRR16554706.23	2.4696111016753584	0.0	3.6629229144383397	6.698023996922409	0.8434754645245385	0.1362923316616223	2.7309723092275333	2.241377589404829	0.0	2.040359526295503	0.28487814035009684
semibin_SRR16554704.8_sub	0.8047535953671361	0.0	0.0	0.0	0.7108235351894835	0.0	0.0	0.0	0.0	0.0	0.33758243317701053
semibin_SRR16554693.19	0.0	0.0	0.0	0.0	0.0	0.0	0.0	0.3883468104964209	0.0	0.0	0.0
semibin_SRR16554684.32	0.0	0.0	0.0	0.0	0.0	0.3503697355395616	0.0	0.0	0.0	0.0	0.0
semibin_SRR16554679.4	0.0	0.0	0.0	0.0	0.0	0.10946901065176262	0.0	0.0	0.0	0.0	0.0
semibin_SRR16554673.13	0.0	0.0	0.0	0.0	0.0	0.0	0.0	0.2917650350025606	0.0	0.0	0.0
semibin_SRR16554671.9	0.0	0.0	0.0	0.19852043260110921	0.0	0.0	0.0	0.0	0.0	0.0	0.0
semibin_SRR16554669.51_sub	0.0	0.0	0.0	0.0	0.0	0.0	0.0	0.0	0.0	0.0	0.2657695175418874
semibin_SRR16554665.28	1.078691996423255	0.0	0.0	0.15201892798933456	0.0	0.0	0.0	0.0	0.0	0.0	0.0
semibin_SRR16554655.39	1.5286459766482678	0.0	0.0	0.0	0.6352593568721887	0.0	17.027796370219132	0.0	1.3928907071215015	0.9763697926682928	0.49751056072373256
semibin_SRR16554653.1	0.0	0.0	0.0	0.0	0.0	0.0	0.0	0.0	0.9182193325932873	0.0	0.0
semibin_SRR16554652.75	0.0	0.0	0.0	0.0	0.0	0.0	0.0	0.21066770705253896	0.0	0.0	0.0
semibin_SRR16554652.37	0.0	0.0	0.4122084749997213	0.0	0.0	0.0	0.0	0.0	0.0	0.0	0.0
semibin_SRR16554652.103	1.7274275570552162	0.0	0.0	0.0	0.7278454835659937	0.0	0.0	0.0	0.0	0.0	0.35173671149722974
semibin_SRR16554643.19	0.0	0.0	0.0	0.0	0.28008806588199003	0.0	0.0	0.0	0.0	0.0	0.0
semibin_SRR16554633.6	0.0	0.0	0.0	0.0	0.17553355253901012	0.409613820704984	0.0	0.0	0.0	0.0	0.0
semibin_SRR16554630.22	0.0	0.0	0.0	0.0	0.44423042776221056	0.0	0.0	0.0	0.0	0.0	0.0
semibin_SRR16554630.20	0.0	0.0	0.0	0.0	0.45371186779397976	0.0	0.0	0.593405485762506	0.0	0.0	0.0
semibin_SRR16554628.46_sub	0.0	0.0	0.0	0.0	0.8684167566669044	0.0	0.0	0.0	0.0	0.0	0.0
semibin_SRR16554627.34	0.0	0.0	0.0	0.0	0.15038785775916266	0.4347538789150225	0.0	0.0	0.0	0.0	0.0
semibin_SRR16554627.102	0.0	0.0	0.5064082092567143	0.0	0.164380004121472	0.0	0.0	0.4699986049815174	0.0	0.17522154271763907	0.0
semibin_SRR16168986.51	0.0	0.0	0.0	0.0	0.0	0.0	0.0	0.0	0.0	0.0	1.710386397562018
semibin_SRR16168974.22	0.0	0.27172295092646875	0.0	0.0	0.0	0.0	0.0	0.0	0.0	0.0	0.0
semibin_SRR16168945.59_sub	0.0	0.0	0.0	0.17309718655294087	0.08619277099988534	0.109400741629263	0.0	0.0	0.7537036514952047	0.0	0.21905560443957658
semibin_SRR16168938.32	0.40868750815629845	0.0	0.0	0.0	0.0	0.0	0.0	0.0	0.0	0.0	0.0
semibin_SRR16168930.38	0.0	0.0	0.0	0.2608264236038426	0.0	0.0	0.0	0.0	0.0	0.0	0.0
semibin_SRR16168913.74	0.0	0.0	0.0	0.0	0.3291861312041476	0.4395910410291653	0.0	0.0	0.0	0.0	0.0
semibin_SRR16168913.44_sub	0.0	0.0	0.0	0.0	0.12567693412674494	0.0	0.0	0.0	0.0	0.0	0.2137977800267637
semibin_SRR16168903.5	0.24783538970626587	0.0	0.0	0.8100048708913282	0.12745247948821742	0.0	0.7169750763126973	0.0	0.0	0.0	0.0
semibin_SRR16168903.11	0.0	0.0	0.0	0.0	0.0	0.0	0.0	0.0	0.0	0.43355422015075934	0.0
semibin_SRR16168900.48	0.0	1.3237002679307759	0.0	0.0	0.0	0.0	0.0	0.32041350715639977	0.0	0.0	0.0
semibin_SRR16168896.113	0.0	0.0	0.0	0.0	0.0	0.0	0.0	0.0	0.0	0.0	1.589949663546794
semibin_SRR13068851.36	0.0	0.0	0.0	0.0	0.0	0.07328132061138273	0.0	0.0	0.0	0.0	0.0
semibin_SRR13068847.101	0.0	0.0	0.0	0.0	0.5062117654023851	0.0	0.0	0.0	0.0	0.0	0.0
semibin_SRR13068844.35	0.0	0.0	0.14507693849659192	0.0	0.061789233369442614	0.0	0.0	0.10754602177431438	0.0	0.0	0.0
semibin_SRR13068843.62_sub	0.0	0.0	0.0	0.0	0.5409427326235016	0.0	0.0	0.0	0.0	0.0	0.0
semibin_SRR13068843.26	0.0	0.0	0.09204200131580197	0.0	0.0	0.0	0.0	0.0	0.0	0.0	0.0
semibin_SRR13068840.28	0.541323297723	0.0	0.0	0.0	0.6589943634845568	0.0	0.0	0.0	0.0	0.0	0.3169916132805087
semibin_SRR13068839.82	0.0	0.0	0.17994090921964195	0.0	0.0	0.0	0.0	0.19124487199152898	0.0	0.0	0.0
semibin_SRR13068839.7	0.0	0.0	0.0	0.0	0.06423675502185312	0.08302078177369777	0.0	0.10926333467830025	0.0	0.0	0.127652286823399
semibin_SRR13068839.17	0.0	0.0	0.0	0.0	0.0	1.2315077100432263	0.0	0.0	0.0	0.0	0.0
semibin_SRR13068827.60	0.0	0.0	0.0	0.0	0.0	0.08672364814578706	0.0	0.0	0.0	0.0	0.0
semibin_SRR13068826.42	0.0	0.1796845036858451	0.0	0.0	0.0	0.0	0.0	0.0	0.0	0.0	0.0
semibin_SRR13068825.28	0.0	0.0	0.0	0.0	0.0	0.0	0.0	0.0	0.0	0.0	0.21328386178547973
semibin_SRR13068822.60	0.0	0.0	0.0	0.0	0.0	0.0	0.0	0.0	0.22377415536228387	0.0	0.0
semibin_SRR13068817.76	0.0	0.0	0.0	0.0	0.44735304400782644	0.4183099959962095	0.0	0.0	0.0	0.0	0.0
semibin_SRR13068816.17_sub	0.0	0.0	0.0	0.0	0.0	0.0	0.0	0.0	0.21049253264168022	0.0	0.0
semibin_SRR13022464.9	0.0	0.0	0.0	0.0	0.1459308923170823	0.4336217313463458	0.0	0.0	0.0	0.0	0.0
semibin_SRR13022461.32	0.3480825234224061	0.0	0.0	0.0	0.0	0.0	0.0	0.0	0.0	0.0	0.0
semibin_SRR13022452.10	0.0	0.0	0.0	0.0	0.0	0.0	0.0	0.0	0.0	0.33499996713661273	0.0
semibin_SRR13022424.6	0.0	0.0	0.0	0.0	0.2632984047083605	0.0	0.0	0.0	0.0	0.0	0.0
semibin_SRR13022415.6	0.0	0.0	0.0	0.0	0.0	0.14542205647546963	0.0	0.0	0.0	0.0	0.0
semibin_SRR13022375.5	0.0	0.0	0.0	0.0	0.060122803557792905	0.0	0.0	0.0	0.0	0.2395433711868757	0.0
semibin_SRR13022325.6	3.2487666933911243	0.0	3.7227467730016457	7.7785513969663995	0.8644624508305554	0.1627303329434535	3.002670122915019	2.4540697127890585	0.0	2.3158612508725716	0.33135109714273425
semibin_SRR13022319.17	0.0	0.0	0.0	0.0	0.0	0.07008254973920712	0.0	0.250883941820559	0.0	0.0	0.0
semibin_SRR13022308.4	0.0	0.0	0.0	0.0	0.09953485332789407	0.0	0.0	0.0	0.0	0.0	0.19990426394053093
semibin_SRR13022261.21	0.0	0.0	0.0	0.0	0.11428258093911546	0.0	0.0	0.0	0.0	0.0	0.0
semibin_SRR11413691.62	0.0	0.0	0.0	0.0	0.0	0.0	0.7385965013422224	4.037479510880735	3.8094667440993604	0.7872006476978974	0.0
semibin_SRR11413691.52	0.0	0.0	0.0	0.0	0.0	0.15163228743169013	0.0	0.0	0.0	0.0	0.0
semibin_SRR11413691.42	0.0	0.0	0.0	0.0	0.0	0.10145899830289398	0.0	0.11521424991796052	0.0	0.0	0.0
semibin_SRR11413691.23	0.0	0.0	0.0	0.0	0.0	0.1613344029051584	0.0	0.0	0.0	0.0	0.0
semibin_SRR11413690.9	0.0	0.14137010344627765	0.0	0.0	0.0	0.0	0.0	0.0	0.0	0.0	0.0
semibin_SRR11413690.7	0.0	0.0	0.0	0.0	0.0	0.0	0.0	0.0	0.30964769173200996	0.0	0.0
semibin_SRR11413690.11	0.0	0.0	0.0	0.0	0.08714727645544547	0.0	0.0	0.0	0.0	0.0	0.0
semibin_SRR11413689.18	0.0	0.0	0.24509912261625327	0.0	0.0	0.0	0.0	0.3494887098975334	0.0	0.0	0.2410488427303875
semibin_SRR11413689.110	0.0	0.0	0.4704043038646202	0.0	0.37299473202100314	0.0	0.0	0.504495039060394	0.0	0.0	0.0
semibin_SRR11413687.106_sub	0.0	0.0	0.0	0.0	0.0	0.0	0.0	0.0	0.0	0.0	0.09862291820282255
semibin_SRR11413686.80	0.0	4.471767723688127	0.0	0.0	0.0	0.0	0.0	0.0	0.0	0.0	0.0
semibin_SRR11413685.32	0.32135493002175375	0.0	0.0	0.0	0.0	0.0	0.0	0.0	0.0	0.0	0.0
semibin_SRR11413683.16	0.0	0.28129862096574537	0.0	0.0	0.0	0.0	0.0	0.0	0.0	0.0	0.0
semibin_SRR11413683.102	0.0	0.0	0.0	0.0	0.0	0.0	0.0	0.49439422478337297	0.8555136430202146	0.0	0.0
semibin_SRR11413681.96	0.0	0.0	0.0	0.0	0.0	0.32336896169085805	0.0	0.0	0.0	0.0	0.0
semibin_SRR11413681.27	0.0	0.0	0.0	0.0	0.2227940265591279	0.0	0.0	0.0	0.0	0.0	0.1638282816448903
semibin_SRR11413681.23	0.4238190699414745	0.3594275461406228	0.0	0.0	0.08665752761981606	0.0	0.0	0.0	0.0	0.0	0.0
semibin_SRR11413679.4	0.0	0.0	0.0	0.0	0.0	0.08760021405082603	0.0	0.0	0.9312654699346357	0.0	0.0
semibin_SRR11413678.51	0.0	0.0	0.0	0.0	0.0	0.0	0.0	0.0	0.0	0.0	0.05823482740861996
semibin_SRR11413678.27	0.0	0.0	0.0	0.09218974843197687	0.0	0.0	0.0	0.0	0.0	0.0	0.0
semibin_SRR11413657.160_sub	0.0	0.0	0.0	0.0	0.0	1.0914162225756652	0.0	0.0	0.0	0.0	0.0
semibin_SRR11413657.102	0.0	0.0	0.21663377796860195	0.0	0.0	0.0	0.0	0.29929361153160455	0.0	0.0	0.21468304827442503
semibin_SRR11413656.22	0.0	0.0	0.0	0.0	0.0	0.0	0.0	1.326914988917535	0.0	0.0	0.0
semibin_SRR11413656.101	0.0	0.0	0.0	0.0	0.0	1.1157585622950508	0.0	0.0	0.0	0.0	0.0
semibin_SRR11413655.121	0.0	0.0	0.0	0.0	0.0	0.051785129425002296	0.0	0.0	0.0	0.0	0.0
semibin_SRR11413654.21	0.0	0.0	0.0	0.0	0.0	0.09547954436380383	0.0	0.0	0.0	0.0	0.0
semibin_SRR11413653.97_sub	1.3222235348899918	0.0	0.7188745632198147	0.6932967677739603	0.0	0.0	0.0	0.0	0.0	0.8721073368803365	0.0
semibin_SRR11413653.25	0.0	0.0	2.252748693997922	6.268077770561669	0.0	0.0	0.0	0.0	2.9531288765521717	0.5048365851995783	0.0
semibin_SRR11413652.9_sub	0.0	0.0	0.0	0.0	0.0	0.1215469460014678	0.0	0.0	0.0	0.0	0.0
semibin_SRR11413652.34	0.0	0.0	0.0	0.0	0.0	0.16390018966735193	0.0	0.0	0.0	0.0	0.0
semibin_SRR11413619.8_sub	0.0	0.0	0.0	0.0	0.0	0.11088546654928788	0.0	0.0	0.0	0.0	0.0
semibin_SRR11413619.16	0.3844502540436472	0.0	0.0	0.0	0.0	0.0	0.0	0.0	0.3566418749105694	0.0	0.0
semibin_SRR11413617.99	0.3468513201961037	0.0	0.0	0.0	0.0	0.0	0.0	0.0	0.0	0.0	0.0
semibin_SRR11413617.49	0.4961307303649916	0.4237185766473451	0.0	0.0	0.09994913985122157	0.0	0.0	0.0	0.0	0.0	0.0
semibin_SRR11413614.5_sub	0.0	0.0	0.0	0.0	0.0	0.1280352841203659	0.0	0.0	0.0	0.0	0.0
semibin_SRR11413614.13	0.0	0.0	0.0	0.0	0.0	0.0	2.007610119603604	0.0	0.0	0.0	0.0
semibin_SRR11413611.89	0.0	0.0	0.0	0.0	0.0	0.0	0.0	0.0	0.0	0.0	1.547594848664644
semibin_SRR11413608.137	0.0	0.0	0.0	0.1849731530571552	0.0	0.0	0.0	0.0	0.0	0.0	0.0
semibin_SRR11413606.50	0.0	0.0	0.0	0.0	0.0	0.7567627739512457	0.0	0.0	0.0	0.0	0.0
semibin_ERR6281751.11_sub	0.0	0.0	0.0	0.0	0.0	0.0	0.0	0.0	0.0	0.26783686412384483	0.0
semibin_ERR6281504.148	0.0	1.228844890291078	0.0	0.0	0.0	0.0	0.0	0.0	0.0	0.0	0.0
semibin_ERR6281341.3	0.0	0.0	0.0	0.0	0.05387624637930581	0.0	0.0	0.0	0.0	0.0	0.0
semibin_ERR6281341.24	0.0	0.0	0.0	0.0	0.0	1.2794048513647296	0.0	0.0	0.0	0.0	0.0
semibin_ERR6281340.57	0.40860534771415064	0.0	0.0	0.0	0.0	0.0	0.0	0.0	0.37598039844426673	0.0	0.0
semibin_ERR6280910.39	0.0	0.0	0.0	0.16716183735124862	0.0	0.0	0.0	0.0	0.0	0.0	0.0
semibin_ERR6279683.8	0.0	0.0	0.0969472074549592	0.0	0.0	0.0	0.0	0.0	0.0	0.0	0.0
semibin_ERR6279678.48	0.0	0.0	0.0	0.0	0.43765098135807945	0.0	0.0	0.0	0.0	0.0	0.0
semibin_ERR6279677.59_sub	0.0	0.31284464899395864	0.0	0.0	0.0	0.0	0.0	0.0	0.0	0.0	0.0
semibin_ERR6279675.47	0.0	0.6329534643326009	0.29985177548565334	0.0	0.0630721572794883	0.0	0.0	0.0	0.0	0.0	0.0
semibin_ERR6279673.25_sub	0.0	0.0	0.0	0.0	0.0	0.0	0.093854555269883	0.0	0.0	0.0	0.09031513474613719
semibin_ERR6279672.17	0.13753947554710497	0.0	0.0	0.0	0.0	0.0	0.0	0.0	0.0	0.0	0.0
semibin_ERR6279671.28_sub	0.4044189010634042	0.0	0.0	0.0	0.0	0.0	0.0	0.0	0.0	0.0	0.0
semibin_ERR6279669.74	0.0	0.0	0.15482598670648579	0.0	0.0	0.0	0.0	0.0	0.0	0.0	0.0
semibin_ERR6279669.46_sub	0.6493119691376658	0.0	0.0	0.0	0.8191455533897628	0.0	0.0	0.0	0.0	0.0	0.3984278496817215
semibin_ERR6279661.80	0.0	0.0	0.0	0.22259069559006053	0.0	0.0	0.0	0.0	0.0	0.0	0.0
semibin_ERR6279654.35	0.4091597299786195	0.0	0.0	0.0	0.0	0.0	0.0	0.0	0.37783659685768717	0.0	0.0
semibin_ERR6279648.9_sub	0.0	0.11615478726043893	0.0	0.0	0.06962187831423002	0.0	0.0	0.0	0.10359571090957073	0.0	0.0
semibin_ERR6279624.16	0.0	0.0	0.0	0.0	0.0	0.0	0.0	0.15302091995560224	0.0	0.0	0.0
semibin_ERR6279621.6	0.0	0.0	0.0	0.0	0.0	0.0	0.0	0.09635991822936611	0.0	0.0	0.0
semibin_ERR6279614.29	0.0	0.0	0.0	0.0	0.11624796745121106	0.0	0.0	0.0	0.0	0.0	0.0
semibin_ERR6275680.30	0.15561081071811844	0.0	0.0	0.0	0.0	0.0	0.0	0.0	0.0	0.0	0.0
semibin_ERR6275675.25	0.0	0.0	0.0	0.0	0.11419014581161493	0.0	0.0	0.0	0.0	0.0	0.0
semibin_ERR6275674.45_sub	0.4240960522617533	0.0	0.0	0.0	0.0	0.0	0.0	0.0	0.0	0.0	0.0
semibin_ERR6275672.14	0.0	0.0	0.0	0.0	0.0	0.0	0.0	0.0	0.0	0.307112567803025	0.0
semibin_ERR6275663.75_sub	0.0	0.0	0.0	0.0	0.0	0.6103552913901269	0.0	0.0	0.0	0.0	0.0
semibin_ERR6271719.38	0.0	0.0	0.0	0.0	0.4523581637966966	0.0	0.0	0.0	0.0	0.0	0.0
semibin_ERR6267712.45	0.0	0.0	0.0	0.0	0.12699246237484524	0.1096027184889624	0.0	0.34140799301768027	0.0	0.0	0.0
semibin_ERR6267712.36	0.0	0.0	0.0	0.0	0.0	0.0	0.0	0.0	0.0	0.0	0.08169377145308239
semibin_ERR6267712.18	0.0	0.0	0.0	0.1569238319227261	0.0	0.0	0.0	0.0	0.0	0.0	0.0
semibin_ERR6264281.17	0.0	0.0	0.3300274121691756	0.0	0.0	0.0	0.0	0.343129974557497	0.0	0.0	0.0
semibin_ERR6264280.63	0.0	0.0	0.0	0.0	0.0	1.2442482724424129	0.0	0.0	0.0	0.0	0.0
semibin_ERR6264280.18	0.0	0.0	0.0	0.1958537626486357	0.0	0.0	0.0	0.0	0.0	0.0	0.0
semibin_ERR6248618.3	0.0	0.0	0.0	0.10580349294381734	0.0	0.0	0.0	0.0	0.0	0.0	0.0
semibin_ERR6243877.15_sub	0.0	0.0	0.0	0.12582309178696688	0.0	0.0	0.0	0.0	0.0	0.0	0.0
semibin_ERR6239139.3	0.0	0.0	0.0	0.0	0.5224148594376243	0.0	0.0	0.0	0.0	0.0	0.0
semibin_ERR6235718.4	0.3721282522612962	0.0	0.0	0.0	0.0	0.0	0.0	0.0	0.0	0.0	0.0
semibin_ERR6235716.2	0.4317893724562789	0.0	0.0	0.0	0.0	0.0	0.0	0.0	0.0	0.0	0.0
semibin_ERR6233695.43_sub	0.0	0.10967013234775118	0.0	0.0	0.10985648722237498	0.0	0.0	0.1764897524332234	0.0	0.0	0.26262436280913226
semibin_ERR6233695.19	0.0	0.0	0.0	0.0	0.4180170875834409	0.0	0.0	0.0	0.0	0.0	0.0
semibin_ERR6233693.7	0.0	0.0	0.0	0.1760720989026911	0.09329406755356973	0.12155419280826257	0.0	0.0	0.7548169813320829	0.0	0.2068458293928288
semibin_ERR6232528.6	0.4062102246766492	0.0	0.0	0.0	0.0	0.0	0.0	0.0	0.0	0.0	0.0
semibin_ERR6232458.16	0.0	0.0	0.0	0.21560918811611032	0.10408238652699499	0.12933937559189218	0.0	0.0	1.0043717170007347	0.0	0.24905281902851198
semibin_ERR6232458.12	0.0	0.0	0.0	0.0	0.0	0.0	0.1007914480748939	0.0	0.0	0.0	0.09032746032004194
semibin_ERR6232382.49_sub	0.0	0.9683019405671914	0.0	0.0	0.0	0.0	0.0	0.0	0.0	0.0	0.0
semibin_ERR6229432.26	0.0	0.0	0.0	0.0	0.0	0.0	0.0	0.0	0.0	0.0	0.05777460876214178
semibin_ERR2162223.6	0.2580533137568624	0.0	0.4685765978165308	0.0	0.0	0.0	0.0	0.27740336488103307	0.0	0.0	0.12753425289341386
semibin_ERR2162223.3	0.0	0.0	0.0	0.0	0.0	0.0	0.0	0.9610595729596183	0.0	0.0	0.0
semibin_ERR2162218.39	0.0	0.0	0.0	0.0	0.27432206222907407	0.0	0.0	0.4868403639235205	0.0	0.0	0.0
semibin_ERR2162217.22	0.0	0.0	0.0	0.0	0.14294771060430353	0.2081171659945966	0.0	0.0	0.6048276080607184	0.0	0.0
semibin_ERR2162216.32	0.0	0.0	0.0	0.3011150299149701	0.0	0.0	0.0	0.07300485087224996	0.0	0.0	0.0
semibin_ERR2162215.9	0.0	0.0	0.0	0.0	0.0	0.0	0.7378855123091258	0.0	0.0	0.0	0.0
semibin_ERR2162215.11	0.34877623988416345	0.0	0.0	0.0	0.0	0.0	0.0	0.0	0.3798232029779186	0.0	0.0
semibin_ERR2162212.41	0.0	0.0	0.0	0.0	0.12736033144354866	0.0	0.0	0.0	0.0	0.0	0.0
semibin_ERR2162208.7	0.0	0.0	0.0	0.0	0.24776256517505554	0.0	0.0	0.0	0.0	0.0	0.148015867337293
semibin_ERR2162202.9	0.0	0.0	0.0	0.0	0.12093510657752189	0.0	0.0	0.0	0.0	0.0	0.0
semibin_ERR2162202.11	0.0	0.0	0.0	0.0	0.6602944159315548	0.0	0.0	0.0	0.0	0.0	0.10274855735853412
semibin_ERR12406009.9_sub	0.0	0.0	0.0	0.0	0.08146591626129392	0.0	0.0	0.0	0.0	0.0	0.0
semibin_ERR12406007.1	0.0	0.0	0.0	0.0	0.0	0.13783631331755897	0.0	0.0	0.0	0.0	0.0
semibin_ERR12405998.55	0.0	0.0	0.0	0.0	0.0	0.7235523157001283	0.0	0.40838623024591847	0.0	0.0	0.0
semibin_ERR12405995.25	0.0	0.0	0.0	0.0	0.0	0.0	0.0	0.3751825412866483	0.0	0.0	0.0
semibin_ERR12405995.13	0.0	0.0	0.0	0.0	0.14342031452789375	0.44360893278536506	0.0	0.0	0.0	0.0	0.0
semibin_ERR12405985.19	0.0	0.0	0.0	0.0	0.10923750413164751	0.3631705036454528	0.0	0.0	0.0	0.0	0.20973555006218647
semibin_ERR12405984.5	0.0	0.0	0.48493863938099846	0.0	0.15225232477044562	0.0	0.0	0.4461709818945999	0.0	0.0	0.0
semibin_ERR12405979.43_sub	0.0	0.0	0.0	0.0	0.12544552953009971	0.0	0.0	0.0	0.0	0.0	0.0
semibin_ERR12405974.45	0.0	0.0	0.0	0.0	0.47547646756394296	0.265155072652048	0.0	0.0	0.0	0.0	0.0
semibin_ERR12405973.6	0.0	0.0	0.0	0.0	0.2308008345584209	0.37239866110612413	0.0	0.0	0.0	0.0	0.0
semibin_ERR12405973.32	0.0	0.0	0.0	0.0	0.0	0.33179183213478086	0.0	0.0	0.0	0.0	0.0
semibin_ERR12405972.8	0.0	0.0	0.3792327051433625	0.0	0.0	0.0	0.0	0.3839151606839165	0.0	0.0	0.0
semibin_ERR12405970.2_sub	0.0	0.0	0.0	0.0	0.0	0.1534552812443181	0.0	0.0	0.0	0.0	0.0
semibin_ERR12405970.21	0.4074748037404604	0.0	0.0	0.0	0.0	0.0	0.0	0.0	0.0	0.0	0.0
semibin_ERR12405969.55	0.0	0.0	0.0	0.0	0.0	0.0	0.7811818033423557	0.0	0.0	0.0	0.0
semibin_ERR12405968.41	0.141624136904367	0.0	0.0	0.0	0.0	0.0	0.0	0.0	0.0	0.0	0.0
semibin_ERR12405967.93	12.663707683517531	0.0	0.0	0.0	0.0	0.0	0.0	0.0	0.0	0.0	0.0
semibin_ERR12405966.12	0.0	0.0	0.419855487050828	0.0	0.0	0.0	0.0	0.0	0.0	0.0	0.0
semibin_ERR12405964.2	0.0	0.0	0.0	0.0	0.1460301938300807	0.0	0.0	0.19273904800615568	0.0	1.5563090064055	0.0
semibin_ERR12405963.13	0.0	0.0	0.0	0.0	0.11085688805272122	0.3523317975827153	0.0	0.0	0.0	0.0	0.18584910500099067
semibin_ERR12405959.9	0.0	0.0	0.172821120910622	0.0	0.0	0.0	0.0	0.0	0.0	0.0	0.0
semibin_ERR12405952.9	0.0	0.0	0.0	0.0	0.1835660861580019	0.0	0.0	0.0	0.0	0.0	0.0
semibin_ERR12405952.2	0.0	0.0	0.0	0.24520148083249088	0.0	0.0	0.0	0.0	0.0	0.0	0.0
semibin_ERR12405949.11_sub	0.0	0.0	0.3769418636249472	0.0	0.0	0.0	0.0	0.0	0.0	0.0	0.0
semibin_ERR12405947.71	0.0	0.0	0.0	0.0	0.6993733304411556	0.0	0.0	0.0	0.0	0.0	0.10486883889176805
semibin_ERR12405947.70	0.35518772456640474	0.0	0.0	0.0	0.0	0.18211664282328285	0.0	0.0	0.4153891302217085	0.0	0.0
semibin_ERR12405947.16	0.0	0.0	0.0	0.0	0.0	0.0	0.3104360077726156	0.0	0.0	0.0	0.0
semibin_ERR12405946.2	0.37890636260499855	0.0	0.0	0.0	0.0	0.0	0.0	0.0	0.0	0.0	0.0
semibin_ERR12405940.4	0.3274564388023011	0.0	0.0	0.0	0.0	0.0	0.0	0.0	0.41450144583628606	0.0	0.0
semibin_ERR12405939.29	2.4782353282316842	0.0	3.332202380407791	5.978245502224539	0.7227649976026893	0.12558713095729174	2.7246976300782593	2.028171811775958	0.0	1.7976779410268344	0.3126417307211726
semibin_ERR12405937.0_sub	0.0	0.0	0.0	0.0	0.0	0.0	0.0	0.0	0.23605118110477172	0.0	0.0
semibin_ERR12405934.44_sub	0.0	0.0	0.0	0.0	0.0	0.0	0.0	0.0	0.0	0.0	1.6071999871343146
semibin_ERR12405934.0	0.0	0.0	0.0	0.0	0.0	0.1479755204099355	0.0	0.0	0.0	0.0	0.0
semibin_ERR12405923.28	0.0	0.0	0.0	0.0	0.09199864255694386	0.0	0.0	0.0	0.0	0.0	0.0
semibin_ERR12405918.19	0.0	0.0	0.0	0.0	0.0	0.0	0.0	0.0	0.22773424894660205	0.0	0.0
semibin_ERR12405918.0	0.0	0.16188506239308723	0.0	0.0	0.0	0.0	0.0	0.0	0.0	0.09226397647054721	0.0
semibin_ERR12405916.3	0.38651330617803853	0.0	0.0	0.0	0.0	0.0	0.0	0.0	0.0	0.0	0.0
semibin_ERR12405916.16	0.0	0.0	0.0	0.0	0.0	0.19670870238655105	0.0	0.0	0.0	0.0	0.0
semibin_ERR12405910.1	0.0	0.0	0.0	0.0	0.0	0.8598002336829392	0.0	0.0	0.0	0.0	0.0
metabat_SRR8387712.32_sub	0.0	0.0	0.0	0.0	0.0	0.0	0.0	0.0	0.0	0.0	4.33338378151118
metabat_SRR8387712.29	0.0	0.0	0.0	0.0	0.0	0.0	0.0	0.0	0.0	0.0	0.4904913258837639
metabat_SRR8387710.43	0.0	0.0	0.0	0.0	0.0	0.0	0.0	0.0	0.0	1.1522193861490235	0.0
metabat_SRR8387710.39	0.0	0.0	0.0	0.0	0.0	0.0	0.0	0.0	0.0	0.6589697669650332	0.0
metabat_SRR8387710.29	0.0	0.0	0.0	0.0	0.0	0.0	0.0	0.0	0.0	1.3961718398910883	0.0
metabat_SRR8387683.37	0.0	0.0	0.0	0.0	0.07131801172961467	1.253381847303172	0.0	0.0	0.0	0.0	0.0
metabat_SRR8387681.33_sub	0.0	0.0	0.0	0.0	0.46840339350349064	0.45841361989983487	0.0	0.0	0.0	0.0	0.1513024246864416
metabat_SRR8387681.3	0.0	0.0	0.0	0.0	0.7726774382496915	0.0	0.0	0.0	0.0	0.0	0.18667034492359258
metabat_SRR8387677.42	0.0	0.0	1.033060963480923	0.0	0.0	0.0	0.0	0.0	0.0	0.10841102280799664	0.0
metabat_SRR8387677.1_sub	0.0	0.0	1.461047527458214	0.0	0.0	0.0	0.0	2.284867859872386	0.0	0.0	0.0
metabat_SRR8387676.9	0.0	0.8983864853676005	0.0	0.0	0.0	0.0	0.0	0.0	0.0	0.0	0.0
metabat_SRR8387676.31	0.0	0.7851385390373936	0.0	0.0	0.0	0.0	0.0	0.0	0.0	0.0	0.0
metabat_SRR8387676.2	0.5374458224818887	0.7228759808712771	0.0	0.0	0.10075055419735131	0.0	0.0	0.0	0.0	0.0	0.0
metabat_SRR6000949.51_sub	0.0	0.0	0.0	0.0	0.09283324016842767	0.11923515916945293	0.0	0.0	0.7606175249185084	0.0	0.22648836087141255
metabat_SRR6000949.15_sub	0.0	0.2670131938093354	0.1559974894080387	0.0	0.0	0.04699447545295781	0.0	0.0	0.0	0.0	0.0
metabat_SRR6000947.61	0.0	0.0	0.0	0.0	0.06281434868203974	0.5855943882725201	0.0	0.0	0.0	0.0	0.0
metabat_SRR6000940.58	0.0	0.0	0.0	0.0	0.0	0.0	0.0	0.0	0.0	0.21241130912730471	0.0
metabat_SRR6000940.44	0.0	0.0	0.0	0.0	0.3028329382692308	0.0	0.0	0.0	0.0	0.0	0.1498731363417817
metabat_SRR6000940.3	0.15936841386529177	0.0	0.0	0.0	0.0	0.0	0.0	0.0	0.0	0.0	0.0
metabat_SRR6000932.13	0.0	0.0	0.0	0.0	0.23471624665515584	0.12043862138681773	0.0	0.0	0.0	0.0	0.0
metabat_SRR6000921.8	0.0	1.1711753047352411	0.0	0.0	0.0	0.0	0.0	0.3720555729078986	0.0	0.0	0.0
metabat_SRR6000920.5_sub	0.0	0.0	0.6354989408988897	0.0	0.059169160026005654	0.0	0.0	0.09676106048849807	0.0	0.0	0.0720777514676725
metabat_SRR6000908.20	0.41213471116505396	0.0	0.0	0.0	0.49123103788916467	0.0	0.0	0.0	0.0	0.0	0.0
metabat_SRR6000907.39	0.0	0.0	0.0	0.0	0.0	0.0	0.0	0.12067117136557298	0.3728265620134045	0.38388604700212803	0.07300903998128411
metabat_SRR6000907.1_sub	0.0	0.0	0.0	0.8947239207584758	0.1243131293863432	0.0	0.9195094166361825	0.0	0.0	0.0	0.0
metabat_SRR6000905.24	0.0	0.0	0.0	0.0	0.10408237128260393	0.0	0.0	0.3779735465672282	0.0	0.0	0.0
metabat_SRR6000902.41_sub	0.0	1.207606072842319	0.0	0.0	0.0	0.0	0.0	0.3700361368583139	0.0	0.0	0.0
metabat_SRR6000895.57	0.0	0.0	0.0	0.0	0.0	0.3483808242701089	0.0	0.0	0.0	0.0	0.0
metabat_SRR6000893.52	0.0	0.0	0.0	0.0	0.2466606251895242	0.0	0.0	0.0	0.0	0.0	0.18214689549580224
metabat_SRR6000877.7	0.0	0.0	0.0	0.0	0.420317823451287	0.0	0.0	0.5487976503861386	0.0	0.0	0.0
metabat_SRR6000877.22	0.0	0.0	0.0	0.0	0.06020604833170145	0.0	0.0	0.0	0.0	0.0	0.0
metabat_SRR5930536.13	0.17273338962426973	0.46035716400207394	0.31628716666479084	0.19169347821370683	0.0	0.0	0.1657677426176065	0.16518311338544847	0.33331145328491096	0.0	0.0
metabat_SRR5930533.11	0.0	0.0	0.0	0.0	0.23396475333642935	0.0	0.0	0.0	0.0	0.0	0.16743562135160442
metabat_SRR5930532.34_sub	0.0	0.0	0.6111296835725418	0.0	0.0	0.0	0.0	0.0	0.8429638164859737	0.0	0.0
metabat_SRR5930532.1_sub	0.0	0.28602228511757105	0.0	0.0	0.0	0.0	0.0	0.0	0.0	0.0	0.0
metabat_SRR5930530.79	0.4416934333671223	0.40056345084112543	0.0	0.0	0.09974210685570013	0.0	0.0	0.0	0.0	0.0	0.0
metabat_SRR5930530.66	0.12515686487127792	0.0	0.0	0.0	0.0	0.0	0.0	0.0	0.0	0.15422237271257402	0.06968117593037008
metabat_SRR5930529.8	0.23162713116744285	0.0	0.23107011795246785	0.0	0.0	0.0	0.0	0.0	2.9200182945110855	0.0	0.0
metabat_SRR5930529.63_sub	0.0	0.0	0.0	0.0	0.0	0.11706912188612853	0.0	0.0	0.0	0.0	0.0
metabat_SRR5930528.91	0.0	1.0669415722820643	0.0	0.0	0.0	0.0	0.0	0.0	0.0	0.0	0.0
metabat_SRR5930528.90	0.0	0.0	0.0	0.0	0.0	0.0	0.0	0.2012296421028466	0.0	0.0	0.0
metabat_SRR5930528.60	0.0	0.0	0.0	0.0	0.0	0.0	0.0	0.0	0.0	0.11054563123088489	0.0
metabat_SRR5930528.37	0.0	0.132484901773968	0.0	0.0	0.0	0.0	0.0	0.0	0.0	0.0	0.0
metabat_SRR5930527.86	0.0	0.0	0.0	0.0	0.0	0.16982257720264526	0.0	0.0	0.0	0.0	0.0
metabat_SRR5930527.85	0.0	0.0	0.0	0.0	0.0	0.0	0.0	0.14839823765036153	0.0	0.0	0.0
metabat_SRR5930527.48	0.0	0.0	0.0	0.0	0.24583057565663324	0.0	0.0	0.15270009710202487	0.0	0.0	0.0
metabat_SRR5930526.94	0.0	0.0	0.0	0.0	0.0	0.05044074387027386	0.29050328385603225	0.0	0.0	0.0	0.0
metabat_SRR5930523.5	0.397266345372838	0.0	0.0	0.0	0.3351768183430719	0.0	8.857644415944257	0.0	0.6040428122884401	0.48539695634376606	0.24805384691386925
metabat_SRR5930522.11	0.0	0.0	0.0	0.0	0.0	0.0	0.0	0.0	0.0	0.0	0.26219864915750835
metabat_SRR5930519.59	0.0	0.0	0.24773073128097306	0.0	0.0	0.0	0.0	0.0	0.0	0.0	0.0
metabat_SRR5930516.91	0.0	0.0	0.0	0.0	0.0	0.0	2.0326672890591073	0.0	0.0	0.0	0.0
metabat_SRR5930515.8	0.0	0.0	0.0	0.0	0.0	0.06441314092978989	0.0	0.1921737031579502	0.0	0.0	0.0
metabat_SRR5930515.56	0.0	0.0	0.0	0.0	0.0	0.5111371042545342	0.0	0.0	0.0	0.0	0.0
metabat_SRR5930514.58	0.0	0.0	0.0	0.0	0.31351553090832407	0.0	0.0	0.0	0.0	0.0	0.0
metabat_SRR5930511.52	0.0	1.750916554192319	0.0	0.0	0.0	0.0	0.0	0.36607594814257755	0.0	0.0	0.0
metabat_SRR5930506.102	0.0	0.0	0.0	0.0	0.0	0.09659043675659182	0.0	0.0	0.0	0.0	0.0
metabat_SRR5930504.26	0.0	1.2472237012307466	0.0	0.0	0.0	0.0	0.0	0.39401906584223934	0.0	0.0	0.0
metabat_SRR5930502.31	0.0	0.0	0.24692752240099064	0.0	0.0	0.0	0.24647704939157666	0.0	0.0	0.0	0.0
metabat_SRR5930501.50	0.0	0.0	0.0	0.0	0.0	0.0	0.0	0.0	0.0	0.0	1.6717042846748118
metabat_SRR5930498.97	0.0	0.0	0.0	0.0	0.0	0.0	0.0	0.0	0.0	0.7437473804126904	0.0
metabat_SRR5930498.86	0.0	0.0	0.0	0.0	0.0	0.0	0.0	0.26508165428549463	0.0	0.0	0.0
metabat_SRR5930498.82	0.0	0.0	0.0	0.0	0.0	0.11188726787010206	0.0	0.0	0.0	3.059513766869881	0.0
metabat_SRR5930498.113	0.1216837401300551	0.0	0.0	0.0	0.0	0.0	0.0	0.0	0.0	0.0	0.0
metabat_SRR5930497.69	0.0	0.0	0.0	0.0	0.13838904343377542	0.4663945834377927	0.0	0.0	0.0	0.0	0.0
metabat_SRR5930494.64	0.0	0.5373167826311979	0.28261038966965546	0.0	0.05723125973690568	0.0	0.0	0.0	0.0	0.0	0.0
metabat_SRR5930494.40_sub	0.0	0.0	0.0	0.12902634236640428	0.0	0.0	0.0	0.0	0.0	0.0	0.0
metabat_SRR5930494.25_sub	0.0	0.0	0.0	0.0	0.35311757784616365	0.0	0.0	0.0	0.0	0.0	0.19213280845704123
metabat_SRR25825519.12_sub	0.0	0.0	0.0	0.0	0.0	0.0	0.14124426347320143	0.0	0.0	0.0	0.0
metabat_SRR25825515.43_sub	0.0	0.0	0.0	0.0	0.0	1.157462258070856	0.0	0.0	0.0	0.0	0.0
metabat_SRR25825515.13	0.0	0.0	0.0	0.0	0.09558750749751047	0.0	0.0	0.0	0.0	0.0	0.0
metabat_SRR25825512.4	0.0	0.0	0.0	0.0	0.0	0.6668446793154829	0.0	0.0	0.0	0.0	0.0
metabat_SRR25825510.42_sub	0.0	0.0	0.0	0.0	0.23334613430490916	0.0	0.0	0.42035619360567544	0.0	0.0	0.0
metabat_SRR25825510.14_sub	0.0	0.0	0.0	0.0	0.0	0.27026627443384044	0.0	0.0	0.0	0.0	0.0
metabat_SRR25825510.12_sub	0.0	0.0	0.0	0.0	0.0	0.085703255303422	0.0	0.0	0.0	0.0	0.0
metabat_SRR25825507.13_sub	0.06595587529716887	0.0	0.0	0.0	0.0609508310709659	0.18802003861906288	0.0	0.0	0.0	0.0	0.0
metabat_SRR25825504.22_sub	0.0	0.0	0.0	0.0	0.27536804097411505	0.40996965888705594	0.0	0.0	0.0	0.0	0.0
metabat_SRR25825500.41_sub	0.13456151759426088	0.0	0.0	0.0	0.0	0.0	0.0	0.0	0.0	0.0	0.07718419557095503
metabat_SRR25825493.27	0.0	0.5863334531870874	0.2850009057867375	0.0	0.058552247640472836	0.0	0.0	0.0	0.0	0.0	0.0
metabat_SRR25825493.23	0.0	0.0	0.0	0.0	0.0	0.0	0.0	0.0	0.2168461063345951	0.0	0.0
metabat_SRR23364240.7	0.0	0.0	0.0	0.0	0.45064468934604524	0.0	0.0	0.0	0.0	0.0	0.0
metabat_SRR23364240.2	0.1562079527233836	0.0	0.0	0.0	0.0	0.09357318955778139	0.0	0.0	0.0	0.0	0.0
metabat_SRR23364239.1	0.0	0.0	0.0	0.0	0.10384372158242541	0.0	0.0	0.0	0.0	0.0	0.0
metabat_SRR23364235.43	1.0549681795562853	0.0	0.0	0.0	0.0	0.0	0.0	0.0	0.0	0.0	0.0
metabat_SRR23364233.36	0.0	0.0	0.0	0.0	0.6567734001398952	0.0	0.0	0.0	0.0	0.0	0.09484781764581988
metabat_SRR23364231.73	0.0	0.0	0.0	0.0	0.07518191861245377	0.0	0.0	0.0	0.0	0.0	0.0
metabat_SRR23364213.66	0.0	0.0	0.0	0.0	0.0	0.09981448172259257	0.0	0.0	0.0	0.0	0.0
metabat_SRR23364201.31	0.0	0.0	0.0	0.0	0.41493694338196907	0.0	0.0	0.0	0.0	0.0	0.0
metabat_SRR23364199.7	0.0	0.0	0.0	0.0	0.44511065199824246	0.0	0.0	0.0	0.0	0.0	0.0
metabat_SRR23364199.53_sub	0.0	0.0	0.0	0.0	0.0	0.40934605340822827	0.0	0.0	0.0	0.0	0.0
metabat_SRR23364198.6	0.0	0.0	0.0	0.0	0.4655808155440268	0.0	0.0	0.4518850498904192	0.0	0.0	0.0
metabat_SRR23364191.23_sub	0.14732670719836075	0.0	0.0	0.0	0.0	0.0	0.0	0.0	0.0	0.0	0.0
metabat_SRR23364187.17_sub	0.0	0.0	0.0	0.0	0.0	0.0	0.0	1.9887604067209432	0.0	0.0	0.0
metabat_SRR23364176.34	0.0	0.0	0.0	0.0	0.0	0.0	0.0	0.0	0.0	0.0	0.08772435203101928
metabat_SRR23364171.43_sub	0.0	0.0	0.8738737393616254	0.0	0.0	0.0	0.0	0.0	0.0	0.0	0.3210714104418475
metabat_SRR23364171.30	0.13736706964856826	0.0	0.0	0.0	0.0	0.0	0.0	0.0	0.0	0.0	0.0
metabat_SRR20881987.29	0.0	0.0	0.30079965987262247	0.0	0.0	0.0	0.0	0.3718522677837583	0.0	0.0	0.23978822063612243
metabat_SRR20881986.45	0.5054974254465616	0.0	0.0	0.0	0.5867253048142234	0.0	0.0	0.0	0.0	0.0	0.37475593722584877
metabat_SRR20881986.23	0.0	0.0	0.0	0.0	0.0	0.0	0.0	0.0	0.0	0.11051699124126904	0.0
metabat_SRR20881983.26_sub	0.0	0.0	0.0	0.6879350613029886	0.0	0.0	0.0	0.10306910894458907	0.0	0.0	0.0
metabat_SRR20881983.15_sub	0.0	0.1300364122390253	0.0	0.0	0.0	0.0	0.0	0.0	0.09203270318024154	0.0	0.0
metabat_SRR20881978.24	0.5532496529623848	0.0	1.2174191923264288	0.0	0.1026107459859387	0.0	0.0	0.40767864712310875	0.0	0.3489635990513569	0.16274939600441235
metabat_SRR20881977.25_sub	0.0	0.0	0.0	0.0	0.06522029783563325	0.0	0.0	0.0	0.0	0.0	0.0
metabat_SRR20881975.42	0.0	0.12353902356880053	0.0	0.0	0.0	0.0	0.0	0.0	0.0	0.0	0.0
metabat_SRR20881974.5	0.0	0.0	0.0	0.0	0.0	0.0	0.0	0.3955536016212841	0.0	0.0	0.0
metabat_SRR16554786.38	0.0	0.0	0.0	0.0	0.15466672932212758	0.4832221079486332	0.0	0.0	0.0	0.0	0.0
metabat_SRR16554786.10	0.0	0.0	0.3231172866637993	0.3363457289964608	0.0	0.0	0.0	0.3572047374665794	0.0	0.0	0.0
metabat_SRR16554785.21	0.0	0.0	0.0	0.0	0.0	0.0	0.0	0.0	0.0	0.0	1.7146946996691954
metabat_SRR16554785.19	0.0	0.0	0.0	0.0	0.0	0.0	0.0	0.0	0.0	0.0	0.30080291503952
metabat_SRR16554779.30	2.1864176211386397	0.0	3.2485715355179345	5.941658581480163	0.7746626953944815	0.13261951661846097	2.4175632543229013	2.132024950074609	0.0	1.6976759773991088	0.2592332053804257
metabat_SRR16554779.24	0.0	0.0	0.0	0.0	0.0	0.0	0.0	0.3262965228352961	0.42538013614678427	0.11274992888609847	0.0
metabat_SRR16554779.19	0.0	0.0	0.4177171061925885	0.0	0.0	0.0	0.0	0.0	0.0	0.0	0.0
metabat_SRR16554771.7_sub	0.0	0.0	0.0	0.0	0.0	0.0	0.0	0.0	0.11312875978250449	0.0	0.0
metabat_SRR16554771.5	0.0	0.0	0.26240584085080726	0.0	0.0	0.0	0.0	0.3474102946703142	0.0	0.0	0.2545175057109074
metabat_SRR16554771.26	0.0	0.0	0.0	0.0	0.0	0.08136504818173874	0.0	0.2806745134655685	0.0	0.2721110068011628	0.1891314926374591
metabat_SRR16554769.49	0.0	0.0	0.0	0.0	0.0	0.6600712356066303	0.0	0.0	0.0	0.0	0.0
metabat_SRR16554769.19	0.2664868120843974	0.0	0.0	0.0	0.0	0.0	0.0	0.0	0.0	0.0	0.0
metabat_SRR16554766.13	0.14997947808424378	0.0	0.0	0.0	0.0	0.09400836748882979	0.0	0.0	0.0	0.0	0.0
metabat_SRR16554765.3	0.0	0.0	0.0	0.0	0.13395912947474378	0.7064664313463501	0.0	0.0	0.0	0.0	0.0
metabat_SRR16554765.17	0.0	0.0	0.0	0.0	0.11222417937708982	0.34882097522080774	0.0	0.0	0.0	0.0	0.0
metabat_SRR16554760.38	0.0	0.0	0.0	0.0	0.0	0.0	0.0	0.0	0.0	0.4407869494562867	0.0
metabat_SRR16554747.15	0.4975805353196706	0.42418438527936975	0.0	0.0	0.09839632245604645	0.0	0.0	0.0	0.0	0.0	0.0
metabat_SRR16554746.22	0.0	0.0	0.0	0.0	0.18245992792315802	0.0	0.0	0.0	0.0	0.0	0.0
metabat_SRR16554744.3	0.0	0.0	0.0	0.0	0.0	0.18763453839721259	0.6852499377438936	1.312764625565302	0.0	1.1897001659798576	0.0
metabat_SRR16554744.18	0.0	0.0	0.0	0.0	0.0	0.0	0.0	0.4240014427979185	0.0	0.0	0.0
metabat_SRR16554728.6	1.0345916460372209	0.0	0.0	0.0	0.0	0.0	0.0	0.0	0.0	0.0	9.825296972072335
metabat_SRR16554726.7	0.0	0.0	0.0	0.0	0.0	0.576688764050328	0.0	0.0	0.0	0.0	0.0
metabat_SRR16554713.7	0.0	0.0	0.0	0.0	0.6184555757586928	0.0	0.0	0.0	0.0	0.0	0.11073321537617788
metabat_SRR16554713.13	0.0	0.0	0.0	0.0	0.19568078650019127	0.14757365138760928	0.0	0.0	0.0	0.5435197494433417	0.1324150103885761
metabat_SRR16554711.16	0.0	0.0	0.0	0.2585822802152808	0.0	0.0	0.0	0.0	0.49108202098707104	0.0	0.0
metabat_SRR16554704.2	0.0	0.0	0.0	0.0	0.0	0.61162169725492	0.0	0.47198684864313506	0.0	0.0	0.0
metabat_SRR16554694.1	0.062141646173135896	0.0	0.0	0.0	0.0	0.0	0.0	0.0	0.0	0.0	0.0
metabat_SRR16554687.19	0.0	0.0	0.0	0.0	0.14441088159304263	0.4514170787573835	0.0	0.0	0.0	0.0	0.0
metabat_SRR16554674.5	0.8511604426686213	0.0	0.0	4.5317268388508625	1.6187365495644648	2.6228670512059593	2.9404443870173997	4.101314790649412	7.3077450849517485	1.6989354108744557	0.0
metabat_SRR16554671.17_sub	0.0	0.0	0.0	0.0	0.23002353539237128	0.0	0.0	0.0	0.0	0.0	0.0
metabat_SRR16554669.41_sub	0.0	0.0	0.0	0.2380090389545973	0.10851575535482215	0.13310148748685233	0.0	0.0	1.0349033777657204	0.0	0.24941658573304112
metabat_SRR16554665.10	0.0	0.0	0.0	0.0	0.0	0.0	0.0	0.10617466234948453	0.3486967637408204	0.1533587949801927	0.06616540933339193
metabat_SRR16554662.30_sub	0.07769324172526854	0.0	0.0	0.19936344647430973	0.0	0.0	0.0	0.0	0.0	0.0	0.0
metabat_SRR16554657.23	0.0	0.0	0.0	0.0	0.0	0.0	0.0	0.0	0.0	0.0	1.6573799918669032
metabat_SRR16554654.18	0.0	0.0	0.3956812353643781	0.08320972723447051	0.16339385428306588	0.0	0.16658704347701211	0.11088753942336078	0.37263877196556044	0.0	0.09162814116166731
metabat_SRR16554652.48	0.0	0.0	0.24736952355632777	0.0	0.08258531113528314	0.0	0.0	0.0	0.0	0.0	0.0
metabat_SRR16554652.47	0.0	1.2954495205421035	0.0	0.0	0.0	0.0	0.0	0.2919396014807581	0.0	0.0	0.0
metabat_SRR16554652.18	0.0	0.0	0.0	0.0	0.237988329957715	0.0	0.0	0.0	0.0	0.0	0.172095191101372
metabat_SRR16554651.26	0.0	0.0	0.0	0.0	0.0	0.09770054741959222	0.0	0.0	0.0	0.0	0.0
metabat_SRR16554651.15	0.0	0.0	0.0	0.0	0.0	1.1262811019957168	0.0	0.0	0.0	0.0	0.0
metabat_SRR16554643.9	0.0	0.0	0.0	0.0	0.0	0.0	0.0	0.0	0.0	21.63677556423591	0.0
metabat_SRR16554638.9	0.0	0.0	0.0	0.0	0.0	0.0	0.0	0.22324774137741193	0.34105457503345804	0.0	0.0
metabat_SRR16554636.19	0.07792980411459846	0.0	0.0	0.0	0.0	0.0	0.0	0.0	0.0	0.0	0.0
metabat_SRR16554636.13	0.0	0.400125703324143	0.0	0.0	0.0	0.0	0.0	0.0	0.0	0.0	0.0
metabat_SRR16554633.8	0.0	0.0	0.0	0.0	0.0	0.10827098338465624	0.0	0.0	0.0	0.0	0.0
metabat_SRR16554627.10	0.0	0.0	0.0	0.0	0.0	0.0	0.0	0.0	0.0	0.7671963342441084	0.0
metabat_SRR16554626.8	0.0	0.0	0.0	0.0	0.269357871891412	0.0	0.0	0.6331259292533221	0.0	0.0	0.0
metabat_SRR16554626.7	0.0	0.0	0.0	0.0	0.12883881602297612	0.0	0.0	0.0	0.0	0.0	0.0
metabat_SRR16554625.19	0.0	0.0	0.0	0.0	0.0	0.0	0.0	0.0	0.0	0.0	0.1448263375668792
metabat_SRR16168986.30_sub	0.0	0.0	0.0	0.0	0.3996769897657196	0.20258392208922102	0.0	0.0	0.0	0.0	0.0
metabat_SRR16168985.46	0.0	0.0	0.0	0.0	0.0	0.0	0.0	0.0	0.0	0.21736015257609947	0.0
metabat_SRR16168984.8_sub	0.0	0.0	0.0	0.0	0.0	0.0	0.0	0.2845047852155365	0.0	0.0	0.2503195052810937
metabat_SRR16168982.24	0.16096839193726187	0.4655961748004466	0.28538954994663124	0.15280079272925517	0.0	0.0	0.14871255644981005	0.18899714484552968	0.32619907066266546	0.0	0.0
metabat_SRR16168976.72	0.0	0.0	0.0	0.0	0.0	0.0	1.4012388479299476	0.0	0.0	0.0	0.0
metabat_SRR16168974.17	0.0	0.14966573779936937	0.0	0.0	0.0	0.0	0.0	0.0	0.0	0.0	0.0
metabat_SRR16168938.30	0.0	0.0	0.0	0.5010772002350664	0.0	0.0	0.0	0.2153618211538528	0.0	0.0	0.0
metabat_SRR16168930.22_sub	0.0	0.0	0.0	0.0	0.0	0.43893561577838486	0.0	0.0	0.0	0.0	0.0
metabat_SRR16168902.18	0.0	0.0	0.0	0.0	0.0	0.0	0.0	0.0	0.0	0.7867274990286853	0.0
metabat_SRR16168896.4	0.0	0.0	0.0	0.24489859836350936	0.0	0.0	0.0	0.07123764838371116	0.0	0.7699300087539098	0.0
metabat_SRR13068853.24	0.0	0.0	0.0	0.20106416140382463	0.09595505026575936	0.11524352728341457	0.0	0.0	0.8463390199409743	0.0	0.21896239094292816
metabat_SRR13068852.52	0.0	0.0	0.0	0.0	0.12963032528561078	0.40661066444456834	0.0	0.0	0.0	0.0	0.0
metabat_SRR13068851.17	0.0	0.0	0.0	0.0	0.41080331648249513	0.3934589723912008	0.0	0.0	0.0	0.0	0.0
metabat_SRR13068850.8	0.0	0.0	0.0	0.0	0.4240324829661586	0.0	0.0	0.0	0.0	0.0	0.0
metabat_SRR13068849.40	0.0	0.0	0.0	0.0	0.0	0.0	0.0	0.0	0.0	0.0	0.28502852533505246
metabat_SRR13068843.53_sub	0.0	0.0	0.0	0.1251920867471672	0.0	0.0	0.0	0.0	0.0	0.0	0.0
metabat_SRR13068843.21	0.0	0.0	0.0	0.49726811675478383	0.0	0.0	0.0	0.0	0.0	0.0	0.0
metabat_SRR13068834.43_sub	0.0	0.0	0.0	0.0	0.0	0.06330738067757688	0.0	0.0	0.0	0.0	0.0
metabat_SRR13068834.42	0.0	0.0	0.0	0.0	0.0	0.0	0.0	0.0	0.0	0.0	0.2675102830387694
metabat_SRR13068834.30	0.0	0.0	0.0	0.0	0.09101238288381641	0.11466109156045667	0.0	0.0	0.7687384854585211	0.0	0.2172980296389031
metabat_SRR13068832.4	0.0	0.0	0.0	0.1753337585141929	0.09872330107945813	0.12697711390400507	0.0	0.0	0.7874754444407837	0.0	0.24158679947180198
metabat_SRR13068829.36	0.0	0.0	0.0	0.0	0.08533533681705538	0.21912072587482004	0.0	0.3194723784908176	0.0	0.0	0.0
metabat_SRR13068828.29	0.0	0.0	0.0	0.0	0.0	0.04873013921693284	0.0	0.0	0.0	0.0	0.06543831007437433
metabat_SRR13068828.25	0.0	0.0	0.0	0.0	0.0	0.0	0.0	0.0	0.0	0.0	0.24133944842813357
metabat_SRR13068823.23	0.0	0.0	0.0	0.26452635270478775	0.0	0.0	0.0	0.0	0.0	0.0	0.0
metabat_SRR13068822.8	0.44154201112014707	0.0	0.0	0.0	0.0	0.0	0.0	0.0	0.0	0.0	0.0
metabat_SRR13022427.3_sub	0.0	0.0	0.0	0.0	0.0	0.0	0.0	0.0	0.0	0.0	1.553025788964891
metabat_SRR13022417.2	0.0	0.0	0.0	0.0	1.0008771635050948	0.0	0.0	0.0	0.0	0.555812878818812	0.6030160327580344
metabat_SRR13022401.12	0.0	0.0	0.0	0.0	0.0	0.3416750017829296	0.44886437681840696	0.8576525425602042	0.0	0.6804120228316853	0.0
metabat_SRR13022372.10_sub	0.0	0.0	0.0	0.0	0.13979771118064416	0.1276686024019327	0.0	0.3535789439947063	0.0	0.0	0.0
metabat_SRR13022352.3	2.3692122311337998	0.0	3.1825730259041904	6.110907158099723	0.8427093090449135	0.21837334574135409	2.4669682446052117	2.2938675121055283	0.0	1.8928464363462654	0.3182197140656254
metabat_SRR13022331.11	0.0	0.0	0.0	0.0	0.0	0.07928920298803735	0.0	0.1990283953787838	0.0	0.0	0.0
metabat_SRR13022323.1	0.0	0.0	0.17670559983601208	0.0	0.7026012821657254	0.0	0.0	0.0	0.0	0.0	0.14724327098580942
metabat_SRR13022266.9	0.0	0.0	0.0	0.0	0.0	0.0	0.0	0.06870707634008055	0.0	0.0	0.0
metabat_SRR11413690.35_sub	0.0	0.0	0.0	0.0	0.0	0.12212564999281969	0.0	0.0	0.0	0.0	0.0
metabat_SRR11413689.19	0.0	0.0	0.0	0.0	0.0	0.0	0.0	0.0	0.0	0.0	1.7592681952826101
metabat_SRR11413687.86	0.0	0.0	0.0	0.0	0.12829401687154007	0.41811434501577105	0.0	0.0	0.0	0.0	0.0
metabat_SRR11413686.6	0.0	0.0	0.0	0.0	0.24880601382996997	0.0	0.0	0.0	0.0	0.0	0.1629283791330965
metabat_SRR11413686.5	0.0	0.0	0.0	0.0	0.13000435968050375	0.4235495568087065	0.0	0.0	0.0	0.0	0.0
metabat_SRR11413685.32	0.0	0.0	0.0	0.0	0.08300665921372388	0.0	0.0	0.0	0.6667180444534394	0.0	0.18437604232304916
metabat_SRR11413685.13	0.0	0.0	0.0	0.0	0.0	0.0	0.0	0.0	0.0	0.23145931331121591	0.0
metabat_SRR11413684.1	0.0	0.0	0.0	0.0	0.0	0.33912896406357634	0.0	0.0	0.0	0.0	0.0
metabat_SRR11413657.18	0.0	0.42568093645642374	0.0	0.0	0.23306338001863847	0.0	0.0	0.719791959279254	0.0	0.0	0.22479348688590642
metabat_SRR11413655.33	0.0	0.0	0.0	0.0	0.4816658371746587	0.0	0.0	0.0	0.0	0.0	0.0
metabat_SRR11413653.56	0.0	0.0	0.0	0.0	0.0	0.30926459456921496	0.0	0.0	0.0	0.0	0.0
metabat_SRR11413649.62	0.0	0.0	0.0	0.0	0.15905094191212016	0.0	0.4027978533810592	0.0	0.0	0.0	1.7291052969298601
metabat_SRR11413647.31	0.0	0.0	0.0	0.1726768138430242	0.08706244155078621	0.11309872864101324	0.0	0.0	0.740979730475337	0.0	0.21179117154180577
metabat_SRR11413620.24	0.0	0.0	0.0	0.0	0.0	0.14097634689476835	0.0	0.0	0.0	0.0	0.0
metabat_SRR11413619.66	0.0	0.0	0.0	0.0	0.0	0.3394733266100517	0.0	0.0	0.0	0.0	0.0
metabat_SRR11413618.48	0.0	0.0	0.0	0.0	0.2586828307721959	0.0	0.0	0.0	0.0	0.0	0.0
metabat_SRR11413613.2	0.0	0.0	0.0	0.0	0.09491761452854532	0.0	0.0	0.0	0.0	0.0	0.0
metabat_SRR11413612.18	0.0	0.0	0.0	0.0	0.06910188483854335	0.2046571976625209	0.0	0.0	0.0	0.0	0.0
metabat_ERR6282383.84	0.0	0.0	0.0	0.0	0.0	0.36381920920276006	0.0	0.0	0.0	0.0	0.0
metabat_ERR6282383.6_sub	0.0	0.15650634046089695	0.1738570304097177	0.0	0.0	0.0	0.0	0.08759417213157522	0.0	0.0	0.0
metabat_ERR6281997.12	0.0	0.0	0.0	0.0	0.0	1.3738250170970485	0.0	0.0	0.0	0.0	0.0
metabat_ERR6281942.41_sub	0.0	1.0474294159049333	0.0	0.0	0.0	0.0	0.0	0.36613508702822894	0.0	0.0	0.0
metabat_ERR6281751.21	0.0	0.24721805853664752	0.0	0.0	0.0	0.0	0.0	0.0	0.0	0.0	0.0
metabat_ERR6281658.13	0.0	0.0	0.406174504344146	0.0921536033186879	0.16141538910836764	0.0	0.14004039196120893	0.13708354160725306	0.31663367968592987	0.0	0.09801460143524644
metabat_ERR6281586.4	0.0	0.0	0.0	0.0	0.09993864774766602	0.0	0.0	0.0	0.0	0.0	0.0
metabat_ERR6281518.58_sub	0.14807614687435663	0.0	0.0	0.0	0.0	0.0	0.0	0.0	0.0	0.0	0.0
metabat_ERR6281518.30	0.0	0.0	0.0	0.0	0.0	0.0	0.0	0.0	0.0	0.0	0.09151657610335406
metabat_ERR6281505.14	0.0	0.0	0.0	0.19314918970802092	0.0	0.0	0.0	0.0	0.0	0.0	0.0
metabat_ERR6281434.55	0.0	0.0	0.0	0.0	0.0	0.0	0.0	0.0	0.0	0.10523248493661541	0.0
metabat_ERR6281433.28	0.0	0.6001594842736013	0.0	0.0	0.31704021857048026	0.0	0.0	1.1770131891352835	0.0	0.0	0.34429894125338356
metabat_ERR6281432.14	0.0	0.0	0.0	0.0	0.5450025010111056	0.0	0.0	0.0	0.0	0.0	0.0
metabat_ERR6281432.10	0.0	0.0	0.14877580211238575	0.0	0.0	0.0	0.0	0.0	0.0	0.0	0.0
metabat_ERR6281341.9	0.0	0.0	0.0	0.0	0.0	0.0	0.0	0.10539165642833401	0.0	0.0	0.0
metabat_ERR6281000.20	0.0	0.0	0.0	0.0	0.10048800700305753	0.0	0.0	0.0	0.0	0.1269873711402436	0.0
metabat_ERR6280948.5	0.0	0.0	0.0	0.0	0.0	0.0	0.0	0.0	0.0	0.0	0.2997931672146173
metabat_ERR6279677.5	0.0	0.6984420812465891	0.0	0.0	0.0	0.0	0.0	0.0	0.0	0.0	0.0
metabat_ERR6279677.10	0.0	1.277366319221037	0.0	0.0	0.0	0.0	0.0	0.35855744059277617	0.0	0.0	0.0
metabat_ERR6279672.14	0.570730178323927	0.0	0.0	0.0	0.6382987475326798	0.0	0.0	0.0	0.0	0.0	0.3074914170251407
metabat_ERR6279671.9	0.0	0.0	0.0	0.0	0.0	0.44964556316779725	0.0	0.0	0.0	0.0	0.0
metabat_ERR6279657.79	0.0	0.0	0.0	0.0	0.0	3.469259585605811	0.0	0.2068086251852832	0.0	0.0	0.0
metabat_ERR6279654.3_sub	0.0	0.0	0.0	0.0	0.5432966292626605	0.0	0.0	0.0	0.0	0.0	0.0
metabat_ERR6279654.19	0.0	0.0	0.09240312337726082	0.0	0.0	0.0	0.0	0.0	0.0	0.0	0.0
metabat_ERR6279627.10	0.0	0.0	0.0	0.0	0.5309047096986126	0.0	0.0	0.0	0.0	0.0	0.08467990414862922
metabat_ERR6279625.46	0.0	0.0	0.0	0.0	0.0	0.0	0.0	0.11934837736583209	0.0	0.0	0.1446013282517847
metabat_ERR6279625.36	0.0	0.0	0.0	0.0	0.0	0.0	0.0	0.11142137142680263	0.0	0.0	0.0
metabat_ERR6279624.6_sub	0.0	0.0	0.10004458349807864	0.0	0.0	0.0	0.0	0.0	0.0	0.0	0.0
metabat_ERR6279619.32	0.0	0.0	0.0	0.0	0.13278211636359646	0.4259321677101383	0.0	0.0	0.0	0.0	0.0
metabat_ERR6279614.12_sub	0.0	0.9680721439042378	0.0	0.0	0.0	0.0	0.0	0.0	0.0	0.0	0.0
metabat_ERR6275681.8	0.08236402802018522	0.0	0.0	0.19203036428146403	0.0	0.0	0.0	0.0	0.0	0.0	0.0
metabat_ERR6275679.20	0.0	0.0	0.0	0.0	0.13560208044649347	0.44576376902012554	0.0	0.0	0.0	0.0	0.0
metabat_ERR6275676.3	0.0	0.0	0.0	0.0	0.3295197469294009	0.5986728367617139	0.0	0.0	0.0	0.0	0.0
metabat_ERR6275675.32_sub	0.0	0.0	0.0	0.0	0.0	0.0	0.0	0.0	0.0	0.0	0.05809120946470526
metabat_ERR6275672.30	0.0	0.0	0.0	0.0	0.0	0.0	0.0	0.0	0.0	0.0	1.5628988918342572
metabat_ERR6275669.37	0.0	0.0	0.0	0.0	0.6442996209387757	0.0	0.0	0.0	0.0	0.0	0.0
metabat_ERR6275668.55	0.0	0.0	0.42174594673759364	0.0	0.0	0.0	0.0	0.0	0.0	0.0	0.0
metabat_ERR6275666.49	0.0	0.0	0.0	0.0	4.806893672692312	0.0	0.0	0.0	0.0	0.0	0.0
metabat_ERR6275665.22_sub	0.0	0.0	0.0	0.0	0.41105230896363415	0.0	0.0	0.0	0.0	0.0	0.0
metabat_ERR6275659.2	0.0	0.0	0.0	0.0	0.5072507500105179	0.27485295681844657	0.0	0.0	0.0	0.0	0.0
metabat_ERR6275652.18	0.0	0.0	0.0	0.0	0.21858630817983157	0.0	0.0	0.0	0.0	0.0	1.636122895158901
metabat_ERR6275652.12_sub	0.0	0.39299757572568816	0.0	0.0	0.26519997267250506	0.0	0.0	0.7291025534700737	0.0	0.0	0.20853600762519936
metabat_ERR6271719.4	0.0	0.0	0.0	0.0	0.19304645997375572	0.0	0.3948181306778292	0.0	0.0	0.0	1.4870443850398016
metabat_ERR6254871.61	0.0	0.0	0.0	0.0	0.0	0.0	0.0	0.3813776600346988	0.0	0.0	0.0
metabat_ERR6243880.3	0.0	0.0	0.0	0.20273054748286312	0.0	0.0	0.0	0.0	0.0	0.0	0.0
metabat_ERR6233692.1_sub	0.0	0.0	0.0	0.0	0.30797175003288013	0.0	0.0	0.0	0.0	0.0	0.15378832367569883
metabat_ERR6232687.8_sub	0.0	0.6003672329131517	0.2834686058639322	0.0	0.055345900243688864	0.0	0.0	0.0	0.0	0.0	0.0
metabat_ERR6232686.11	0.0	0.0	0.0	0.0	0.0	0.0	0.0	0.0	0.0	0.09080813929756645	0.0
metabat_ERR6232524.33_sub	0.0	0.0	0.0	0.0	0.0	0.3212689919685185	0.0	0.0	0.0	0.0	0.0
metabat_ERR6230326.9	0.0	0.0	0.10559835923104531	0.26169562595492124	0.0	0.0	0.0	0.0	0.11245422927411222	0.0	0.0
metabat_ERR2162222.11_sub	0.0	0.0	0.0	0.12613514195994596	0.0	0.10939458550082806	0.0	0.0	1.0409924128273171	0.0	0.0
metabat_ERR2162221.27	0.0	0.0	0.0	0.0	0.0	0.0	0.0	0.0	0.0	0.0	0.04876361640508199
metabat_ERR2162214.7	0.0	0.0	0.0	0.0	0.09777058259136345	0.0	0.0	0.0	0.0	0.0	0.0
metabat_ERR2162213.1	0.0	0.0	0.0	0.0	0.10793057870234965	0.0	0.0	0.0	0.0	0.0	0.0
metabat_ERR2162206.17	0.0	0.0	0.0	0.45163145637150603	0.0	0.0	0.0	0.0	0.0	0.0	0.0
metabat_ERR12406012.50_sub	0.0	0.0	0.0	0.0	0.0	0.6525280348280655	0.0	0.0	0.0	0.0	0.0
metabat_ERR12406012.5	0.0	0.0	0.0	0.0	0.09185708109300705	0.0	0.0	0.0	0.0	0.0	0.0
metabat_ERR12406010.8_sub	0.0	0.0	0.0	0.0	0.0	0.34424126762332047	0.0	0.0	0.0	0.0	0.0
metabat_ERR12406009.18	0.0	0.0	0.13456198716966158	0.0	0.0	0.07551147886602474	0.0	0.0	0.0	0.0	0.0
metabat_ERR12406005.5	0.0	0.0	0.0	0.0	0.0	0.09478695694568545	0.0	0.0	0.0	0.0	0.0
metabat_ERR12406002.11	0.0	0.0	0.0	0.0	0.28744647018362296	0.0	0.0	0.0	0.0	0.0	0.1318007800920346
metabat_ERR12406000.9	0.0	0.0	0.0	0.0	0.0	0.5925304958500474	0.0	0.0	0.0	0.0	0.0
metabat_ERR12406000.18	0.0	0.0	0.0	0.0	0.0	0.6480172725361787	0.0	0.0	0.0	0.0	0.0
metabat_ERR12405997.59	0.0	0.0	0.0	0.0	0.09999762752906442	0.0	0.0	0.0	0.0	0.0	0.0
metabat_ERR12405992.35_sub	0.0	0.0	0.0	0.0	0.0	0.32404480614217873	0.0	0.0	0.0	0.0	0.0
metabat_ERR12405992.29	0.0	0.0	0.0	0.0	0.0	0.6018899364546162	0.0	0.0	0.0	0.0	0.0
metabat_ERR12405990.2	0.0	0.0	0.0	0.0	0.0	0.0	0.0	0.0	0.0	2.348815456205853	0.0
metabat_ERR12405985.26	0.0	0.0	0.0	0.0	0.09969740956751079	0.0	0.0	0.0	0.0	0.0	0.0
metabat_ERR12405985.2	0.07861129677239515	0.12663665640549845	0.0	0.21095129523317596	0.0	0.0	0.0	0.0	0.0	0.0	0.0
metabat_ERR12405984.6	0.0	0.0	0.0	0.0	0.0	0.6001158086933457	0.0	0.0	0.0	0.0	0.0
metabat_ERR12405981.15	0.0	0.0	0.0	1.891409098484987	0.6027051853986033	0.0	1.0857024871656242	1.332715327331268	0.0	0.9821070464625087	0.0
metabat_ERR12405975.5_sub	3.433011893653853	0.0	4.348158864728261	7.370858912066461	0.904906181879792	0.15372034112040134	3.8476441360765463	2.4109694905466363	0.0	3.5136471024168165	0.43273782274677736
metabat_ERR12405974.29	0.059038126141586135	0.0	0.0	0.0	0.0	0.0	0.0	0.0	0.47702689621288435	0.0	0.0
metabat_ERR12405972.12	0.18291731527076022	0.0	0.0	0.0	0.0	0.0	0.0	0.0	0.0	0.0	0.0
metabat_ERR12405970.10	0.0	0.0	0.0	0.1739246435343619	0.0	0.0	0.0	0.0	0.0	0.0	0.0
metabat_ERR12405967.40_sub	0.0	0.0	0.29712437148718446	0.0	0.1220463853176068	0.0	0.0	0.11094687592667683	0.25546505467112673	0.0	0.06439232320210539
metabat_ERR12405966.8	0.0	0.0	0.0	0.0	0.0	0.0	0.0	0.0	0.0	0.0	0.2723596377932546
metabat_ERR12405966.18	0.0	0.6216298636480618	0.12111642522078747	0.0	0.0	0.0	0.0	0.0	0.11557657568515138	0.0	0.0
metabat_ERR12405956.16	0.0	0.0	0.0	0.32955480210226284	0.06432127528747023	0.0699085542450889	0.0	0.12776281761167058	0.0	1.7932393254444157	0.0
metabat_ERR12405954.8	0.0	0.0	0.0	0.0	0.0947637967494303	0.0	0.0	0.0	0.0	0.0	0.0
metabat_ERR12405952.30	0.0	0.0	0.0	0.0	0.0	0.0	0.0	0.0	0.0	0.0	0.17378883671358936
metabat_ERR12405949.23	0.0	0.17616039459075775	0.0	0.0	0.0	0.0	0.0	0.0	0.0	0.0	0.0
metabat_ERR12405947.20	0.0	0.0	0.0	0.0	0.22695879463863516	0.0	0.0	0.0	0.0	0.0	0.0
metabat_ERR12405947.12_sub	0.0	0.0	0.0	0.0	0.0	0.12564367133445564	0.0	0.0	0.0	0.0	0.08740722309283531
metabat_ERR12405943.30	0.0	0.0	0.0	0.0	0.0	0.4510282582425132	0.0	0.0	0.0	0.0	0.0
metabat_ERR12405939.30	0.0	0.0	0.0	0.1742463085288952	0.0	0.0	0.0	0.0	0.0	0.0	0.0
metabat_ERR12405933.43	0.0	0.0	2.4601954098615497	0.7563876180775196	0.20782447109441565	0.08627216242740127	0.0	1.3657770497031503	2.335164170902762	0.10591838298479854	0.1450727378115579
metabat_ERR12405932.24	0.0	0.0	0.0	0.0	0.0	0.4256421324504197	0.0	0.0	0.0	0.0	0.0
metabat_ERR12405930.6	0.0	0.0	0.0	0.0	0.1544704184221988	0.0	0.40070079755906185	0.0	0.0	0.0	1.3897523074877811
metabat_ERR12405924.12	0.0	0.0	0.0	0.0	0.0	0.06524758890097318	0.0	0.0	0.0	0.0	0.0
metabat_ERR12405923.25	0.0	0.0	0.9240420728787543	0.0	0.0	0.0	0.0	0.0	0.0	0.0	0.3446907441198892
metabat_ERR12405922.10_sub	0.0	0.0	0.0	0.49259838393947347	0.0	0.0	0.0	0.16549813684049142	0.0	0.0	0.0
metabat_ERR12405920.11_sub	0.0	0.14961661475525873	0.16738385911116951	0.0	0.0	0.0	0.0	0.10654238582459655	0.0	0.0	0.0
metabat_ERR12405920.1	0.0	0.0	0.0	0.0	0.0	0.0	0.0	0.4774093608468944	0.0	1.1046407601370345	0.0
metabat_ERR12405918.3	0.0	0.0	0.0	0.0	0.0	0.1179193483686531	0.0	0.0	0.0	0.0	0.0
metabat_ERR12405917.12	0.0	0.0	0.0	0.0	0.09827334987488885	0.0	0.0	0.0	0.0	0.0	0.0
metabat_ERR12405915.37	0.0	0.0	0.0	0.0	0.0	0.0	0.0	0.0	0.0	0.19239509964777593	0.0
metabat_ERR12405915.31	0.0	0.0	0.0	0.0	0.0	0.752908653371257	0.0	0.0	0.0	0.0	0.0
metabat_ERR12405914.16	0.0	0.0	0.0	0.0	0.0	0.15507707524841854	0.0	0.0	0.0	0.0	0.0
maxbin_SRR8387712.022	0.0	0.0	0.0	0.0	0.0	0.0	0.0	0.0	0.0	0.0	0.889731989592016
maxbin_SRR8387712.001	0.0	0.0	0.0	0.0	0.0	0.0	0.0	0.0	0.0	0.0	4.3485930345476325
maxbin_SRR8387710.024	0.0	0.0	0.0	0.0	0.0	0.0	0.0	0.0	0.0	1.764967275727993	0.0
maxbin_SRR8387710.003	0.0	0.0	0.0	0.0	0.0	0.0	0.0	0.0	0.0	2.528236171605616	0.0
maxbin_SRR8387707.009	0.0	0.0	0.139907338222121	0.2839221050093318	0.0	0.0	0.0	0.0	1.9546524233968448	0.0	0.0
maxbin_SRR8387707.004_sub	0.0	0.0	0.0	0.2258667370053529	0.1278722225423963	0.12980314125994732	0.0	0.0	2.7699621137650965	0.0	0.2500162385319179
maxbin_SRR8387707.003	0.0	0.0	0.0	0.0	0.0	0.0	0.0	0.0	12.059851323318691	0.0	0.0
maxbin_SRR8387683.026_sub	0.0	0.0	0.35648850331762594	0.0	0.0	0.6272396563157239	0.0	0.3775963999568596	0.0	0.0	0.0
maxbin_SRR8387683.016_sub	0.0	0.0	0.0	0.0	0.162362980313379	1.8625106868293317	0.0	0.0	0.0	0.0	0.0
maxbin_SRR8387683.015_sub	0.0	0.0	0.0	0.0	0.0	5.619326509113197	0.0	0.33594898226359393	0.0	0.0	0.0
maxbin_SRR8387681.017	0.0	0.0	0.0	0.0	1.3295919016226356	0.0	0.0	0.0	0.0	0.0	0.0
maxbin_SRR8387679.008	0.0	0.0	0.0	3.584304280317807	0.12778058684512436	0.40891110508439715	0.0	0.0	0.0	0.0	0.0
maxbin_SRR8387677.002_sub	0.0	0.0	4.51836618584026	0.0	0.0	0.0	0.0	0.0	0.0	0.0	0.0
maxbin_SRR8387676.033_sub	0.0	1.7023570971548636	0.0	0.0	0.0	0.0	0.0	0.0	0.0	0.0	0.0
maxbin_SRR8387676.013_sub	0.0	3.0022524537208617	0.0	0.0	0.0	0.0	0.0	0.0	0.0	0.0	0.0
maxbin_SRR8387676.006	0.0	2.540743981174615	0.0	0.0	0.0	0.0	0.0	0.0	0.0	0.0	0.0
maxbin_SRR8387659.002	5.707191950232629	0.0	0.0	0.0	0.0	0.0	0.0	0.0	0.0	0.0	0.0
maxbin_SRR6000949.071	0.0	0.0	0.13833551853996337	0.0	0.0	0.057556198887720074	0.0	0.0	0.0	0.0	0.0
maxbin_SRR6000947.039	0.0	0.0	0.0	0.0	0.0	0.0	0.0	0.21864135812540705	0.0	0.0	0.0
maxbin_SRR6000920.039	0.0	0.0	0.0	0.0	0.0	0.0	0.0	0.0	0.0	0.0	0.3171882770459895
maxbin_SRR6000869.050	0.0	0.0	0.0	0.0	0.0	0.0	0.0	0.09777229870652963	0.28754263413223696	0.0	0.057121624624301474
maxbin_SRR5930534.011	0.0	0.0	0.0	0.0	0.0	0.14594757900100913	0.0	0.0	0.0	0.0	0.0
maxbin_SRR5930533.002	0.9211279328958983	0.0	0.0	0.0	1.125097651849484	0.0	0.0	0.0	0.0	0.0	0.39586686285348766
maxbin_SRR5930518.019_sub	0.0	0.0	0.0	0.10733477751826809	0.0	0.08653848428745689	0.0	0.0	1.0174521505235607	0.0	0.0
maxbin_SRR5930515.007	0.0	0.0	0.0	0.4988783612905714	0.0	0.0	0.0	0.0	0.0	0.0	0.15683862232750787
maxbin_SRR5930508.026	0.0	0.0	0.0	0.0	0.6303018042426373	0.0	0.0	0.0	0.0	0.0	0.0936989186297369
maxbin_SRR5930508.014	0.0	0.0	0.0	0.0	0.0	0.0	0.0	0.5187341659514577	0.0	1.113224570944336	0.0
maxbin_SRR5930508.009	0.0	0.0	0.0	0.0	0.0	0.0	0.0	0.0	0.0	0.0	0.2586940787371461
maxbin_SRR5930507.045	0.0	0.0	0.0	0.0	0.1458672750140022	0.0	0.0	0.0	0.0	0.0	0.0
maxbin_SRR5930507.021	0.0	0.0	0.0	0.0	0.0	0.0	0.0	0.0	0.0	0.0	0.24767686304205738
maxbin_SRR5930506.040	0.0	0.0	0.0	0.0	0.0	0.0	0.0	4.798756358046154	0.0	0.7826282170202873	0.0
maxbin_SRR5930504.041	0.0	0.0	0.0	0.0	0.0	0.14877366328790373	0.0	0.0	0.0	0.0	0.0
maxbin_SRR5930504.027	0.1150976922821022	0.0	0.0	0.0	0.0	0.0	0.0	0.0	0.3299209654761272	0.0	0.0
maxbin_SRR5930501.087_sub	0.0	0.0	0.0	0.15135629949322738	0.0	0.0	0.0	0.0	0.0	0.0	0.0
maxbin_SRR5930501.002	0.0	0.0	0.0	0.0	0.16783813193864153	0.0	0.41894538228642847	0.0	0.0	0.0	1.445353426597832
maxbin_SRR5930497.004	0.0	0.0	0.7630226772183536	0.0	0.1624740163716199	0.0	0.0	0.4821200219570022	0.0	0.0	0.0
maxbin_SRR5930494.018	0.1464862008565551	0.0	0.0	0.0	0.0	0.11097458552585421	0.0	0.0	0.0	0.0	0.0
maxbin_SRR5930494.015_sub	0.0	0.0	0.0	0.0	0.0	0.0	0.0	1.7574039459665063	0.0	0.0	0.0
maxbin_SRR25825521.012_sub	0.0	0.0	0.0	0.0	0.6098945907713288	0.0	0.0	0.0	0.0	0.0	0.13754451885517494
maxbin_SRR25825518.002	0.0	0.0	0.0	0.0	0.0	0.0	0.0	0.0	2.472839418472803	0.0	0.0
maxbin_SRR25825512.008	0.0	0.3660841381566199	0.0	0.0	0.0	0.0	0.0	0.0	0.0	0.0	0.0
maxbin_SRR25825509.002	2.786139135450147	0.0	0.0	0.0	1.6376318263010263	0.0	0.0	1.4231817340112094	0.0	0.0	0.590879383707202
maxbin_SRR25825507.025_sub	0.0	0.0	0.0	0.0	0.0	0.0	0.0	0.0	0.0	0.31541930270989865	0.0
maxbin_SRR23364240.009_sub	0.0	0.0	0.0	0.0	0.1541714488718865	0.20655196581012908	0.0	0.0	0.0	0.0	0.22389868468340068
maxbin_SRR23364240.007	0.0	0.0	0.0	0.0	0.0	0.0	0.0	0.0	0.0	0.0	0.33695427162132396
maxbin_SRR23364229.004	0.0	0.6844817908637508	0.0	0.0	0.0	0.0	0.0	0.0	0.0	0.0	0.0
maxbin_SRR23364206.033_sub	0.0	0.0	0.0	0.0	0.1429899567823925	0.43176411364399797	0.0	0.0	0.0	0.0	0.0
maxbin_SRR23364204.002_sub	0.0	0.0	0.0	0.0	0.0	0.0	0.0	0.0	0.0	0.0	0.2484019474461598
maxbin_SRR23364183.008	0.0	0.0	0.0	0.0	0.17286661334954423	0.48906551557419625	0.0	0.0	0.0	0.0	0.0
maxbin_SRR23364176.009	0.0	0.0	0.0	0.0	0.0	0.6956306339443097	0.0	0.0	0.0	0.0	0.0
maxbin_SRR23364175.021_sub	0.0	0.0	0.0	0.0	0.0	0.0	0.0	0.0	0.0	0.0	0.09871104995608629
maxbin_SRR20881981.003	0.0	0.0	0.0	0.0	0.28299386787426994	0.0	0.0	0.6292208799121676	0.0	0.0	0.0
maxbin_SRR16554790.013_sub	0.0	0.0	0.0	0.4356635457782723	0.0	0.0	0.0	0.0	0.0	0.0	0.14334398425406644
maxbin_SRR16554789.001	0.0	0.0	0.0	0.0	0.4810349492102517	0.0	0.0	0.0	0.0	0.0	0.0
maxbin_SRR16554788.028_sub	0.0	0.0	0.0	0.0	0.0	0.0	1.9171020513203918	0.0	0.0	0.0	0.0
maxbin_SRR16554787.017_sub	0.0	0.0	0.0	0.0	0.12145128678289836	0.0	0.0	0.0	0.0	0.0	0.0
maxbin_SRR16554785.015	0.0	0.0	0.0	0.0	0.2071934605993396	0.0	0.0	0.0	0.0	0.0	0.1626191831961187
maxbin_SRR16554777.015	0.0	0.0	0.3950589015805718	0.0	0.0	0.0	0.0	0.13312539416076166	0.0	0.13703512862013523	0.0
maxbin_SRR16554775.001	0.0	0.0	0.0	2.6780238437267707	0.29469614549934603	0.0	2.1444870791463435	0.0	0.0	0.0	0.0
maxbin_SRR16554769.012	0.0	0.0	0.0	0.0	0.0	0.8000823670180679	0.0	0.0	0.0	0.0	0.0
maxbin_SRR16554766.008	0.0	0.0	0.0	0.0	0.0	0.12059869936545203	0.0	0.0	0.0	0.0	0.0
maxbin_SRR16554764.017	0.0	0.0	0.0	0.0	0.0	0.0	0.0	0.0	0.0	0.0	0.35830663885143005
maxbin_SRR16554760.005	0.0	0.0	0.0	0.0	0.0	0.6083547760030236	0.0	0.0	0.0	0.0	0.0
maxbin_SRR16554759.001	0.0	0.0	0.0	0.0	0.0	0.0	0.0	0.1894787096747976	0.0	1.03658090518599	0.0
maxbin_SRR16554755.007_sub	0.0	0.0	0.0	0.0	0.14712204575391805	0.0	0.0	0.0	0.0	0.0	0.20652221907351703
maxbin_SRR16554753.014	0.0	0.0	0.0	0.0	0.08694066102378523	0.0	0.0	0.0	0.0	0.0	0.0
maxbin_SRR16554744.010	0.0	0.0	0.0	0.0	0.0	0.30165324870670435	0.0	0.0	0.0	0.0	0.0
maxbin_SRR16554744.003	0.0	0.0	0.0	0.23481566024370804	0.0	0.0	0.0	0.0	0.0	0.0	0.0
maxbin_SRR16554738.006_sub	0.0	0.0	0.0	0.0	0.0	0.0	0.0	0.4148626942621295	0.0	0.0	0.0
maxbin_SRR16554733.009	0.0	0.0	0.0	0.0	0.0	0.17891910676087652	0.6084700585822824	1.1592250779973716	0.0	0.8838679546736176	0.0
maxbin_SRR16554728.024	1.0701757538991512	0.8646006615471783	0.0	0.0	0.0	0.0	0.0	0.0	0.0	0.0	0.0
maxbin_SRR16554722.014	0.0	0.0	0.0	0.0	0.0	0.0	0.0	0.0	0.0	0.0	0.2867005580573737
maxbin_SRR16554721.036	0.0	0.0	0.0	0.0	0.0	0.45104270073990455	0.0	0.0	0.0	0.0	0.0
maxbin_SRR16554715.022_sub	0.0	0.0	0.0	0.0	0.0	0.1239692294973146	0.0	0.0	0.0	0.0	0.0
maxbin_SRR16554707.013	0.0	0.0	0.0	0.0	0.08461375551936633	0.1450472574134799	0.0	0.0	0.0	0.0	0.0
maxbin_SRR16554686.012	0.6295356430865552	0.0	0.0	0.0	0.7528874845757093	0.0	0.0	0.0	0.0	0.0	0.395741104703597
maxbin_SRR16554671.015_sub	0.0	0.0	0.0	0.0	0.0	0.0	0.0	0.3229030380961667	0.0	0.0	0.0
maxbin_SRR16554671.002	0.29943120126898654	0.0	0.0	0.0	0.0	0.0	0.0	0.0	0.0	0.0	0.0
maxbin_SRR16554666.010_sub	0.0	0.0	0.0	0.0	0.5296769655206459	0.0	0.0	0.0	0.0	0.0	0.0
maxbin_SRR16554665.003	2.9077788662215625	0.0	0.0	0.0	0.6163521984722673	0.0	0.0	0.9675108518337923	0.0	0.0	0.7168600338957793
maxbin_SRR16554656.002	7.298591816707956	0.0	0.0	0.0	0.0	0.0	0.0	0.0	0.0	0.0	0.0
maxbin_SRR16554654.015	0.0	0.0	0.0	0.0	0.09675498303512527	0.0	0.0	0.0	0.0	0.0	0.2911448044748005
maxbin_SRR16554654.005	0.0	0.0	0.0	0.0	0.0	0.34595868554043235	0.0	0.0	0.0	0.0	0.0
maxbin_SRR16554652.022_sub	0.0	0.0	0.0	0.0	0.19313367147007138	0.0	0.0	0.0	0.0	0.0	0.12141138615756997
maxbin_SRR16554651.021_sub	0.0	0.0	0.2706128209248047	0.0	0.10489537391091405	0.0	0.0	0.0931149980915254	0.0	0.29355472062187643	0.0
maxbin_SRR16554647.016	0.0	0.0	0.0	0.0	0.0	0.11815263235093637	0.0	0.0	0.0	0.0	0.0
maxbin_SRR16554647.003	0.0	0.0	0.0	0.0	0.0	0.0	0.0	0.3677379664249916	0.0	0.0	0.0
maxbin_SRR16554641.006	0.0	0.0	0.0	0.0	0.0	0.0	0.0	0.0	0.0	0.0	0.12307143510279829
maxbin_SRR16554639.004	0.0	0.0	0.0	0.0	0.0	0.0	0.0	0.0	0.34908715520948713	0.0	0.0
maxbin_SRR16554628.020	0.0	0.0	0.0	0.0	0.0	0.0	0.0	0.26350266892498336	0.0	0.0	0.0
maxbin_SRR16168976.016_sub	0.0	0.0	0.0	0.0	0.2391722071338051	2.3123740959321504	0.0	0.0	0.0	0.0	0.0
maxbin_SRR16168941.009_sub	0.0	0.0	0.0	0.0	0.0	0.0	0.0	0.3497435965970605	0.0	0.0	0.0
maxbin_SRR16168929.017	0.0	0.0	0.0	0.0	0.0	0.0	0.0	0.0	0.0	0.0	0.2370075877843686
maxbin_SRR16168926.011	0.0	0.0	0.0	0.0	0.0	0.0	0.0	0.0	0.0	0.0	0.27585523470745416
maxbin_SRR16168920.025	0.0	0.0	0.0927742744404762	0.0	0.0	0.0	0.0	0.0	0.0	0.0	0.0
maxbin_SRR16168913.015	0.0	0.0	0.0	0.0	0.0	0.1840717741007834	0.6130847691998818	1.2051154079400632	0.0	1.0770813160058268	0.0
maxbin_SRR16168900.001	0.0	0.0	0.0	0.0	0.0	0.09764297261815783	0.0	0.0	0.0	0.0	0.0
maxbin_SRR13068851.002	0.0	0.0	0.0	0.0	0.0	0.7032698564424255	0.0	0.0	0.0	0.0	0.0
maxbin_SRR13068847.041_sub	0.0	0.0	0.0	0.0	0.0	0.0	0.0	0.0	0.0	0.0	0.2433135552763216
maxbin_SRR13068846.008	0.0	0.14932314084930448	0.0	0.0	0.0	0.0	0.0	0.0	0.0	0.0	0.0
maxbin_SRR13068834.015_sub	0.0	0.0	0.0	0.0	0.4004139393242128	0.0	0.0	0.0	0.0	0.0	0.0
maxbin_SRR13068818.010	0.0	0.0	0.0	0.0	0.6308963709955245	0.0	0.0	0.0	0.0	0.0	0.13042343477270316
maxbin_SRR13022453.007_sub	0.0	0.0	0.0	0.0	0.4297343678076677	0.0	0.0	0.0	0.0	0.0	0.0
maxbin_SRR13022427.016_sub	0.0	0.0	0.0	0.0	0.2670702061492558	0.0	0.0	0.0	0.0	0.0	0.12018362101190196
maxbin_SRR13022357.002	0.0	0.0	0.0	0.0	0.0	0.0	0.0	0.4176518646094252	0.0	0.9192813733836572	0.0
maxbin_SRR13022355.014	0.9129421552877985	0.0	0.0	3.509552697426503	1.367335511981238	1.917706279222062	2.2725074862291215	2.9888034892663033	4.853777535728642	1.721579938804559	0.0
maxbin_SRR13022336.003_sub	0.0	0.0	0.0	0.0	0.6454044321788984	0.0	0.0	1.3899955583255568	0.0	1.6071050507343863	0.0
maxbin_SRR13022258.012_sub	0.0	0.0	0.0	0.0	0.12912006851942337	0.36968080334369113	0.0	0.0	0.0	0.0	0.0
maxbin_SRR13022252.009_sub	0.0	0.0	0.0	0.0	0.0	0.34560103122708563	0.0	0.0	0.0	0.0	0.0
maxbin_SRR11413691.019	0.0	0.0	0.0	0.10583916791861844	0.0	0.2557646497931796	0.0	0.0	0.0	0.0	0.0
maxbin_SRR11413679.051_sub	0.0	0.0	0.0	0.0	0.0	0.0	0.22442316267696705	0.0	0.0	0.0	0.0
maxbin_SRR11413678.048	0.0	0.0	0.0	0.0	0.0	0.0	2.357462853201487	0.0	0.0	0.0	0.0
maxbin_SRR11413655.009_sub	0.29765670733378014	0.0	0.0	0.0	0.0993718303221826	0.0	0.0	0.0	0.0	0.0	0.0
maxbin_SRR11413655.005	2.48278376476278	0.0	3.0367608893032405	5.246613783226001	0.6543903333551767	0.0	2.6116551566923443	1.7912586106377306	0.0	1.7731757768024667	0.29673181562401413
maxbin_SRR11413653.011	0.0	0.0	0.3770210382606113	0.0	0.16463879020375582	0.0	0.0	0.4868683064061239	0.0	0.0	0.0
maxbin_SRR11413653.009	0.0	0.0	0.0	0.0	0.0	0.0	0.0	0.0	0.0	0.0	0.5963609172698241
maxbin_SRR11413649.010	0.0	2.21850455119497	0.0	0.0	0.0	0.0	0.0	0.0	0.0	0.0	0.0
maxbin_SRR11413646.006_sub	0.0	0.0	0.0	0.0	0.0	0.1156335707330637	0.0	0.0	0.0	0.0	0.0
maxbin_SRR11413645.052	0.0	0.0	0.0	0.0	0.0	0.3537129807740522	0.0	0.0	0.0	0.0	0.0
maxbin_SRR11413620.019	0.21415116300462703	0.0	0.0	0.0	0.17029654678280923	0.0	0.0	0.0	0.0	0.0	0.0
maxbin_SRR11413620.008	0.0	0.0	0.0	0.0	0.0	0.32891987559422414	0.0	0.0	0.0	0.0	0.0
maxbin_SRR11413617.028_sub	0.0	0.0	0.0	0.15585720329622843	0.0	0.0	0.0	0.0	0.0	0.0	0.0
maxbin_SRR11413615.014	0.0	0.0	0.0	0.0	0.0	0.11537678394370862	0.0	0.0	0.0	0.0	0.0
maxbin_SRR11413615.001	0.0	0.0	0.0	0.0	0.0	0.0	0.0	0.0	0.0	0.0	0.40499664553155423
maxbin_SRR11413614.004	0.16657638440819578	0.0	0.0	0.0	0.0	0.0	0.0	0.0	0.0	0.0	0.0
maxbin_SRR11413612.015_sub	0.0	2.027592749274317	0.0	0.0	0.0	0.0	0.0	0.0	0.0	0.0	0.0
maxbin_SRR11413607.019	0.0	0.0	0.884506233622924	0.0	0.0	0.0	0.0	0.0	0.0	0.0	0.33036192238737344
maxbin_ERR6282070.040_sub	0.0	0.0	0.0	0.0	0.5253738648304735	0.0	0.0	0.0	0.0	0.0	0.0
maxbin_ERR6281505.009	0.0	0.0	0.0	0.0	0.139845614069557	0.4199598950945125	0.0	0.0	0.0	0.0	0.0
maxbin_ERR6281500.022	0.15787450021005192	0.0	0.0	0.0	0.0	0.0	0.0	0.0	0.0	0.0	0.0
maxbin_ERR6281499.002	0.0	0.8435208771866408	0.0	0.0	0.0	0.0	0.0	0.0	0.0	0.0	0.0
maxbin_ERR6281342.028	0.0	0.0	0.0	0.0	0.4613299212546187	0.0	0.0	0.0	0.0	0.0	0.0
maxbin_ERR6281000.031_sub	0.0	0.3778881597313116	0.0	0.0	0.0	0.0	0.0	0.0	0.0	0.0	0.0
maxbin_ERR6279678.007	0.0	0.0	0.0	0.0	0.17855510610494577	0.3966181324002719	0.0	0.0	0.0	0.0	0.0
maxbin_ERR6279667.001	0.0	0.0	0.0	0.0	0.0	0.0	0.0	0.0	0.0	0.8781972852894342	0.0
maxbin_ERR6279660.001	0.0	0.0	0.15777142711556535	0.30545664771161984	0.0	0.0	0.0	0.0	0.14111321986111952	0.0	0.0
maxbin_ERR6279659.009_sub	0.0	0.0	0.0	0.7156043735797999	0.0	0.0	0.0	0.0	0.0	0.0	0.0
maxbin_ERR6279657.031_sub	0.0	0.0	0.0	0.0	0.13500027666960013	0.39743363961862904	0.0	0.0	0.0	0.0	0.0
maxbin_ERR6279655.020	0.0	0.0	0.0	0.18386054516674744	0.0	0.0	0.0	0.0	0.0	0.0	0.0
maxbin_ERR6279625.013_sub	0.0	0.0	0.0	0.0	0.46297888994324987	0.0	0.0	0.0	0.0	0.0	0.0
maxbin_ERR6275673.009_sub	0.0	0.0	0.0	0.0	0.23134043365461923	0.0	0.0	0.0	0.0	0.0	0.169222473988486
maxbin_ERR6275667.027	0.0	0.0	0.0	0.0	0.10334170331692168	0.12300026609411796	0.0	0.0	0.6666386481667336	0.0	0.2100285981071673
maxbin_ERR6275666.011_sub	0.0	0.0	0.0	0.0	0.0	0.0	0.0	0.0	0.0	0.0	0.264892731103793
maxbin_ERR6271719.005_sub	0.0	0.0	0.0	0.0	0.1262937412216992	0.46390618987566173	0.0	0.0	0.0	0.0	0.0
maxbin_ERR6267712.014_sub	0.0	0.0	0.0	0.0	0.19032217536137921	0.604006726815575	0.0	0.0	0.0	0.0	0.0
maxbin_ERR6264280.016_sub	0.0	0.0	0.0	0.0	0.0	0.0	0.0	0.0	0.0	0.0	0.2910781159028285
maxbin_ERR6257997.027	0.0	0.42616693900170727	0.0	0.0	0.0	0.0	0.0	0.0	0.0	0.0	0.0
maxbin_ERR6257997.018	0.0	0.0	0.0	0.0	0.0	0.0	0.0	0.0	0.18230177460596472	0.0	0.0
maxbin_ERR6235718.012	0.0	0.0	0.0	0.0	0.16699472552879668	0.42488929678725906	0.0	0.0	0.0	0.0	0.0
maxbin_ERR6233695.024_sub	0.0	0.0	0.0	0.0	0.0	0.0	0.0	0.0	0.0	0.0	0.3073162677800514
maxbin_ERR6232528.007	0.0	0.0	0.0	0.0	0.0	0.0	0.0	0.0	0.0	0.0	0.30849705029981866
maxbin_ERR6232523.003	0.0	0.0	2.0532230086388616	0.0	0.0	0.0	0.0	0.0	0.0	0.0	0.0
maxbin_ERR6232522.003	0.0	0.0	0.0	0.0	0.0	0.0	0.0	0.0	0.0	0.0	0.3003366609251544
maxbin_ERR6232518.013	0.0	0.0	0.0	0.0	0.0	0.0	0.0	0.1995733189425187	0.0	0.0	0.0
maxbin_ERR2162223.012	0.14499437534976492	0.6763740865836811	0.3127980755383837	0.1592650922965718	0.0	0.0	0.156630321425271	0.15024934188235797	0.29633653425209056	0.0	0.0
maxbin_ERR2162217.001	0.0	0.0	0.0	0.0	1.2066721705746808	0.0	0.0	0.0	0.0	0.5433886256517312	0.9359049000735676
maxbin_ERR2162214.002	0.0	0.0	0.0	0.0	0.349872275549253	0.0	0.0	0.0	0.0	0.0	0.0
maxbin_ERR12406011.031	0.0	0.0	0.0	0.0	0.0	0.31857275515585637	0.0	0.0	0.0	0.0	0.0
maxbin_ERR12406009.001	0.0	0.0	0.0	0.0	0.4525565297593277	0.0	0.0	0.0	0.0	0.0	0.0
maxbin_ERR12406000.010	0.0	0.0	0.0	0.0	0.15935749735549926	0.0	0.4137775931155084	0.0	0.0	0.0	1.6133147171136573
maxbin_ERR12405991.007	0.0	0.0	0.0	0.0	0.0	0.0	0.0	0.0	0.0	0.0	0.38828816209995576
maxbin_ERR12405986.012	0.0	0.0	0.0	0.0	0.14056795333193103	0.3925198983240877	0.0	0.0	0.0	0.0	0.0
maxbin_ERR12405985.002_sub	0.0	0.0	0.0	0.0	0.231713708076296	0.0	0.0	0.4940090920454672	0.0	0.0	0.0
maxbin_ERR12405972.021	0.0	0.0	0.0	0.0	0.0	0.0	0.0	0.0	0.0	0.0	0.28723496423926065
maxbin_ERR12405967.017	0.0	0.0	0.0	0.0	0.0	0.0	0.0	0.0	0.0	0.3621140877908273	0.0
maxbin_ERR12405965.008	0.0	0.0	0.0	0.0	0.9750370560401747	0.0	0.0	0.0	0.0	0.0	1.7086737397934046
maxbin_ERR12405964.003	0.0	0.0	0.1277650511258445	0.0	0.0	0.06012373397466542	0.0	0.0	0.0	0.0	0.0
maxbin_ERR12405962.011_sub	2.4715551437260372	0.0	0.0	0.0	0.6268284598041395	0.0	0.0	1.1363422100840617	0.0	0.0	0.5523252596230602
maxbin_ERR12405958.009_sub	0.0	0.0	1.398465712600524	0.0	0.0	0.0	0.0	0.0	0.0	0.0	0.0
maxbin_ERR12405949.018	0.0	0.0	0.0	0.0	0.06384658398313613	0.0	0.0	0.07811718325157045	0.0	0.0	0.0
maxbin_ERR12405949.005	0.0	0.0	0.0	0.0	0.0	0.09713676713359597	0.0	0.0	0.0	0.0	0.0
maxbin_ERR12405929.007	0.0	0.0	0.0	0.0	0.0	0.0	0.0	0.0	0.0	0.0	1.6013006998605224
maxbin_ERR12405924.017	0.0	0.0	0.8884072203082446	0.0	0.0	0.0	0.0	0.13129636251208526	0.0	0.0	0.33182543065148606
